#NTIMES: 1
#NWAVE: 11050
#TIMES[d]: 200.0
#wavelength[Ang] flux_t0[erg/s/Ang] flux_t1[erg/s/Ang] ... flux_tn[erg/s/Ang]
4.000000000000000000e+02 0.000000000000000000e+00
4.001499999999999773e+02 0.000000000000000000e+00
4.003000000000000114e+02 0.000000000000000000e+00
4.004499999999999886e+02 0.000000000000000000e+00
4.006000000000000227e+02 0.000000000000000000e+00
4.007509999999999764e+02 0.000000000000000000e+00
4.009010000000000105e+02 0.000000000000000000e+00
4.010509999999999877e+02 0.000000000000000000e+00
4.012019999999999982e+02 0.000000000000000000e+00
4.013519999999999754e+02 0.000000000000000000e+00
4.015029999999999859e+02 0.000000000000000000e+00
4.016530000000000200e+02 0.000000000000000000e+00
4.018039999999999736e+02 0.000000000000000000e+00
4.019540000000000077e+02 0.000000000000000000e+00
4.021050000000000182e+02 0.000000000000000000e+00
4.022559999999999718e+02 0.000000000000000000e+00
4.024069999999999823e+02 0.000000000000000000e+00
4.025579999999999927e+02 0.000000000000000000e+00
4.027090000000000032e+02 0.000000000000000000e+00
4.028600000000000136e+02 0.000000000000000000e+00
4.030110000000000241e+02 0.000000000000000000e+00
4.031619999999999777e+02 0.000000000000000000e+00
4.033129999999999882e+02 0.000000000000000000e+00
4.034639999999999986e+02 0.000000000000000000e+00
4.036159999999999854e+02 0.000000000000000000e+00
4.037669999999999959e+02 0.000000000000000000e+00
4.039180000000000064e+02 0.000000000000000000e+00
4.040699999999999932e+02 0.000000000000000000e+00
4.042210000000000036e+02 0.000000000000000000e+00
4.043729999999999905e+02 0.000000000000000000e+00
4.045249999999999773e+02 0.000000000000000000e+00
4.046759999999999877e+02 0.000000000000000000e+00
4.048279999999999745e+02 0.000000000000000000e+00
4.049800000000000182e+02 0.000000000000000000e+00
4.051320000000000050e+02 0.000000000000000000e+00
4.052839999999999918e+02 0.000000000000000000e+00
4.054359999999999786e+02 0.000000000000000000e+00
4.055880000000000223e+02 0.000000000000000000e+00
4.057400000000000091e+02 0.000000000000000000e+00
4.058919999999999959e+02 0.000000000000000000e+00
4.060439999999999827e+02 0.000000000000000000e+00
4.061960000000000264e+02 0.000000000000000000e+00
4.063489999999999895e+02 0.000000000000000000e+00
4.065009999999999764e+02 0.000000000000000000e+00
4.066530000000000200e+02 0.000000000000000000e+00
4.068059999999999832e+02 0.000000000000000000e+00
4.069590000000000032e+02 0.000000000000000000e+00
4.071109999999999900e+02 0.000000000000000000e+00
4.072640000000000100e+02 0.000000000000000000e+00
4.074169999999999732e+02 0.000000000000000000e+00
4.075690000000000168e+02 0.000000000000000000e+00
4.077219999999999800e+02 0.000000000000000000e+00
4.078750000000000000e+02 0.000000000000000000e+00
4.080280000000000200e+02 0.000000000000000000e+00
4.081809999999999832e+02 0.000000000000000000e+00
4.083340000000000032e+02 0.000000000000000000e+00
4.084870000000000232e+02 0.000000000000000000e+00
4.086399999999999864e+02 0.000000000000000000e+00
4.087939999999999827e+02 0.000000000000000000e+00
4.089470000000000027e+02 0.000000000000000000e+00
4.091000000000000227e+02 0.000000000000000000e+00
4.092540000000000191e+02 0.000000000000000000e+00
4.094069999999999823e+02 0.000000000000000000e+00
4.095609999999999786e+02 0.000000000000000000e+00
4.097139999999999986e+02 0.000000000000000000e+00
4.098679999999999950e+02 0.000000000000000000e+00
4.100219999999999914e+02 0.000000000000000000e+00
4.101750000000000114e+02 0.000000000000000000e+00
4.103290000000000077e+02 0.000000000000000000e+00
4.104830000000000041e+02 0.000000000000000000e+00
4.106370000000000005e+02 0.000000000000000000e+00
4.107909999999999968e+02 0.000000000000000000e+00
4.109449999999999932e+02 0.000000000000000000e+00
4.110989999999999895e+02 0.000000000000000000e+00
4.112529999999999859e+02 0.000000000000000000e+00
4.114080000000000155e+02 0.000000000000000000e+00
4.115620000000000118e+02 0.000000000000000000e+00
4.117160000000000082e+02 0.000000000000000000e+00
4.118709999999999809e+02 0.000000000000000000e+00
4.120249999999999773e+02 0.000000000000000000e+00
4.121789999999999736e+02 0.000000000000000000e+00
4.123340000000000032e+02 0.000000000000000000e+00
4.124889999999999759e+02 0.000000000000000000e+00
4.126429999999999723e+02 0.000000000000000000e+00
4.127980000000000018e+02 0.000000000000000000e+00
4.129529999999999745e+02 0.000000000000000000e+00
4.131080000000000041e+02 0.000000000000000000e+00
4.132629999999999768e+02 0.000000000000000000e+00
4.134180000000000064e+02 0.000000000000000000e+00
4.135729999999999791e+02 0.000000000000000000e+00
4.137280000000000086e+02 0.000000000000000000e+00
4.138829999999999814e+02 0.000000000000000000e+00
4.140380000000000109e+02 0.000000000000000000e+00
4.141929999999999836e+02 0.000000000000000000e+00
4.143489999999999895e+02 0.000000000000000000e+00
4.145040000000000191e+02 0.000000000000000000e+00
4.146600000000000250e+02 0.000000000000000000e+00
4.148149999999999977e+02 0.000000000000000000e+00
4.149710000000000036e+02 0.000000000000000000e+00
4.151259999999999764e+02 0.000000000000000000e+00
4.152819999999999823e+02 0.000000000000000000e+00
4.154379999999999882e+02 0.000000000000000000e+00
4.155930000000000177e+02 0.000000000000000000e+00
4.157490000000000236e+02 0.000000000000000000e+00
4.159049999999999727e+02 0.000000000000000000e+00
4.160609999999999786e+02 0.000000000000000000e+00
4.162169999999999845e+02 0.000000000000000000e+00
4.163729999999999905e+02 0.000000000000000000e+00
4.165289999999999964e+02 0.000000000000000000e+00
4.166859999999999786e+02 0.000000000000000000e+00
4.168419999999999845e+02 0.000000000000000000e+00
4.169979999999999905e+02 0.000000000000000000e+00
4.171549999999999727e+02 0.000000000000000000e+00
4.173109999999999786e+02 0.000000000000000000e+00
4.174669999999999845e+02 0.000000000000000000e+00
4.176240000000000236e+02 0.000000000000000000e+00
4.177810000000000059e+02 0.000000000000000000e+00
4.179370000000000118e+02 0.000000000000000000e+00
4.180939999999999941e+02 0.000000000000000000e+00
4.182509999999999764e+02 0.000000000000000000e+00
4.184080000000000155e+02 0.000000000000000000e+00
4.185649999999999977e+02 0.000000000000000000e+00
4.187210000000000036e+02 0.000000000000000000e+00
4.188790000000000191e+02 0.000000000000000000e+00
4.190360000000000014e+02 0.000000000000000000e+00
4.191929999999999836e+02 0.000000000000000000e+00
4.193500000000000227e+02 0.000000000000000000e+00
4.195070000000000050e+02 0.000000000000000000e+00
4.196639999999999873e+02 0.000000000000000000e+00
4.198220000000000027e+02 0.000000000000000000e+00
4.199789999999999850e+02 0.000000000000000000e+00
4.201370000000000005e+02 0.000000000000000000e+00
4.202939999999999827e+02 0.000000000000000000e+00
4.204519999999999982e+02 0.000000000000000000e+00
4.206100000000000136e+02 0.000000000000000000e+00
4.207669999999999959e+02 0.000000000000000000e+00
4.209250000000000114e+02 0.000000000000000000e+00
4.210830000000000268e+02 0.000000000000000000e+00
4.212409999999999854e+02 0.000000000000000000e+00
4.213990000000000009e+02 0.000000000000000000e+00
4.215570000000000164e+02 0.000000000000000000e+00
4.217149999999999750e+02 0.000000000000000000e+00
4.218729999999999905e+02 0.000000000000000000e+00
4.220310000000000059e+02 0.000000000000000000e+00
4.221899999999999977e+02 0.000000000000000000e+00
4.223480000000000132e+02 0.000000000000000000e+00
4.225059999999999718e+02 0.000000000000000000e+00
4.226650000000000205e+02 0.000000000000000000e+00
4.228229999999999791e+02 0.000000000000000000e+00
4.229820000000000277e+02 0.000000000000000000e+00
4.231399999999999864e+02 0.000000000000000000e+00
4.232989999999999782e+02 0.000000000000000000e+00
4.234580000000000268e+02 0.000000000000000000e+00
4.236170000000000186e+02 0.000000000000000000e+00
4.237749999999999773e+02 0.000000000000000000e+00
4.239340000000000259e+02 0.000000000000000000e+00
4.240930000000000177e+02 0.000000000000000000e+00
4.242520000000000095e+02 0.000000000000000000e+00
4.244110000000000014e+02 0.000000000000000000e+00
4.245710000000000264e+02 0.000000000000000000e+00
4.247300000000000182e+02 0.000000000000000000e+00
4.248890000000000100e+02 0.000000000000000000e+00
4.250480000000000018e+02 0.000000000000000000e+00
4.252080000000000268e+02 0.000000000000000000e+00
4.253670000000000186e+02 0.000000000000000000e+00
4.255269999999999868e+02 0.000000000000000000e+00
4.256859999999999786e+02 0.000000000000000000e+00
4.258460000000000036e+02 0.000000000000000000e+00
4.260059999999999718e+02 0.000000000000000000e+00
4.261650000000000205e+02 0.000000000000000000e+00
4.263249999999999886e+02 0.000000000000000000e+00
4.264850000000000136e+02 0.000000000000000000e+00
4.266449999999999818e+02 0.000000000000000000e+00
4.268050000000000068e+02 0.000000000000000000e+00
4.269649999999999750e+02 0.000000000000000000e+00
4.271250000000000000e+02 0.000000000000000000e+00
4.272850000000000250e+02 0.000000000000000000e+00
4.274460000000000264e+02 0.000000000000000000e+00
4.276059999999999945e+02 0.000000000000000000e+00
4.277660000000000196e+02 0.000000000000000000e+00
4.279270000000000209e+02 0.000000000000000000e+00
4.280869999999999891e+02 0.000000000000000000e+00
4.282479999999999905e+02 0.000000000000000000e+00
4.284080000000000155e+02 0.000000000000000000e+00
4.285690000000000168e+02 0.000000000000000000e+00
4.287300000000000182e+02 0.000000000000000000e+00
4.288899999999999864e+02 0.000000000000000000e+00
4.290509999999999877e+02 0.000000000000000000e+00
4.292119999999999891e+02 0.000000000000000000e+00
4.293729999999999905e+02 0.000000000000000000e+00
4.295339999999999918e+02 0.000000000000000000e+00
4.296949999999999932e+02 0.000000000000000000e+00
4.298559999999999945e+02 0.000000000000000000e+00
4.300179999999999723e+02 0.000000000000000000e+00
4.301789999999999736e+02 0.000000000000000000e+00
4.303399999999999750e+02 0.000000000000000000e+00
4.305009999999999764e+02 0.000000000000000000e+00
4.306630000000000109e+02 0.000000000000000000e+00
4.308240000000000123e+02 0.000000000000000000e+00
4.309859999999999900e+02 0.000000000000000000e+00
4.311480000000000246e+02 0.000000000000000000e+00
4.313090000000000259e+02 0.000000000000000000e+00
4.314710000000000036e+02 0.000000000000000000e+00
4.316329999999999814e+02 0.000000000000000000e+00
4.317950000000000159e+02 0.000000000000000000e+00
4.319569999999999936e+02 0.000000000000000000e+00
4.321190000000000282e+02 0.000000000000000000e+00
4.322810000000000059e+02 0.000000000000000000e+00
4.324429999999999836e+02 0.000000000000000000e+00
4.326050000000000182e+02 0.000000000000000000e+00
4.327669999999999959e+02 0.000000000000000000e+00
4.329289999999999736e+02 0.000000000000000000e+00
4.330919999999999845e+02 0.000000000000000000e+00
4.332540000000000191e+02 0.000000000000000000e+00
4.334169999999999732e+02 0.000000000000000000e+00
4.335790000000000077e+02 0.000000000000000000e+00
4.337420000000000186e+02 0.000000000000000000e+00
4.339039999999999964e+02 0.000000000000000000e+00
4.340670000000000073e+02 0.000000000000000000e+00
4.342300000000000182e+02 0.000000000000000000e+00
4.343929999999999723e+02 0.000000000000000000e+00
4.345559999999999832e+02 0.000000000000000000e+00
4.347189999999999941e+02 0.000000000000000000e+00
4.348820000000000050e+02 0.000000000000000000e+00
4.350450000000000159e+02 0.000000000000000000e+00
4.352080000000000268e+02 0.000000000000000000e+00
4.353709999999999809e+02 0.000000000000000000e+00
4.355339999999999918e+02 0.000000000000000000e+00
4.356979999999999791e+02 0.000000000000000000e+00
4.358609999999999900e+02 0.000000000000000000e+00
4.360240000000000009e+02 0.000000000000000000e+00
4.361879999999999882e+02 0.000000000000000000e+00
4.363519999999999754e+02 0.000000000000000000e+00
4.365149999999999864e+02 0.000000000000000000e+00
4.366789999999999736e+02 0.000000000000000000e+00
4.368430000000000177e+02 0.000000000000000000e+00
4.370059999999999718e+02 0.000000000000000000e+00
4.371700000000000159e+02 0.000000000000000000e+00
4.373340000000000032e+02 0.000000000000000000e+00
4.374979999999999905e+02 0.000000000000000000e+00
4.376619999999999777e+02 0.000000000000000000e+00
4.378260000000000218e+02 0.000000000000000000e+00
4.379909999999999854e+02 0.000000000000000000e+00
4.381549999999999727e+02 0.000000000000000000e+00
4.383190000000000168e+02 0.000000000000000000e+00
4.384839999999999804e+02 0.000000000000000000e+00
4.386480000000000246e+02 0.000000000000000000e+00
4.388120000000000118e+02 0.000000000000000000e+00
4.389769999999999754e+02 0.000000000000000000e+00
4.391419999999999959e+02 0.000000000000000000e+00
4.393059999999999832e+02 0.000000000000000000e+00
4.394710000000000036e+02 0.000000000000000000e+00
4.396360000000000241e+02 0.000000000000000000e+00
4.398009999999999877e+02 0.000000000000000000e+00
4.399660000000000082e+02 0.000000000000000000e+00
4.401309999999999718e+02 0.000000000000000000e+00
4.402959999999999923e+02 0.000000000000000000e+00
4.404610000000000127e+02 0.000000000000000000e+00
4.406259999999999764e+02 0.000000000000000000e+00
4.407909999999999968e+02 0.000000000000000000e+00
4.409569999999999936e+02 0.000000000000000000e+00
4.411220000000000141e+02 0.000000000000000000e+00
4.412869999999999777e+02 0.000000000000000000e+00
4.414529999999999745e+02 0.000000000000000000e+00
4.416179999999999950e+02 0.000000000000000000e+00
4.417839999999999918e+02 0.000000000000000000e+00
4.419499999999999886e+02 0.000000000000000000e+00
4.421150000000000091e+02 0.000000000000000000e+00
4.422810000000000059e+02 0.000000000000000000e+00
4.424470000000000027e+02 0.000000000000000000e+00
4.426129999999999995e+02 0.000000000000000000e+00
4.427789999999999964e+02 0.000000000000000000e+00
4.429449999999999932e+02 0.000000000000000000e+00
4.431109999999999900e+02 0.000000000000000000e+00
4.432769999999999868e+02 0.000000000000000000e+00
4.434429999999999836e+02 0.000000000000000000e+00
4.436100000000000136e+02 1.295598417643590543e+24
4.437760000000000105e+02 4.320669564337089407e+25
4.439420000000000073e+02 6.615978790729806485e+26
4.441089999999999804e+02 4.659510454033201448e+27
4.442760000000000105e+02 1.525854279194555682e+28
4.444420000000000073e+02 2.435789602979047411e+28
4.446089999999999804e+02 2.240263239347172053e+28
4.447749999999999773e+02 1.597190123950687264e+28
4.449420000000000073e+02 1.044992011629001636e+28
4.451089999999999804e+02 1.016618180207471820e+28
4.452760000000000105e+02 1.410645632857856482e+28
4.454429999999999836e+02 1.835829702497562746e+28
4.456100000000000136e+02 2.568580107928336686e+28
4.457769999999999868e+02 3.075541899151935377e+28
4.459440000000000168e+02 2.873473722072384696e+28
4.461120000000000232e+02 2.874126772718083883e+28
4.462789999999999964e+02 3.165624712268505311e+28
4.464460000000000264e+02 2.788447926142144569e+28
4.466139999999999759e+02 2.095700984392048625e+28
4.467810000000000059e+02 1.628160722810584689e+28
4.469490000000000123e+02 2.445170562343650451e+28
4.471159999999999854e+02 4.489891372396947888e+28
4.472839999999999918e+02 5.526041183178285638e+28
4.474519999999999982e+02 5.041002158098530235e+28
4.476190000000000282e+02 5.190825592319870285e+28
4.477869999999999777e+02 7.628637772908964808e+28
4.479549999999999841e+02 1.207943059265897295e+29
4.481229999999999905e+02 1.639210027586068632e+29
4.482909999999999968e+02 1.853984302626773303e+29
4.484590000000000032e+02 1.941624633402259057e+29
4.486279999999999859e+02 2.236854840529278960e+29
4.487959999999999923e+02 2.847454905459626573e+29
4.489639999999999986e+02 3.525930934440512211e+29
4.491320000000000050e+02 3.922680331587250626e+29
4.493009999999999877e+02 3.988528741767711638e+29
4.494689999999999941e+02 4.015885443761681312e+29
4.496379999999999768e+02 4.086662028019856445e+29
4.498070000000000164e+02 4.171012973937986662e+29
4.499750000000000227e+02 4.236843194998834518e+29
4.501440000000000055e+02 4.279591378191447975e+29
4.503129999999999882e+02 4.266365102970407673e+29
4.504820000000000277e+02 4.390966193578044648e+29
4.506510000000000105e+02 4.907804801254450457e+29
4.508199999999999932e+02 5.556307488750686678e+29
4.509889999999999759e+02 5.868088590939507349e+29
4.511580000000000155e+02 6.054292087254055816e+29
4.513269999999999982e+02 6.114881952074600540e+29
4.514959999999999809e+02 6.242227915383616443e+29
4.516650000000000205e+02 6.842713742879939533e+29
4.518349999999999795e+02 7.450247408761143072e+29
4.520040000000000191e+02 7.744982622979513356e+29
4.521739999999999782e+02 8.352377978753936519e+29
4.523430000000000177e+02 9.342837458883714448e+29
4.525129999999999768e+02 1.018690736053523765e+30
4.526829999999999927e+02 1.065477041707930632e+30
4.528519999999999754e+02 1.128055819549835468e+30
4.530219999999999914e+02 1.191003920249515744e+30
4.531920000000000073e+02 1.221600818213581750e+30
4.533620000000000232e+02 1.259411610657688310e+30
4.535319999999999823e+02 1.344554666354402383e+30
4.537019999999999982e+02 1.429981819749638497e+30
4.538720000000000141e+02 1.488421360695922459e+30
4.540419999999999732e+02 1.564626767432281330e+30
4.542130000000000223e+02 1.678406811695582913e+30
4.543829999999999814e+02 1.775537576509390893e+30
4.545529999999999973e+02 1.801223987492832943e+30
4.547239999999999895e+02 1.751921912257136552e+30
4.548940000000000055e+02 1.765991945602867073e+30
4.550649999999999977e+02 1.943306569243780553e+30
4.552359999999999900e+02 2.206177653734709645e+30
4.554060000000000059e+02 2.452483373951602970e+30
4.555769999999999982e+02 2.553252976947688217e+30
4.557479999999999905e+02 2.561404643901888117e+30
4.559189999999999827e+02 2.722004894560721353e+30
4.560899999999999750e+02 3.011957592078468967e+30
4.562610000000000241e+02 3.202032095499420185e+30
4.564320000000000164e+02 3.233688308100020073e+30
4.566030000000000086e+02 3.214312644587725130e+30
4.567740000000000009e+02 3.294456177099925802e+30
4.569460000000000264e+02 3.455780463221989072e+30
4.571170000000000186e+02 3.597010574445968537e+30
4.572880000000000109e+02 3.842384912445264976e+30
4.574599999999999795e+02 4.096557002316542525e+30
4.576320000000000050e+02 4.243009792430440469e+30
4.578029999999999973e+02 4.415788340557826774e+30
4.579750000000000227e+02 4.641581887291639320e+30
4.581469999999999914e+02 4.856486485522176678e+30
4.583179999999999836e+02 5.028954569066300984e+30
4.584900000000000091e+02 5.267327925783926092e+30
4.586619999999999777e+02 5.483373692607128883e+30
4.588340000000000032e+02 5.544420323269328877e+30
4.590059999999999718e+02 5.698207125192382560e+30
4.591779999999999973e+02 6.045825163576665617e+30
4.593509999999999991e+02 6.233253255250479258e+30
4.595230000000000246e+02 6.402631268352761334e+30
4.596949999999999932e+02 6.909445929477486621e+30
4.598670000000000186e+02 7.253902129776980188e+30
4.600400000000000205e+02 7.271712473891107474e+30
4.602119999999999891e+02 7.561276201111160688e+30
4.603849999999999909e+02 8.135121309635476859e+30
4.605579999999999927e+02 8.513220051530389451e+30
4.607300000000000182e+02 8.674625175260907835e+30
4.609030000000000200e+02 9.035362842891527733e+30
4.610760000000000218e+02 9.419041346752263847e+30
4.612490000000000236e+02 9.585791112381389409e+30
4.614220000000000255e+02 9.953449546823782738e+30
4.615950000000000273e+02 1.052157464258736522e+31
4.617679999999999723e+02 1.071710778525842387e+31
4.619409999999999741e+02 1.090612142948578578e+31
4.621139999999999759e+02 1.137551239460558514e+31
4.622880000000000109e+02 1.155945461536690879e+31
4.624610000000000127e+02 1.183907573274329507e+31
4.626340000000000146e+02 1.249689775932342548e+31
4.628079999999999927e+02 1.272940640826362319e+31
4.629820000000000277e+02 1.296313941005159123e+31
4.631549999999999727e+02 1.364525722916696663e+31
4.633290000000000077e+02 1.429835783401091273e+31
4.635029999999999859e+02 1.483277677207168295e+31
4.636759999999999877e+02 1.509191910907820721e+31
4.638500000000000227e+02 1.518542027569684746e+31
4.640240000000000009e+02 1.554149711395469036e+31
4.641979999999999791e+02 1.616607118075804728e+31
4.643720000000000141e+02 1.668377960010817256e+31
4.645459999999999923e+02 1.699601384505084880e+31
4.647210000000000036e+02 1.750248001893607833e+31
4.648949999999999818e+02 1.826284737800034718e+31
4.650690000000000168e+02 1.895068244169767995e+31
4.652440000000000282e+02 1.956047355689918301e+31
4.654180000000000064e+02 1.986635381436945770e+31
4.655930000000000177e+02 1.984248930624294370e+31
4.657669999999999959e+02 2.034568149319891437e+31
4.659420000000000073e+02 2.160034472581127827e+31
4.661170000000000186e+02 2.212409449642114216e+31
4.662909999999999968e+02 2.144788080488662883e+31
4.664660000000000082e+02 2.175540244305162948e+31
4.666410000000000196e+02 2.343568397563203381e+31
4.668159999999999741e+02 2.472740092268676783e+31
4.669909999999999854e+02 2.519717866766757753e+31
4.671659999999999968e+02 2.522084313099745260e+31
4.673419999999999845e+02 2.534051217906217109e+31
4.675169999999999959e+02 2.621048993216626968e+31
4.676920000000000073e+02 2.723606224572409206e+31
4.678679999999999950e+02 2.784101841388908653e+31
4.680430000000000064e+02 2.875391487400703739e+31
4.682180000000000177e+02 2.953636555139908348e+31
4.683940000000000055e+02 2.992101015984190651e+31
4.685699999999999932e+02 3.049967621405609395e+31
4.687450000000000045e+02 3.150142409078046529e+31
4.689209999999999923e+02 3.262571771728769262e+31
4.690969999999999800e+02 3.350815554127901729e+31
4.692730000000000246e+02 3.371628957835326882e+31
4.694490000000000123e+02 3.357288047943965553e+31
4.696250000000000000e+02 3.436553423119374212e+31
4.698009999999999877e+02 3.573054302089158199e+31
4.699769999999999754e+02 3.678907513067926527e+31
4.701539999999999964e+02 3.782467509159680062e+31
4.703299999999999841e+02 3.889067910794857340e+31
4.705059999999999718e+02 3.990385451134365897e+31
4.706829999999999927e+02 4.031525153864622683e+31
4.708589999999999804e+02 4.024622809848611758e+31
4.710360000000000014e+02 4.044189199017091066e+31
4.712119999999999891e+02 4.133591745893997137e+31
4.713890000000000100e+02 4.246222722385170147e+31
4.715659999999999741e+02 4.340966134010426206e+31
4.717429999999999950e+02 4.400833455088852654e+31
4.719200000000000159e+02 4.451271406167055465e+31
4.720969999999999800e+02 4.573169363455508073e+31
4.722740000000000009e+02 4.660735905894920862e+31
4.724510000000000218e+02 4.698149357439295189e+31
4.726279999999999859e+02 4.746839194424512702e+31
4.728050000000000068e+02 4.846037052869391980e+31
4.729820000000000277e+02 4.953785064330359147e+31
4.731600000000000250e+02 4.956528084359533198e+31
4.733369999999999891e+02 4.934358912090423602e+31
4.735149999999999864e+02 5.024550100331096756e+31
4.736920000000000073e+02 5.181866862556836183e+31
4.738700000000000045e+02 5.360326955562174096e+31
4.740480000000000018e+02 5.430266215668677719e+31
4.742250000000000227e+02 5.354793283532600344e+31
4.744030000000000200e+02 5.380866692984180081e+31
4.745810000000000173e+02 5.549702475220815813e+31
4.747590000000000146e+02 5.725388272317058410e+31
4.749370000000000118e+02 5.868748162213885687e+31
4.751150000000000091e+02 5.917999440599239404e+31
4.752930000000000064e+02 5.927613440801886746e+31
4.754719999999999800e+02 5.953960647132970609e+31
4.756499999999999773e+02 5.965255746962961880e+31
4.758279999999999745e+02 6.002188789336900314e+31
4.760070000000000050e+02 6.098358120334450509e+31
4.761850000000000023e+02 6.239386045279013242e+31
4.763639999999999759e+02 6.378288027722046704e+31
4.765419999999999732e+02 6.388323014039734133e+31
4.767210000000000036e+02 6.296370591521301169e+31
4.768999999999999773e+02 6.279208287726581925e+31
4.770790000000000077e+02 6.404748192027660361e+31
4.772579999999999814e+02 6.497841296209650589e+31
4.774370000000000118e+02 6.450475871830043961e+31
4.776159999999999854e+02 6.421331843817865553e+31
4.777950000000000159e+02 6.458871783189596382e+31
4.779739999999999895e+02 6.505690054626286792e+31
4.781530000000000200e+02 6.588334253996692245e+31
4.783319999999999936e+02 6.641187939376902999e+31
4.785120000000000005e+02 6.684507515440161154e+31
4.786909999999999741e+02 6.720694065724023526e+31
4.788709999999999809e+02 6.739555778222633605e+31
4.790500000000000114e+02 6.777846977926466270e+31
4.792300000000000182e+02 6.771433731494993671e+31
4.794100000000000250e+02 6.671661848854149650e+31
4.795899999999999750e+02 6.741715581573017721e+31
4.797690000000000055e+02 6.965934463878005929e+31
4.799490000000000123e+02 7.025610210858730873e+31
4.801290000000000191e+02 7.013226289102310777e+31
4.803090000000000259e+02 7.011961303214774197e+31
4.804889999999999759e+02 6.964631568102717552e+31
4.806700000000000159e+02 6.902251592274435009e+31
4.808500000000000227e+02 6.817740656470299284e+31
4.810299999999999727e+02 6.831552072104559904e+31
4.812110000000000127e+02 6.862859016608388046e+31
4.813910000000000196e+02 6.743295094875159036e+31
4.815720000000000027e+02 6.675985105099232069e+31
4.817520000000000095e+02 6.746690297646637019e+31
4.819329999999999927e+02 6.842976602232243403e+31
4.821129999999999995e+02 6.860722960226351034e+31
4.822939999999999827e+02 6.757200830523058677e+31
4.824750000000000227e+02 6.678457743789929240e+31
4.826560000000000059e+02 6.670813719883979971e+31
4.828369999999999891e+02 6.664743773164028564e+31
4.830179999999999723e+02 6.688047242862610210e+31
4.831990000000000123e+02 6.705877781466159403e+31
4.833799999999999955e+02 6.624474713142895788e+31
4.835620000000000118e+02 6.583017459644097220e+31
4.837429999999999950e+02 6.607802713126521249e+31
4.839239999999999782e+02 6.631521484899320527e+31
4.841059999999999945e+02 6.631163578899400233e+31
4.842869999999999777e+02 6.564026628849264273e+31
4.844689999999999941e+02 6.464241242541748358e+31
4.846510000000000105e+02 6.382036653410820496e+31
4.848330000000000268e+02 6.342378511151203249e+31
4.850140000000000100e+02 6.319122983768426097e+31
4.851960000000000264e+02 6.245450243886177893e+31
4.853779999999999859e+02 6.173898872643605651e+31
4.855600000000000023e+02 6.106387660816302631e+31
4.857420000000000186e+02 6.030343493426454399e+31
4.859239999999999782e+02 6.049797688050612259e+31
4.861070000000000277e+02 6.046530980847732456e+31
4.862889999999999873e+02 5.921368056558609103e+31
4.864710000000000036e+02 5.801234828721565140e+31
4.866539999999999964e+02 5.741202800980408707e+31
4.868360000000000127e+02 5.731915815308667512e+31
4.870190000000000055e+02 5.685117064850485288e+31
4.872010000000000218e+02 5.620988561104903043e+31
4.873840000000000146e+02 5.623773295619229873e+31
4.875670000000000073e+02 5.634981399465470393e+31
4.877500000000000000e+02 5.624042385044352241e+31
4.879329999999999927e+02 5.605092773277523556e+31
4.881159999999999854e+02 5.588774203670480044e+31
4.882989999999999782e+02 5.598300757087174826e+31
4.884820000000000277e+02 5.564836020284101373e+31
4.886650000000000205e+02 5.459675500629357469e+31
4.888480000000000132e+02 5.393380969378045084e+31
4.890310000000000059e+02 5.379365756340328170e+31
4.892149999999999750e+02 5.388868688663092879e+31
4.893980000000000246e+02 5.373727632196929672e+31
4.895819999999999936e+02 5.258982869843014950e+31
4.897649999999999864e+02 5.190396958463679271e+31
4.899490000000000123e+02 5.188330886806371088e+31
4.901329999999999814e+02 5.137737006002221143e+31
4.903170000000000073e+02 5.136173839216174760e+31
4.905009999999999764e+02 5.144719248100279096e+31
4.906840000000000259e+02 5.064490093366171169e+31
4.908679999999999950e+02 4.986118196852117884e+31
4.910529999999999973e+02 4.922843916637334958e+31
4.912370000000000232e+02 4.878277891766805649e+31
4.914209999999999923e+02 4.868493170795319096e+31
4.916050000000000182e+02 4.825091816530993049e+31
4.917900000000000205e+02 4.792387054142289062e+31
4.919739999999999895e+02 4.788930491336616148e+31
4.921580000000000155e+02 4.736856999930652551e+31
4.923430000000000177e+02 4.729716602214029324e+31
4.925280000000000200e+02 4.768833485482441730e+31
4.927119999999999891e+02 4.759265104957650646e+31
4.928969999999999914e+02 4.734803695532045192e+31
4.930819999999999936e+02 4.660047237072383928e+31
4.932669999999999959e+02 4.531815707230469732e+31
4.934519999999999982e+02 4.466920445278972586e+31
4.936370000000000005e+02 4.516065468456013695e+31
4.938220000000000027e+02 4.581830269042208983e+31
4.940070000000000050e+02 4.557334990190554924e+31
4.941920000000000073e+02 4.490876183628978119e+31
4.943779999999999859e+02 4.477942240196296020e+31
4.945629999999999882e+02 4.472990726010062995e+31
4.947490000000000236e+02 4.440414120175407271e+31
4.949340000000000259e+02 4.402245452560931093e+31
4.951200000000000045e+02 4.394762433671325592e+31
4.953050000000000068e+02 4.380563905919089301e+31
4.954909999999999854e+02 4.349418473859232984e+31
4.956770000000000209e+02 4.378830414738253101e+31
4.958629999999999995e+02 4.433287917143918881e+31
4.960489999999999782e+02 4.404275582972466182e+31
4.962350000000000136e+02 4.315387061054100022e+31
4.964209999999999923e+02 4.288301207903612574e+31
4.966070000000000277e+02 4.325965736310550723e+31
4.967930000000000064e+02 4.357870763127984446e+31
4.969800000000000182e+02 4.333570575965253096e+31
4.971659999999999968e+02 4.278469934170242481e+31
4.973519999999999754e+02 4.259603185449492362e+31
4.975389999999999873e+02 4.274621082782090342e+31
4.977250000000000227e+02 4.279222512083375834e+31
4.979119999999999777e+02 4.260979903342043774e+31
4.980989999999999895e+02 4.266777380450353743e+31
4.982860000000000014e+02 4.264928750270130317e+31
4.984719999999999800e+02 4.221626416046635360e+31
4.986589999999999918e+02 4.208414175646860259e+31
4.988460000000000036e+02 4.243704563525650083e+31
4.990330000000000155e+02 4.317737858372865034e+31
4.992210000000000036e+02 4.401019018150952323e+31
4.994080000000000155e+02 4.392919168843091701e+31
4.995950000000000273e+02 4.363953222697305637e+31
4.997819999999999823e+02 4.413110141157294475e+31
4.999700000000000273e+02 4.423219251373781233e+31
5.001569999999999823e+02 4.372028680369617047e+31
5.003450000000000273e+02 4.390078388866465971e+31
5.005319999999999823e+02 4.448265175177846908e+31
5.007200000000000273e+02 4.486500835894888322e+31
5.009080000000000155e+02 4.567643051704072813e+31
5.010960000000000036e+02 4.619982247047656149e+31
5.012839999999999918e+02 4.578429940391211503e+31
5.014719999999999800e+02 4.560738723399512527e+31
5.016600000000000250e+02 4.539115976160928509e+31
5.018480000000000132e+02 4.506385219620980231e+31
5.020360000000000014e+02 4.587806622336833004e+31
5.022239999999999895e+02 4.656350092114883293e+31
5.024130000000000109e+02 4.679955678612575863e+31
5.026009999999999991e+02 4.762108474232279785e+31
5.027900000000000205e+02 4.827681642362024413e+31
5.029780000000000086e+02 4.872205686744397537e+31
5.031669999999999732e+02 4.935887346645747226e+31
5.033550000000000182e+02 4.962970557165264208e+31
5.035439999999999827e+02 5.005522534419695884e+31
5.037330000000000041e+02 5.048463257443822545e+31
5.039220000000000255e+02 5.016257689048825470e+31
5.041109999999999900e+02 5.056710817163488369e+31
5.043000000000000114e+02 5.217204836074232121e+31
5.044889999999999759e+02 5.333856662940724261e+31
5.046779999999999973e+02 5.381534620721425819e+31
5.048670000000000186e+02 5.377682807017737024e+31
5.050570000000000164e+02 5.393452230057433094e+31
5.052459999999999809e+02 5.563196360579199634e+31
5.054359999999999786e+02 5.734698273689797724e+31
5.056250000000000000e+02 5.766571201369911689e+31
5.058149999999999977e+02 5.791962309977674252e+31
5.060040000000000191e+02 5.925992135034761501e+31
5.061940000000000168e+02 6.092637622614623187e+31
5.063840000000000146e+02 6.247406057195887556e+31
5.065740000000000123e+02 6.359232177060266418e+31
5.067640000000000100e+02 6.415844449420766003e+31
5.069540000000000077e+02 6.497464453986587113e+31
5.071440000000000055e+02 6.681495304122707070e+31
5.073340000000000032e+02 6.849293836449589935e+31
5.075240000000000009e+02 6.847901083369360794e+31
5.077149999999999750e+02 6.903684527426169163e+31
5.079049999999999727e+02 7.056215594097228586e+31
5.080960000000000036e+02 7.249955593336595083e+31
5.082860000000000014e+02 7.505410095601749825e+31
5.084769999999999754e+02 7.704563933840128563e+31
5.086669999999999732e+02 7.847741647362275367e+31
5.088580000000000041e+02 7.984060745323791093e+31
5.090489999999999782e+02 8.179379254694865311e+31
5.092400000000000091e+02 8.447171946047243216e+31
5.094309999999999832e+02 8.586776397018578291e+31
5.096220000000000141e+02 8.535423008429694105e+31
5.098129999999999882e+02 8.567554858382145248e+31
5.100040000000000191e+02 8.877030509476743042e+31
5.101949999999999932e+02 9.235505812299096346e+31
5.103870000000000005e+02 9.333556564883921979e+31
5.105779999999999745e+02 9.318111756121791158e+31
5.107699999999999818e+02 9.547988028350297333e+31
5.109610000000000127e+02 9.842625610390501346e+31
5.111530000000000200e+02 1.006332042495941556e+32
5.113439999999999941e+02 1.034403313735218126e+32
5.115360000000000014e+02 1.081837369237000343e+32
5.117280000000000086e+02 1.127128259956422951e+32
5.119200000000000159e+02 1.138732858052165297e+32
5.121119999999999663e+02 1.127152565010925410e+32
5.123039999999999736e+02 1.145782490737289720e+32
5.124959999999999809e+02 1.198285259692545101e+32
5.126879999999999882e+02 1.232171201853907611e+32
5.128809999999999718e+02 1.244090184930168125e+32
5.130729999999999791e+02 1.277902123509580476e+32
5.132649999999999864e+02 1.353561283922087271e+32
5.134579999999999700e+02 1.436225081108718474e+32
5.136499999999999773e+02 1.494439357813837467e+32
5.138429999999999609e+02 1.549834760916094875e+32
5.140359999999999445e+02 1.620979798334471468e+32
5.142279999999999518e+02 1.707803266359275232e+32
5.144210000000000491e+02 1.757057707664359771e+32
5.146140000000000327e+02 1.765375929093466622e+32
5.148070000000000164e+02 1.780609624607085655e+32
5.150000000000000000e+02 1.829934274705780394e+32
5.151929999999999836e+02 1.919381122580916623e+32
5.153859999999999673e+02 1.985379961236593065e+32
5.155800000000000409e+02 2.010501963174721143e+32
5.157730000000000246e+02 2.035795667699085498e+32
5.159660000000000082e+02 2.071901588533045565e+32
5.161599999999999682e+02 2.127655032093654131e+32
5.163540000000000418e+02 2.187739131685675952e+32
5.165470000000000255e+02 2.248229694491400587e+32
5.167409999999999854e+02 2.297922113123765087e+32
5.169349999999999454e+02 2.325994929958166186e+32
5.171290000000000191e+02 2.343673373941201621e+32
5.173220000000000027e+02 2.403761095842333954e+32
5.175159999999999627e+02 2.528980266457422924e+32
5.177100000000000364e+02 2.670220407853463367e+32
5.179049999999999727e+02 2.751781523967778732e+32
5.180990000000000464e+02 2.816595944750096827e+32
5.182930000000000064e+02 2.909423845386047276e+32
5.184869999999999663e+02 3.003131948072985758e+32
5.186820000000000164e+02 3.065280022731275789e+32
5.188759999999999764e+02 3.160248638547009177e+32
5.190710000000000264e+02 3.313750851611438191e+32
5.192659999999999627e+02 3.434770865011579267e+32
5.194600000000000364e+02 3.519166303743796047e+32
5.196549999999999727e+02 3.676885854788845704e+32
5.198500000000000227e+02 3.873587459552855990e+32
5.200449999999999591e+02 4.018069637075525004e+32
5.202400000000000091e+02 4.159057087621691999e+32
5.204349999999999454e+02 4.286706249667188267e+32
5.206299999999999955e+02 4.407442975131088794e+32
5.208260000000000218e+02 4.599495000780920229e+32
5.210209999999999582e+02 4.789530072263503292e+32
5.212160000000000082e+02 4.890276931497085753e+32
5.214120000000000346e+02 5.026593115881859461e+32
5.216069999999999709e+02 5.243420524280248547e+32
5.218029999999999973e+02 5.424035879944979860e+32
5.219980000000000473e+02 5.590590958922721726e+32
5.221939999999999600e+02 5.841948686374046202e+32
5.223899999999999864e+02 6.119384220596818510e+32
5.225860000000000127e+02 6.361431671670298727e+32
5.227820000000000391e+02 6.590984710801786074e+32
5.229779999999999518e+02 6.773982117676159429e+32
5.231739999999999782e+02 6.896567395044405588e+32
5.233700000000000045e+02 7.139578132651833416e+32
5.235670000000000073e+02 7.471925863537107727e+32
5.237630000000000337e+02 7.726068971959603542e+32
5.239589999999999463e+02 7.903009858520954703e+32
5.241559999999999491e+02 8.019598606048045604e+32
5.243519999999999754e+02 8.281162585521935498e+32
5.245489999999999782e+02 8.676883428619851766e+32
5.247459999999999809e+02 9.001253351302879479e+32
5.249420000000000073e+02 9.347116097815509578e+32
5.251390000000000100e+02 9.689529502181504081e+32
5.253360000000000127e+02 9.971336760847598498e+32
5.255330000000000155e+02 1.024693997516186915e+33
5.257300000000000182e+02 1.054572161323899148e+33
5.259270000000000209e+02 1.094186057891356746e+33
5.261250000000000000e+02 1.145866650071836566e+33
5.263220000000000027e+02 1.206492206870873240e+33
5.265190000000000055e+02 1.242690541500451571e+33
5.267169999999999845e+02 1.243361771533837778e+33
5.269139999999999873e+02 1.265779193068367513e+33
5.271119999999999663e+02 1.328453439501783854e+33
5.273099999999999454e+02 1.385755554080984085e+33
5.275069999999999482e+02 1.422535771604797685e+33
5.277050000000000409e+02 1.448263322790386008e+33
5.279030000000000200e+02 1.485643446303251844e+33
5.281009999999999991e+02 1.556900351121758868e+33
5.282989999999999782e+02 1.639055071561422997e+33
5.284969999999999573e+02 1.691024168271199878e+33
5.286950000000000500e+02 1.713616035165032110e+33
5.288940000000000055e+02 1.751420228122663928e+33
5.290919999999999845e+02 1.818711926617215051e+33
5.292899999999999636e+02 1.859320275099267775e+33
5.294890000000000327e+02 1.857758280772918884e+33
5.296870000000000118e+02 1.873252101438964535e+33
5.298859999999999673e+02 1.939397910027588324e+33
5.300850000000000364e+02 1.996968010037258232e+33
5.302830000000000155e+02 2.036917429915371730e+33
5.304819999999999709e+02 2.108296313158537965e+33
5.306810000000000400e+02 2.173552357306324362e+33
5.308799999999999955e+02 2.191607310487943003e+33
5.310789999999999509e+02 2.219251016397465805e+33
5.312780000000000200e+02 2.280957859205480966e+33
5.314779999999999518e+02 2.340172134094953812e+33
5.316770000000000209e+02 2.374280433130477484e+33
5.318759999999999764e+02 2.393572965678652585e+33
5.320760000000000218e+02 2.425052036268854877e+33
5.322749999999999773e+02 2.466935277559539061e+33
5.324750000000000227e+02 2.502229224526583259e+33
5.326749999999999545e+02 2.541811385407471128e+33
5.328740000000000236e+02 2.589885037344002001e+33
5.330739999999999554e+02 2.617826753850507646e+33
5.332740000000000009e+02 2.631835181617149513e+33
5.334740000000000464e+02 2.654442112751739935e+33
5.336739999999999782e+02 2.690645984272998850e+33
5.338740000000000236e+02 2.713507292430958096e+33
5.340750000000000455e+02 2.724697089924296178e+33
5.342749999999999773e+02 2.751767734916502329e+33
5.344750000000000227e+02 2.777886464616620694e+33
5.346760000000000446e+02 2.802733346613473472e+33
5.348759999999999764e+02 2.815115155296695656e+33
5.350769999999999982e+02 2.807879305175665288e+33
5.352770000000000437e+02 2.812268230965846266e+33
5.354779999999999518e+02 2.795357319853021035e+33
5.356789999999999736e+02 2.786459546228723599e+33
5.358799999999999955e+02 2.816182130817323098e+33
5.360810000000000173e+02 2.818968644262947113e+33
5.362820000000000391e+02 2.815937499775312761e+33
5.364829999999999472e+02 2.822657452658426828e+33
5.366839999999999691e+02 2.799675926097797629e+33
5.368849999999999909e+02 2.796810253733661443e+33
5.370869999999999891e+02 2.817067486099581084e+33
5.372880000000000109e+02 2.843499296467114861e+33
5.374890000000000327e+02 2.869589688241137934e+33
5.376910000000000309e+02 2.813181778399777567e+33
5.378930000000000291e+02 2.756735819831141037e+33
5.380940000000000509e+02 2.769347541224283988e+33
5.382960000000000491e+02 2.744355284328896448e+33
5.384980000000000473e+02 2.716655200582051227e+33
5.387000000000000455e+02 2.711265161475558492e+33
5.389020000000000437e+02 2.699127932883299274e+33
5.391040000000000418e+02 2.721602736523895913e+33
5.393060000000000400e+02 2.704532358518126127e+33
5.395080000000000382e+02 2.665521016661308605e+33
5.397110000000000127e+02 2.642955932395325944e+33
5.399130000000000109e+02 2.590831160128089719e+33
5.401159999999999854e+02 2.576634698614113092e+33
5.403179999999999836e+02 2.587037403073269364e+33
5.405209999999999582e+02 2.580245516210183801e+33
5.407229999999999563e+02 2.568674134914206935e+33
5.409260000000000446e+02 2.522171479469087720e+33
5.411290000000000191e+02 2.498489346857574450e+33
5.413319999999999936e+02 2.508561465116393761e+33
5.415349999999999682e+02 2.484026183215284846e+33
5.417380000000000564e+02 2.463391340313986852e+33
5.419410000000000309e+02 2.436650639899514456e+33
5.421440000000000055e+02 2.380393074172237254e+33
5.423479999999999563e+02 2.360485149928332733e+33
5.425510000000000446e+02 2.352558046702159034e+33
5.427549999999999955e+02 2.333684621085549849e+33
5.429579999999999700e+02 2.326015666285764592e+33
5.431620000000000346e+02 2.305927437603753659e+33
5.433650000000000091e+02 2.281574852588891436e+33
5.435689999999999600e+02 2.256273111478305450e+33
5.437730000000000246e+02 2.230095696817725489e+33
5.439769999999999754e+02 2.223834282822831400e+33
5.441810000000000400e+02 2.183574207384315949e+33
5.443849999999999909e+02 2.147490644976684196e+33
5.445890000000000555e+02 2.145845594229155341e+33
5.447930000000000064e+02 2.112821611849512419e+33
5.449980000000000473e+02 2.103297355474244805e+33
5.452019999999999982e+02 2.107615303766608922e+33
5.454070000000000391e+02 2.065199019819593406e+33
5.456109999999999900e+02 2.058254094964136459e+33
5.458160000000000309e+02 2.085050692428454738e+33
5.460199999999999818e+02 2.049870260302901122e+33
5.462250000000000227e+02 1.986794857922246188e+33
5.464299999999999500e+02 1.975023343897868902e+33
5.466349999999999909e+02 2.000863285330291935e+33
5.468400000000000318e+02 2.002431008442696139e+33
5.470449999999999591e+02 1.966101056158284559e+33
5.472500000000000000e+02 1.917729237527416567e+33
5.474550000000000409e+02 1.893149385281224288e+33
5.476609999999999445e+02 1.889499953402513355e+33
5.478659999999999854e+02 1.878560195771926458e+33
5.480710000000000264e+02 1.868583103805112090e+33
5.482770000000000437e+02 1.860873148740746652e+33
5.484819999999999709e+02 1.843637711390157503e+33
5.486879999999999882e+02 1.817496835701477837e+33
5.488940000000000055e+02 1.792932651182486976e+33
5.491000000000000227e+02 1.786903896013245049e+33
5.493060000000000400e+02 1.781590978405593026e+33
5.495119999999999436e+02 1.763762672501972747e+33
5.497179999999999609e+02 1.741665337756461699e+33
5.499239999999999782e+02 1.729153553231672006e+33
5.501299999999999955e+02 1.730878432564502920e+33
5.503360000000000127e+02 1.726511300750164237e+33
5.505430000000000064e+02 1.702806237517099829e+33
5.507490000000000236e+02 1.676545291350573131e+33
5.509560000000000173e+02 1.663769142353213672e+33
5.511620000000000346e+02 1.663072893658505485e+33
5.513690000000000282e+02 1.670017292626848934e+33
5.515760000000000218e+02 1.673276673696729373e+33
5.517830000000000155e+02 1.650831666705256823e+33
5.519900000000000091e+02 1.624770540488190839e+33
5.521970000000000027e+02 1.628390614641127454e+33
5.524039999999999964e+02 1.630581435948646792e+33
5.526109999999999900e+02 1.626205486349378793e+33
5.528179999999999836e+02 1.618662950159764828e+33
5.530249999999999773e+02 1.601904723520598060e+33
5.532329999999999472e+02 1.590527152741583666e+33
5.534400000000000546e+02 1.580534420123187798e+33
5.536480000000000246e+02 1.567364816220912920e+33
5.538550000000000182e+02 1.568353955250642602e+33
5.540629999999999882e+02 1.587202102282758194e+33
5.542709999999999582e+02 1.595792410199600632e+33
5.544790000000000418e+02 1.588695052275377724e+33
5.546870000000000118e+02 1.586431270541440145e+33
5.548949999999999818e+02 1.585243076544138435e+33
5.551029999999999518e+02 1.580150826616745624e+33
5.553110000000000355e+02 1.573869850028307690e+33
5.555190000000000055e+02 1.576574796940136556e+33
5.557269999999999754e+02 1.590159965063597508e+33
5.559360000000000355e+02 1.590168882102122216e+33
5.561440000000000055e+02 1.586661975034006112e+33
5.563529999999999518e+02 1.608465563597452572e+33
5.565610000000000355e+02 1.631188026261196450e+33
5.567699999999999818e+02 1.623753399359519338e+33
5.569790000000000418e+02 1.600651189890644422e+33
5.571879999999999882e+02 1.598815458678839126e+33
5.573970000000000482e+02 1.612755011387331035e+33
5.576059999999999945e+02 1.623035476340369137e+33
5.578150000000000546e+02 1.636343470391484781e+33
5.580240000000000009e+02 1.661155112106679367e+33
5.582329999999999472e+02 1.677610431038523433e+33
5.584429999999999836e+02 1.684153919752007162e+33
5.586520000000000437e+02 1.687716781188024665e+33
5.588619999999999663e+02 1.694004108242168550e+33
5.590710000000000264e+02 1.712102536753075931e+33
5.592809999999999491e+02 1.731941222587303735e+33
5.594909999999999854e+02 1.744169381684580001e+33
5.597000000000000455e+02 1.740004838024883436e+33
5.599099999999999682e+02 1.733688583774197321e+33
5.601200000000000045e+02 1.757100636961787603e+33
5.603300000000000409e+02 1.787066505808685018e+33
5.605399999999999636e+02 1.795462228701190117e+33
5.607509999999999764e+02 1.798636934272605714e+33
5.609610000000000127e+02 1.804123415816866978e+33
5.611710000000000491e+02 1.810953252343417740e+33
5.613819999999999482e+02 1.821954274733714628e+33
5.615919999999999845e+02 1.840286161453838873e+33
5.618029999999999973e+02 1.861752146990265002e+33
5.620130000000000337e+02 1.878684579705268342e+33
5.622240000000000464e+02 1.903267685667607410e+33
5.624349999999999454e+02 1.916096089853893138e+33
5.626459999999999582e+02 1.899212091791884096e+33
5.628569999999999709e+02 1.896052837040054835e+33
5.630679999999999836e+02 1.926133046411087263e+33
5.632789999999999964e+02 1.951950454614535292e+33
5.634900000000000091e+02 1.938644474946187215e+33
5.637019999999999982e+02 1.922796130265040714e+33
5.639130000000000109e+02 1.935929102359187085e+33
5.641250000000000000e+02 1.943346650606906789e+33
5.643360000000000127e+02 1.938273810732926694e+33
5.645480000000000018e+02 1.956908292860519511e+33
5.647590000000000146e+02 1.974287876641093818e+33
5.649710000000000036e+02 1.975766693894825558e+33
5.651829999999999927e+02 1.966796994769935446e+33
5.653949999999999818e+02 1.949286305689074339e+33
5.656069999999999709e+02 1.946073213119855243e+33
5.658189999999999600e+02 1.959215374446976353e+33
5.660309999999999491e+02 1.961577632894581687e+33
5.662440000000000282e+02 1.939085573264649258e+33
5.664560000000000173e+02 1.921829475989593289e+33
5.666680000000000064e+02 1.925682517280235489e+33
5.668809999999999718e+02 1.909485169377699428e+33
5.670929999999999609e+02 1.891783015722795202e+33
5.673060000000000400e+02 1.898422387630428846e+33
5.675190000000000055e+02 1.879145961122841722e+33
5.677319999999999709e+02 1.858554076015114278e+33
5.679450000000000500e+02 1.856957988231301397e+33
5.681580000000000155e+02 1.861022490277556213e+33
5.683709999999999809e+02 1.881657847239787751e+33
5.685839999999999463e+02 1.867526079897443180e+33
5.687970000000000255e+02 1.819791563055334621e+33
5.690099999999999909e+02 1.803087420156838205e+33
5.692240000000000464e+02 1.791758409297317934e+33
5.694370000000000118e+02 1.774630133480887895e+33
5.696509999999999536e+02 1.756275710317497390e+33
5.698640000000000327e+02 1.735410299791501875e+33
5.700779999999999745e+02 1.746504992625676281e+33
5.702920000000000300e+02 1.729875595385964467e+33
5.705059999999999718e+02 1.686140869009768624e+33
5.707200000000000273e+02 1.678305711066780298e+33
5.709339999999999691e+02 1.661268960919637462e+33
5.711480000000000246e+02 1.629005496942113425e+33
5.713619999999999663e+02 1.621334642665827370e+33
5.715760000000000218e+02 1.614499643620206843e+33
5.717899999999999636e+02 1.596904803392673901e+33
5.720049999999999955e+02 1.560326566570769408e+33
5.722190000000000509e+02 1.534228413223959687e+33
5.724339999999999691e+02 1.544780003836895637e+33
5.726490000000000009e+02 1.533903596856166995e+33
5.728630000000000564e+02 1.500585315173428790e+33
5.730779999999999745e+02 1.482685031649093953e+33
5.732930000000000064e+02 1.460542338910235755e+33
5.735080000000000382e+02 1.445082877851018182e+33
5.737229999999999563e+02 1.421394938768171590e+33
5.739379999999999882e+02 1.387884576245455778e+33
5.741539999999999964e+02 1.382029432513649097e+33
5.743690000000000282e+02 1.375021088004402342e+33
5.745839999999999463e+02 1.358342903948184603e+33
5.747999999999999545e+02 1.341861555627336866e+33
5.750149999999999864e+02 1.313865523520796786e+33
5.752309999999999945e+02 1.298742296083456363e+33
5.754470000000000027e+02 1.278721496790778582e+33
5.756620000000000346e+02 1.244088591560332224e+33
5.758780000000000427e+02 1.231421810314476455e+33
5.760940000000000509e+02 1.213016278874369065e+33
5.763099999999999454e+02 1.199776516354562094e+33
5.765259999999999536e+02 1.207800939711711962e+33
5.767430000000000518e+02 1.189720458905601722e+33
5.769589999999999463e+02 1.156804885677253564e+33
5.771749999999999545e+02 1.136078813840638725e+33
5.773920000000000528e+02 1.123991190076991626e+33
5.776079999999999472e+02 1.122510589556400303e+33
5.778250000000000455e+02 1.116136256855226558e+33
5.780410000000000537e+02 1.101312914138194407e+33
5.782580000000000382e+02 1.089169910229230111e+33
5.784750000000000227e+02 1.076622787056083232e+33
5.786920000000000073e+02 1.061116927487224848e+33
5.789089999999999918e+02 1.045149348805786871e+33
5.791259999999999764e+02 1.025055788389635549e+33
5.793429999999999609e+02 1.005448726743052117e+33
5.795599999999999454e+02 9.923458120887702696e+32
5.797780000000000200e+02 9.775705340542965599e+32
5.799950000000000045e+02 9.569238236283366548e+32
5.802129999999999654e+02 9.491763527625613672e+32
5.804299999999999500e+02 9.445540832033159466e+32
5.806480000000000246e+02 9.280425931103582150e+32
5.808659999999999854e+02 9.067039508101227190e+32
5.810839999999999463e+02 8.903490695861475630e+32
5.813010000000000446e+02 8.843657079710531688e+32
5.815190000000000055e+02 8.728103066981705544e+32
5.817380000000000564e+02 8.548067329212735009e+32
5.819560000000000173e+02 8.449780737894908137e+32
5.821739999999999782e+02 8.306159601922989123e+32
5.823920000000000528e+02 8.167365102912356002e+32
5.826109999999999900e+02 8.070229557367208059e+32
5.828289999999999509e+02 7.972278341098034059e+32
5.830480000000000018e+02 7.912985352885804909e+32
5.832659999999999627e+02 7.784397037381531802e+32
5.834850000000000136e+02 7.575187073202036437e+32
5.837039999999999509e+02 7.462470407328646985e+32
5.839230000000000018e+02 7.410312777062088474e+32
5.841420000000000528e+02 7.345571532480304168e+32
5.843609999999999900e+02 7.228448380397239013e+32
5.845800000000000409e+02 7.053447998791164370e+32
5.847989999999999782e+02 6.868296956593938585e+32
5.850180000000000291e+02 6.752329265978853990e+32
5.852380000000000564e+02 6.713271827476623300e+32
5.854569999999999936e+02 6.624108726398262756e+32
5.856770000000000209e+02 6.486626428713043032e+32
5.858959999999999582e+02 6.363825993394756834e+32
5.861159999999999854e+02 6.301011356162160027e+32
5.863360000000000127e+02 6.335408314732299459e+32
5.865560000000000400e+02 6.276599775072053810e+32
5.867759999999999536e+02 6.078569561702806915e+32
5.869959999999999809e+02 5.942220771791071250e+32
5.872160000000000082e+02 5.923062219173655071e+32
5.874360000000000355e+02 5.873596351574455931e+32
5.876559999999999491e+02 5.739982085812744465e+32
5.878769999999999527e+02 5.580387237583348497e+32
5.880969999999999800e+02 5.469660807161875047e+32
5.883179999999999836e+02 5.422493700294035154e+32
5.885380000000000109e+02 5.354763964559693625e+32
5.887590000000000146e+02 5.233536038085061291e+32
5.889800000000000182e+02 5.096791720929355290e+32
5.892010000000000218e+02 5.012830384404686872e+32
5.894220000000000255e+02 4.960441510225734561e+32
5.896430000000000291e+02 4.870678100587793727e+32
5.898640000000000327e+02 4.741342778764720836e+32
5.900850000000000364e+02 4.646729436230259535e+32
5.903060000000000400e+02 4.595099266872366754e+32
5.905280000000000200e+02 4.541287176983790438e+32
5.907490000000000236e+02 4.487897911214278392e+32
5.909710000000000036e+02 4.440963489804589955e+32
5.911920000000000073e+02 4.395815779960753376e+32
5.914139999999999873e+02 4.299735392107635752e+32
5.916359999999999673e+02 4.124225639907275213e+32
5.918579999999999472e+02 3.965911000510659919e+32
5.920800000000000409e+02 3.903899772178872345e+32
5.923020000000000209e+02 3.879740938119344368e+32
5.925240000000000009e+02 3.850804200197192603e+32
5.927459999999999809e+02 3.799688319030047422e+32
5.929679999999999609e+02 3.684977639675196762e+32
5.931910000000000309e+02 3.554097029087486297e+32
5.934130000000000109e+02 3.508063365177341200e+32
5.936359999999999673e+02 3.503475428920536079e+32
5.938579999999999472e+02 3.450263877060284215e+32
5.940810000000000173e+02 3.370159238268960733e+32
5.943039999999999736e+02 3.278276610054156412e+32
5.945259999999999536e+02 3.175768117453559665e+32
5.947490000000000236e+02 3.105758596235570323e+32
5.949719999999999800e+02 3.064286067595625654e+32
5.951960000000000264e+02 3.018383085539249700e+32
5.954189999999999827e+02 2.951368797249314200e+32
5.956420000000000528e+02 2.885709588262228452e+32
5.958650000000000091e+02 2.819887142105713266e+32
5.960890000000000555e+02 2.740654001914598941e+32
5.963120000000000118e+02 2.650334089397003813e+32
5.965359999999999445e+02 2.560408337630421887e+32
5.967599999999999909e+02 2.501627856583944690e+32
5.969840000000000373e+02 2.486976424320183097e+32
5.972069999999999936e+02 2.460638369771181965e+32
5.974310000000000400e+02 2.404794014188690878e+32
5.976549999999999727e+02 2.338327880104115578e+32
5.978790000000000191e+02 2.268931872361886453e+32
5.981040000000000418e+02 2.217740440406415728e+32
5.983279999999999745e+02 2.160389141141104815e+32
5.985520000000000209e+02 2.084091755867717267e+32
5.987770000000000437e+02 2.029982607621839318e+32
5.990009999999999764e+02 1.990009992371125820e+32
5.992259999999999991e+02 1.945330403994047933e+32
5.994510000000000218e+02 1.899115297809262917e+32
5.996749999999999545e+02 1.837432279706923095e+32
5.998999999999999773e+02 1.773608252439944356e+32
6.001250000000000000e+02 1.729467909750112176e+32
6.003500000000000227e+02 1.677001699225351157e+32
6.005760000000000218e+02 1.618853720299469676e+32
6.008010000000000446e+02 1.568962306731478983e+32
6.010259999999999536e+02 1.531196868053060538e+32
6.012509999999999764e+02 1.509873168941773372e+32
6.014769999999999754e+02 1.480103807814293197e+32
6.017019999999999982e+02 1.430873541833021332e+32
6.019279999999999973e+02 1.371838593466956177e+32
6.021539999999999964e+02 1.322832235193458370e+32
6.023799999999999955e+02 1.293712214322063769e+32
6.026050000000000182e+02 1.269907362369663761e+32
6.028310000000000173e+02 1.238454745181979685e+32
6.030579999999999927e+02 1.183632181690873491e+32
6.032839999999999918e+02 1.120320452424318253e+32
6.035099999999999909e+02 1.090372362213948633e+32
6.037359999999999900e+02 1.074715969975379543e+32
6.039629999999999654e+02 1.040289386772524982e+32
6.041889999999999645e+02 9.935187524311252744e+31
6.044160000000000537e+02 9.541401304564552581e+31
6.046420000000000528e+02 9.242434506836355808e+31
6.048690000000000282e+02 8.923240186763633570e+31
6.050960000000000036e+02 8.593760081779073858e+31
6.053229999999999791e+02 8.289359145531938558e+31
6.055499999999999545e+02 8.044631858685342647e+31
6.057770000000000437e+02 7.763669863613674262e+31
6.060040000000000191e+02 7.434139209828277936e+31
6.062309999999999945e+02 7.142316467289417470e+31
6.064589999999999463e+02 6.881730866023659351e+31
6.066860000000000355e+02 6.604088086830864660e+31
6.069139999999999873e+02 6.333445234213451412e+31
6.071409999999999627e+02 6.073163761788040484e+31
6.073690000000000282e+02 5.846429081047937826e+31
6.075969999999999800e+02 5.621456759134304839e+31
6.078239999999999554e+02 5.430056380309955398e+31
6.080520000000000209e+02 5.258686340059827331e+31
6.082799999999999727e+02 5.054627412212009408e+31
6.085090000000000146e+02 4.828938418342973911e+31
6.087369999999999663e+02 4.612917013539159641e+31
6.089650000000000318e+02 4.351289587183463829e+31
6.091929999999999836e+02 4.069957898976251280e+31
6.094220000000000255e+02 3.835969618169072041e+31
6.096499999999999773e+02 3.654311546267851707e+31
6.098790000000000191e+02 3.488209428907158082e+31
6.101079999999999472e+02 3.292321865007409946e+31
6.103360000000000127e+02 3.140854769077610210e+31
6.105650000000000546e+02 3.012348664709215696e+31
6.107939999999999827e+02 2.846860404122882430e+31
6.110230000000000246e+02 2.692681724182843022e+31
6.112519999999999527e+02 2.574014893352132692e+31
6.114819999999999709e+02 2.445102536519234677e+31
6.117110000000000127e+02 2.301352994668498357e+31
6.119400000000000546e+02 2.212586737329617324e+31
6.121699999999999591e+02 2.193434839564279171e+31
6.123990000000000009e+02 2.143862860174043383e+31
6.126290000000000191e+02 2.010360030055257869e+31
6.128590000000000373e+02 1.860964055252518929e+31
6.130890000000000555e+02 1.746875253940908192e+31
6.133189999999999600e+02 1.662748969971237830e+31
6.135489999999999782e+02 1.601884572018273495e+31
6.137789999999999964e+02 1.521714774056085560e+31
6.140090000000000146e+02 1.397830047754411958e+31
6.142390000000000327e+02 1.264202826662059329e+31
6.144690000000000509e+02 1.166382354379194033e+31
6.147000000000000455e+02 1.108848475461098997e+31
6.149299999999999500e+02 1.052435699326735174e+31
6.151609999999999445e+02 9.715709390988015782e+30
6.153920000000000528e+02 8.962132934716193095e+30
6.156219999999999573e+02 8.384760060800074353e+30
6.158529999999999518e+02 7.790709949787250332e+30
6.160839999999999463e+02 7.305218742165681951e+30
6.163150000000000546e+02 6.929014110477975243e+30
6.165460000000000491e+02 6.480812895422796088e+30
6.167780000000000200e+02 5.935459589035312933e+30
6.170090000000000146e+02 5.438457911685194178e+30
6.172400000000000091e+02 5.113689631293235530e+30
6.174719999999999800e+02 4.843389356301731310e+30
6.177029999999999745e+02 4.524250416054599190e+30
6.179349999999999454e+02 4.180203418371205223e+30
6.181670000000000300e+02 3.834879396381073487e+30
6.183980000000000246e+02 3.597171571299585830e+30
6.186299999999999955e+02 3.446358183159946466e+30
6.188619999999999663e+02 3.240508003341538161e+30
6.190940000000000509e+02 2.985211785570210871e+30
6.193269999999999982e+02 2.754345072003199637e+30
6.195589999999999691e+02 2.595048902478908671e+30
6.197910000000000537e+02 2.425586661794851407e+30
6.200240000000000009e+02 2.218095284778295231e+30
6.202559999999999718e+02 2.015626383560806390e+30
6.204890000000000327e+02 1.833313199737116299e+30
6.207210000000000036e+02 1.715899190729669351e+30
6.209539999999999509e+02 1.636319870296669155e+30
6.211870000000000118e+02 1.529929561998689151e+30
6.214199999999999591e+02 1.425749932026528160e+30
6.216530000000000200e+02 1.332219254944310558e+30
6.218859999999999673e+02 1.245917569753078573e+30
6.221190000000000282e+02 1.167207444897521617e+30
6.223529999999999518e+02 1.087689531835443205e+30
6.225860000000000127e+02 1.037900178865018275e+30
6.228189999999999600e+02 1.023711228456078585e+30
6.230529999999999973e+02 9.629419845875736363e+29
6.232870000000000346e+02 8.520139845215739374e+29
6.235199999999999818e+02 7.651675088453257274e+29
6.237540000000000191e+02 7.143003660613866652e+29
6.239880000000000564e+02 7.209922359574740673e+29
6.242219999999999800e+02 8.053681144960898748e+29
6.244560000000000173e+02 8.608196979675423570e+29
6.246900000000000546e+02 8.469375981967012501e+29
6.249249999999999545e+02 8.467363580798095653e+29
6.251589999999999918e+02 8.227041721929254625e+29
6.253930000000000291e+02 8.194375837632792632e+29
6.256280000000000427e+02 9.114510977318914551e+29
6.258619999999999663e+02 9.830556152926059319e+29
6.260969999999999800e+02 1.066437481316070415e+30
6.263319999999999936e+02 1.180696156506801005e+30
6.265670000000000073e+02 1.121373636525938571e+30
6.268020000000000209e+02 1.051416405736596539e+30
6.270370000000000346e+02 1.077871096937363210e+30
6.272720000000000482e+02 9.996212686674215139e+29
6.275069999999999482e+02 1.008006035116945535e+30
6.277430000000000518e+02 1.172060264987407091e+30
6.279779999999999518e+02 1.213664365073176479e+30
6.282129999999999654e+02 1.242079876582672899e+30
6.284489999999999554e+02 1.359088857760945662e+30
6.286849999999999454e+02 1.408714481584125775e+30
6.289199999999999591e+02 1.412182314853391556e+30
6.291559999999999491e+02 1.441168119910676230e+30
6.293920000000000528e+02 1.468215258807558857e+30
6.296280000000000427e+02 1.540831941472681379e+30
6.298640000000000327e+02 1.655119007772927739e+30
6.301009999999999991e+02 1.714836455576663790e+30
6.303369999999999891e+02 1.741037813528622785e+30
6.305729999999999791e+02 1.783603485684092258e+30
6.308099999999999454e+02 1.797100890796900314e+30
6.310460000000000491e+02 1.800060529916719586e+30
6.312830000000000155e+02 1.910918159508176734e+30
6.315199999999999818e+02 2.040888722512941185e+30
6.317559999999999718e+02 2.086279460495551185e+30
6.319930000000000518e+02 2.190783598683860415e+30
6.322300000000000182e+02 2.365503445676539063e+30
6.324669999999999845e+02 2.389209712967972930e+30
6.327050000000000409e+02 2.325841053933372470e+30
6.329420000000000073e+02 2.435846546355445021e+30
6.331789999999999736e+02 2.637995854719020750e+30
6.334170000000000300e+02 2.703778478887208207e+30
6.336539999999999964e+02 2.709226179838718747e+30
6.338920000000000528e+02 2.787309557779316239e+30
6.341290000000000191e+02 2.869749051046755144e+30
6.343669999999999618e+02 2.917063423651898361e+30
6.346050000000000182e+02 2.978417583293337932e+30
6.348429999999999609e+02 3.103864335023260975e+30
6.350810000000000173e+02 3.342473969209893779e+30
6.353189999999999600e+02 3.511803584564404620e+30
6.355579999999999927e+02 3.433023597889959040e+30
6.357960000000000491e+02 3.385756462822502412e+30
6.360339999999999918e+02 3.623240202163835295e+30
6.362730000000000246e+02 3.807616552111573065e+30
6.365109999999999673e+02 3.763227908755617024e+30
6.367500000000000000e+02 3.922427126899367723e+30
6.369890000000000327e+02 4.250722486248302923e+30
6.372279999999999518e+02 4.346566773115097416e+30
6.374669999999999845e+02 4.387835801726910052e+30
6.377060000000000173e+02 4.457564015437176433e+30
6.379450000000000500e+02 4.544422773601396692e+30
6.381839999999999691e+02 4.892326611289933509e+30
6.384239999999999782e+02 5.216276999147864742e+30
6.386630000000000109e+02 5.266088935092506746e+30
6.389020000000000437e+02 5.309510832962769268e+30
6.391420000000000528e+02 5.498887597108108797e+30
6.393819999999999482e+02 5.785783341767209831e+30
6.396209999999999809e+02 5.960264506392705346e+30
6.398609999999999900e+02 6.045018261216228882e+30
6.401009999999999991e+02 6.214353514994382341e+30
6.403410000000000082e+02 6.437956976546924944e+30
6.405810000000000173e+02 6.630973967318315140e+30
6.408220000000000027e+02 6.708932988620727490e+30
6.410620000000000118e+02 6.830154347444396305e+30
6.413020000000000209e+02 7.043726943254153800e+30
6.415430000000000064e+02 7.225706544494439610e+30
6.417830000000000155e+02 7.376770873175657039e+30
6.420240000000000009e+02 7.600604470635996200e+30
6.422649999999999864e+02 8.150766878045135710e+30
6.425059999999999718e+02 8.638851608400991795e+30
6.427469999999999573e+02 8.659055381147887179e+30
6.429880000000000564e+02 8.709586383069517939e+30
6.432290000000000418e+02 9.088073024277254773e+30
6.434700000000000273e+02 9.422027856352314228e+30
6.437110000000000127e+02 9.673572023147693864e+30
6.439529999999999745e+02 1.000972948481093732e+31
6.441939999999999600e+02 1.043468499673970545e+31
6.444360000000000355e+02 1.098651428822903671e+31
6.446770000000000209e+02 1.123188101889487667e+31
6.449189999999999827e+02 1.099875180006187511e+31
6.451609999999999445e+02 1.109041968821457858e+31
6.454030000000000200e+02 1.166252398679334797e+31
6.456449999999999818e+02 1.207835980152136925e+31
6.458869999999999436e+02 1.211787276374586120e+31
6.461290000000000191e+02 1.189231114790676410e+31
6.463719999999999573e+02 1.188577344941126080e+31
6.466140000000000327e+02 1.240166820741113184e+31
6.468559999999999945e+02 1.281522892118339668e+31
6.470990000000000464e+02 1.303580978545192579e+31
6.473419999999999845e+02 1.351566874337618113e+31
6.475839999999999463e+02 1.408450205658770991e+31
6.478269999999999982e+02 1.482885783720622293e+31
6.480700000000000500e+02 1.517837911367521957e+31
6.483129999999999882e+02 1.464515622750705069e+31
6.485560000000000400e+02 1.442634510471759592e+31
6.487999999999999545e+02 1.487804945263867774e+31
6.490430000000000064e+02 1.538216103985227424e+31
6.492859999999999445e+02 1.575186417218658455e+31
6.495299999999999727e+02 1.610109335436080020e+31
6.497730000000000246e+02 1.684517736378345203e+31
6.500170000000000528e+02 1.763534547886166738e+31
6.502609999999999673e+02 1.815233097613153676e+31
6.505049999999999955e+02 1.823745202801247039e+31
6.507490000000000236e+02 1.823454792402417841e+31
6.509930000000000518e+02 1.892006146095714084e+31
6.512369999999999663e+02 1.969868096277568799e+31
6.514809999999999945e+02 1.980947790178399807e+31
6.517250000000000227e+02 1.971358910312903566e+31
6.519700000000000273e+02 1.986281391268828025e+31
6.522140000000000555e+02 2.041984608767570439e+31
6.524589999999999463e+02 2.098785646149108709e+31
6.527029999999999745e+02 2.118826937703293822e+31
6.529479999999999791e+02 2.160522427513410381e+31
6.531929999999999836e+02 2.227754708471609371e+31
6.534379999999999882e+02 2.286317714140148770e+31
6.536829999999999927e+02 2.341193749668263874e+31
6.539279999999999973e+02 2.413712520741167615e+31
6.541730000000000018e+02 2.471650830259356356e+31
6.544189999999999827e+02 2.492679472905955627e+31
6.546639999999999873e+02 2.485993670858099856e+31
6.549099999999999682e+02 2.466543540453453227e+31
6.551549999999999727e+02 2.507692115861096457e+31
6.554009999999999536e+02 2.603824501688615748e+31
6.556470000000000482e+02 2.659929155488940204e+31
6.558920000000000528e+02 2.670888715386805427e+31
6.561380000000000337e+02 2.708507414091342854e+31
6.563840000000000146e+02 2.812675530595413500e+31
6.566309999999999718e+02 2.962428002254624255e+31
6.568769999999999527e+02 3.069941153242830072e+31
6.571230000000000473e+02 3.087806188595440951e+31
6.573700000000000045e+02 3.116070639018326699e+31
6.576159999999999854e+02 3.175893830426399264e+31
6.578630000000000564e+02 3.211366966840177363e+31
6.581090000000000373e+02 3.264656281753417116e+31
6.583559999999999945e+02 3.306857321751390302e+31
6.586029999999999518e+02 3.262476069317580417e+31
6.588500000000000227e+02 3.240629936963478069e+31
6.590969999999999800e+02 3.313067887700300423e+31
6.593440000000000509e+02 3.431742979954594628e+31
6.595919999999999845e+02 3.528648857148231947e+31
6.598390000000000555e+02 3.613907804272085065e+31
6.600860000000000127e+02 3.718609637746181225e+31
6.603339999999999463e+02 3.824109083485301774e+31
6.605819999999999936e+02 3.898877359148980609e+31
6.608289999999999509e+02 3.891987627785838442e+31
6.610769999999999982e+02 3.926244103811723706e+31
6.613250000000000455e+02 4.075259470239002077e+31
6.615729999999999791e+02 4.242687318766866317e+31
6.618210000000000264e+02 4.339470012726342937e+31
6.620689999999999600e+02 4.368894007684189710e+31
6.623170000000000073e+02 4.350557350698949851e+31
6.625660000000000309e+02 4.360530032581025928e+31
6.628139999999999645e+02 4.481027588733996833e+31
6.630629999999999882e+02 4.667442595263271837e+31
6.633120000000000118e+02 4.780669774178396991e+31
6.635599999999999454e+02 4.799277206740349915e+31
6.638089999999999691e+02 4.819295488115166224e+31
6.640579999999999927e+02 4.883036393411163721e+31
6.643070000000000164e+02 5.012271615461824198e+31
6.645560000000000400e+02 5.161006687631605912e+31
6.648049999999999500e+02 5.248678761947851789e+31
6.650549999999999500e+02 5.302800566269654793e+31
6.653039999999999736e+02 5.354297820514788476e+31
6.655539999999999736e+02 5.405237399985561358e+31
6.658029999999999973e+02 5.497260318474277793e+31
6.660529999999999973e+02 5.604957351066456764e+31
6.663029999999999973e+02 5.723881359605132934e+31
6.665520000000000209e+02 5.855061341320859788e+31
6.668020000000000209e+02 5.957920390901838386e+31
6.670520000000000209e+02 5.991271373333647885e+31
6.673029999999999973e+02 6.033050763738380962e+31
6.675529999999999973e+02 6.146534617641622322e+31
6.678029999999999973e+02 6.339585309165141922e+31
6.680539999999999736e+02 6.502772500639703217e+31
6.683039999999999736e+02 6.541723430845312582e+31
6.685549999999999500e+02 6.560690408719914533e+31
6.688049999999999500e+02 6.606618564734271079e+31
6.690560000000000400e+02 6.714809692458126146e+31
6.693070000000000164e+02 6.899199600299321703e+31
6.695579999999999927e+02 7.153869740469719841e+31
6.698089999999999691e+02 7.395757515681292354e+31
6.700599999999999454e+02 7.402572169474096218e+31
6.703120000000000118e+02 7.365041725640651094e+31
6.705629999999999882e+02 7.561276600779886618e+31
6.708139999999999645e+02 7.819411586165508764e+31
6.710660000000000309e+02 7.977982635021678290e+31
6.713179999999999836e+02 8.099373120939311307e+31
6.715689999999999600e+02 8.268901664661631123e+31
6.718210000000000264e+02 8.499558611334035299e+31
6.720729999999999791e+02 8.636097776024925053e+31
6.723250000000000455e+02 8.644803075944768748e+31
6.725769999999999982e+02 8.808280137311241766e+31
6.728300000000000409e+02 9.191350085338199020e+31
6.730819999999999936e+02 9.438480182597564633e+31
6.733339999999999463e+02 9.582857517190868442e+31
6.735869999999999891e+02 9.779695018469805843e+31
6.738390000000000555e+02 1.002766927684730574e+32
6.740919999999999845e+02 1.024240835760547822e+32
6.743450000000000273e+02 1.031149901726908426e+32
6.745979999999999563e+02 1.029621241282397641e+32
6.748509999999999991e+02 1.033528524828258005e+32
6.751040000000000418e+02 1.053035846090285508e+32
6.753569999999999709e+02 1.079215925704151588e+32
6.756100000000000136e+02 1.095042736172897520e+32
6.758640000000000327e+02 1.111947372043734906e+32
6.761169999999999618e+02 1.136381145141473570e+32
6.763709999999999809e+02 1.151961677128321222e+32
6.766240000000000236e+02 1.169133686716265064e+32
6.768780000000000427e+02 1.197227363217503660e+32
6.771319999999999482e+02 1.220287229533374780e+32
6.773859999999999673e+02 1.227885377276378143e+32
6.776399999999999864e+02 1.241725935645647275e+32
6.778940000000000055e+02 1.267912690031922351e+32
6.781480000000000246e+02 1.292212133779711573e+32
6.784020000000000437e+02 1.337216049586187145e+32
6.786570000000000391e+02 1.380184288842226321e+32
6.789109999999999445e+02 1.396203013535963882e+32
6.791660000000000537e+02 1.412393121719844104e+32
6.794210000000000491e+02 1.420519207284668532e+32
6.796749999999999545e+02 1.431989578655792991e+32
6.799299999999999500e+02 1.473725496361524986e+32
6.801849999999999454e+02 1.517777310421993543e+32
6.804400000000000546e+02 1.557744450528477843e+32
6.806950000000000500e+02 1.586382306097140646e+32
6.809510000000000218e+02 1.593347533963207349e+32
6.812060000000000173e+02 1.604755343591797373e+32
6.814610000000000127e+02 1.630329838686394094e+32
6.817169999999999845e+02 1.688273328117508836e+32
6.819729999999999563e+02 1.750511158296531689e+32
6.822279999999999518e+02 1.775675146208682364e+32
6.824840000000000373e+02 1.787076521961478457e+32
6.827400000000000091e+02 1.807264514311175705e+32
6.829959999999999809e+02 1.836245607323701700e+32
6.832519999999999527e+02 1.874100494820248133e+32
6.835090000000000146e+02 1.912737411189837203e+32
6.837649999999999864e+02 1.931239581200273275e+32
6.840209999999999582e+02 1.946231396525505954e+32
6.842780000000000200e+02 1.984114984533694142e+32
6.845339999999999918e+02 2.034733778154506072e+32
6.847910000000000537e+02 2.074868503761092946e+32
6.850480000000000018e+02 2.089866978101151314e+32
6.853049999999999500e+02 2.114846283810812785e+32
6.855620000000000118e+02 2.153737332386727570e+32
6.858189999999999600e+02 2.175708943006261888e+32
6.860760000000000218e+02 2.195141769709574286e+32
6.863329999999999700e+02 2.223903446276313772e+32
6.865910000000000082e+02 2.256342426394450251e+32
6.868479999999999563e+02 2.308924110662755802e+32
6.871059999999999945e+02 2.348409539911086925e+32
6.873630000000000564e+02 2.359650266271456466e+32
6.876209999999999809e+02 2.377623747779585017e+32
6.878790000000000191e+02 2.397983302141560572e+32
6.881369999999999436e+02 2.406573650003969241e+32
6.883949999999999818e+02 2.421507272116083670e+32
6.886530000000000200e+02 2.450351536659437816e+32
6.889109999999999445e+02 2.497282923667167658e+32
6.891699999999999591e+02 2.538675611171621980e+32
6.894279999999999973e+02 2.567544864306860686e+32
6.896870000000000118e+02 2.589011011147494662e+32
6.899450000000000500e+02 2.598100549265736763e+32
6.902039999999999509e+02 2.612784690247597461e+32
6.904629999999999654e+02 2.653063760574990055e+32
6.907219999999999800e+02 2.701041605509869316e+32
6.909809999999999945e+02 2.727765081384153152e+32
6.912400000000000091e+02 2.741572893316595977e+32
6.914990000000000236e+02 2.740105727595428595e+32
6.917580000000000382e+02 2.724798199505139595e+32
6.920180000000000291e+02 2.729595757347786511e+32
6.922770000000000437e+02 2.770494981726358201e+32
6.925370000000000346e+02 2.821782074558322329e+32
6.927970000000000255e+02 2.839834091974668275e+32
6.930560000000000400e+02 2.835590026558479613e+32
6.933160000000000309e+02 2.851183539368383305e+32
6.935760000000000218e+02 2.863325036087127685e+32
6.938360000000000127e+02 2.858201312326579129e+32
6.940969999999999800e+02 2.868378634839954405e+32
6.943569999999999709e+02 2.905604347073149907e+32
6.946169999999999618e+02 2.941415892229961011e+32
6.948780000000000427e+02 2.951268302531796997e+32
6.951380000000000337e+02 2.951612006860273192e+32
6.953990000000000009e+02 2.970959396728083439e+32
6.956599999999999682e+02 2.980900284687848710e+32
6.959210000000000491e+02 2.957289226174119137e+32
6.961820000000000164e+02 2.951415689995001201e+32
6.964429999999999836e+02 2.972052219262604769e+32
6.967039999999999509e+02 2.978436716068449331e+32
6.969650000000000318e+02 2.970644175404291349e+32
6.972269999999999754e+02 2.957262854946172495e+32
6.974880000000000564e+02 2.966426410749207384e+32
6.977500000000000000e+02 2.987360497758252982e+32
6.980109999999999673e+02 2.989512272904899556e+32
6.982730000000000246e+02 2.984686774334913398e+32
6.985349999999999682e+02 2.969857171315669243e+32
6.987970000000000255e+02 2.940271780604323214e+32
6.990589999999999691e+02 2.919680572252048877e+32
6.993210000000000264e+02 2.921238587137980117e+32
6.995829999999999700e+02 2.946935882987628402e+32
6.998460000000000036e+02 2.961587901978543685e+32
7.001079999999999472e+02 2.930202330143007058e+32
7.003709999999999809e+02 2.901712804273116986e+32
7.006330000000000382e+02 2.882465315301756483e+32
7.008959999999999582e+02 2.854409637390663902e+32
7.011589999999999918e+02 2.867236786887458181e+32
7.014220000000000255e+02 2.869977025957659739e+32
7.016849999999999454e+02 2.825456473940872808e+32
7.019479999999999791e+02 2.792995582462269080e+32
7.022110000000000127e+02 2.776283593959087047e+32
7.024740000000000464e+02 2.776866101618656392e+32
7.027380000000000564e+02 2.784600843359710914e+32
7.030009999999999764e+02 2.771155918028163099e+32
7.032649999999999864e+02 2.756210632745511587e+32
7.035289999999999964e+02 2.742889181183681243e+32
7.037930000000000064e+02 2.725188070932226365e+32
7.040560000000000400e+02 2.687584077002901028e+32
7.043200000000000500e+02 2.631093846028226554e+32
7.045850000000000364e+02 2.607782479524238841e+32
7.048490000000000464e+02 2.610326084790025374e+32
7.051130000000000564e+02 2.607274339859979875e+32
7.053780000000000427e+02 2.603731600832088815e+32
7.056420000000000528e+02 2.556549517070699435e+32
7.059070000000000391e+02 2.500553975011646964e+32
7.061710000000000491e+02 2.477822122213730360e+32
7.064360000000000355e+02 2.474500300830135146e+32
7.067010000000000218e+02 2.488022372619331070e+32
7.069660000000000082e+02 2.466907814730333358e+32
7.072309999999999945e+02 2.415060117276072426e+32
7.074959999999999809e+02 2.389763196893266292e+32
7.077619999999999436e+02 2.367450764571705613e+32
7.080270000000000437e+02 2.361155394868357425e+32
7.082930000000000064e+02 2.368407131262310042e+32
7.085579999999999927e+02 2.331675888025599052e+32
7.088239999999999554e+02 2.304879938295376976e+32
7.090900000000000318e+02 2.287315967432913788e+32
7.093559999999999945e+02 2.265423473103977799e+32
7.096219999999999573e+02 2.263303827025901068e+32
7.098880000000000337e+02 2.223676446632185612e+32
7.101539999999999964e+02 2.171824907716121598e+32
7.104199999999999591e+02 2.153463130556915598e+32
7.106870000000000118e+02 2.151024536685334083e+32
7.109529999999999745e+02 2.156718476664474703e+32
7.112200000000000273e+02 2.125938706528572148e+32
7.114869999999999663e+02 2.069333879275025728e+32
7.117530000000000427e+02 2.061533523054234583e+32
7.120199999999999818e+02 2.077121115772552515e+32
7.122870000000000346e+02 2.090181515644346207e+32
7.125539999999999736e+02 2.072105494816946345e+32
7.128220000000000027e+02 1.999588266693453402e+32
7.130890000000000555e+02 1.964622388844209976e+32
7.133559999999999945e+02 1.971792698202714357e+32
7.136240000000000236e+02 1.959629986489996353e+32
7.138909999999999627e+02 1.931469861992948349e+32
7.141589999999999918e+02 1.888108410969372833e+32
7.144270000000000209e+02 1.874158514028307476e+32
7.146950000000000500e+02 1.886177529990289033e+32
7.149629999999999654e+02 1.875020003552363891e+32
7.152309999999999945e+02 1.863656682296402850e+32
7.154990000000000236e+02 1.832899766598162283e+32
7.157680000000000291e+02 1.792775793431209987e+32
7.160359999999999445e+02 1.769826600001334980e+32
7.163039999999999736e+02 1.736910556464851521e+32
7.165729999999999791e+02 1.725459674904428571e+32
7.168419999999999845e+02 1.731756423563005792e+32
7.171109999999999900e+02 1.708433335381059551e+32
7.173799999999999955e+02 1.682606529370207984e+32
7.176490000000000009e+02 1.663032887207971030e+32
7.179180000000000064e+02 1.648609882739024109e+32
7.181870000000000118e+02 1.645612149201990610e+32
7.184560000000000173e+02 1.636284301465336362e+32
7.187259999999999991e+02 1.608878937672368259e+32
7.189950000000000045e+02 1.566151714952173080e+32
7.192649999999999864e+02 1.542968810856601147e+32
7.195349999999999682e+02 1.550165258119630250e+32
7.198039999999999736e+02 1.538565090321637908e+32
7.200739999999999554e+02 1.506158580533536037e+32
7.203440000000000509e+02 1.487553745027437701e+32
7.206140000000000327e+02 1.483734515751682036e+32
7.208849999999999909e+02 1.484715372737071497e+32
7.211549999999999727e+02 1.468223483619991731e+32
7.214249999999999545e+02 1.437338857912043456e+32
7.216960000000000264e+02 1.415728901457522122e+32
7.219669999999999845e+02 1.396690796853690735e+32
7.222369999999999663e+02 1.376827902971492538e+32
7.225080000000000382e+02 1.358471053505735741e+32
7.227789999999999964e+02 1.339031228268398143e+32
7.230499999999999545e+02 1.321184194725155564e+32
7.233210000000000264e+02 1.307052392605968193e+32
7.235929999999999609e+02 1.299363034078766593e+32
7.238640000000000327e+02 1.290288116612059511e+32
7.241349999999999909e+02 1.273765819639831543e+32
7.244070000000000391e+02 1.252290403434596636e+32
7.246789999999999736e+02 1.221817415167228645e+32
7.249500000000000455e+02 1.203574014675640372e+32
7.252219999999999800e+02 1.202384143411171852e+32
7.254940000000000282e+02 1.195234188320272423e+32
7.257659999999999627e+02 1.172792524672296008e+32
7.260380000000000109e+02 1.161496317995383043e+32
7.263110000000000355e+02 1.160455595149840267e+32
7.265829999999999700e+02 1.151090031603077021e+32
7.268550000000000182e+02 1.130623931079550963e+32
7.271280000000000427e+02 1.104142954171921957e+32
7.274009999999999536e+02 1.078249834667766594e+32
7.276730000000000018e+02 1.066633734950899149e+32
7.279460000000000264e+02 1.058979606619102481e+32
7.282190000000000509e+02 1.043229452428631569e+32
7.284919999999999618e+02 1.035405926225590520e+32
7.287659999999999627e+02 1.026330475841369860e+32
7.290389999999999873e+02 1.012811418744489591e+32
7.293120000000000118e+02 1.011834536798743440e+32
7.295860000000000127e+02 1.016946850511513644e+32
7.298590000000000373e+02 1.020390470856723490e+32
7.301330000000000382e+02 1.031357494956624784e+32
7.304070000000000391e+02 1.050374890661800279e+32
7.306810000000000400e+02 1.092270493983810191e+32
7.309550000000000409e+02 1.154400497251662274e+32
7.312290000000000418e+02 1.203252769391790475e+32
7.315030000000000427e+02 1.232602714353291912e+32
7.317770000000000437e+02 1.262732608207015756e+32
7.320520000000000209e+02 1.302343182630794767e+32
7.323260000000000218e+02 1.340763581470238792e+32
7.326009999999999991e+02 1.370719954049320324e+32
7.328759999999999764e+02 1.405703067945922848e+32
7.331499999999999773e+02 1.435870190719891573e+32
7.334249999999999545e+02 1.446601305454136873e+32
7.337000000000000455e+02 1.470419874223684266e+32
7.339759999999999991e+02 1.504665515050814612e+32
7.342509999999999764e+02 1.539371589326477509e+32
7.345259999999999536e+02 1.582008074866882336e+32
7.348020000000000209e+02 1.605749647433831192e+32
7.350769999999999982e+02 1.616386840873968035e+32
7.353529999999999518e+02 1.628257657523988870e+32
7.356290000000000191e+02 1.617883998823091455e+32
7.359039999999999964e+02 1.594479087246756801e+32
7.361799999999999500e+02 1.601570674065203334e+32
7.364560000000000173e+02 1.610131679332413709e+32
7.367329999999999472e+02 1.573910878582082549e+32
7.370090000000000146e+02 1.548107427553091816e+32
7.372849999999999682e+02 1.571963914952457045e+32
7.375620000000000118e+02 1.611752099521385564e+32
7.378379999999999654e+02 1.643604923698697526e+32
7.381150000000000091e+02 1.641317154297188712e+32
7.383920000000000528e+02 1.613210081050740636e+32
7.386689999999999827e+02 1.599914057999311013e+32
7.389460000000000264e+02 1.602601628482284754e+32
7.392229999999999563e+02 1.580579355247484472e+32
7.395000000000000000e+02 1.524865759733151955e+32
7.397770000000000437e+02 1.494099678627809662e+32
7.400549999999999500e+02 1.471806816610177184e+32
7.403319999999999936e+02 1.431832369876726885e+32
7.406100000000000136e+02 1.408251117411712229e+32
7.408880000000000337e+02 1.390473853607834903e+32
7.411649999999999636e+02 1.381372262756500801e+32
7.414429999999999836e+02 1.379450998126742313e+32
7.417210000000000036e+02 1.330028721761022356e+32
7.420000000000000000e+02 1.289247200562314658e+32
7.422780000000000200e+02 1.294919401561950193e+32
7.425560000000000400e+02 1.301218949147823531e+32
7.428350000000000364e+02 1.292450703646229183e+32
7.431130000000000564e+02 1.263707511592340013e+32
7.433920000000000528e+02 1.256573438133354093e+32
7.436710000000000491e+02 1.249507698659921225e+32
7.439500000000000455e+02 1.196022079386280296e+32
7.442290000000000418e+02 1.160642298174017400e+32
7.445080000000000382e+02 1.145657190775707165e+32
7.447870000000000346e+02 1.133209456529841608e+32
7.450660000000000309e+02 1.138660596043418643e+32
7.453460000000000036e+02 1.140944788485261591e+32
7.456250000000000000e+02 1.123618493882360117e+32
7.459049999999999727e+02 1.089676587570227470e+32
7.461839999999999691e+02 1.037840851620549714e+32
7.464640000000000555e+02 1.007944974930060184e+32
7.467440000000000282e+02 9.985581586859079911e+31
7.470240000000000009e+02 9.889984069245396747e+31
7.473039999999999736e+02 9.941919814188818159e+31
7.475839999999999463e+02 9.856534707906878052e+31
7.478650000000000091e+02 9.565580575827819204e+31
7.481449999999999818e+02 9.256542274100498258e+31
7.484260000000000446e+02 8.931570321537734924e+31
7.487060000000000173e+02 8.923284487810964674e+31
7.489869999999999663e+02 9.006359578769668358e+31
7.492680000000000291e+02 8.795399901830510250e+31
7.495489999999999782e+02 8.701492387449811276e+31
7.498300000000000409e+02 8.623467912343926164e+31
7.501109999999999900e+02 8.425659311736554271e+31
7.503930000000000291e+02 8.357636941286134419e+31
7.506739999999999782e+02 8.306088613665535347e+31
7.509560000000000173e+02 8.193867273180803970e+31
7.512369999999999663e+02 8.111311421086203860e+31
7.515190000000000055e+02 8.013074569751266502e+31
7.518010000000000446e+02 7.959816268032121805e+31
7.520829999999999700e+02 7.926716292073736948e+31
7.523650000000000091e+02 7.883950450304195647e+31
7.526470000000000482e+02 7.957667043621715056e+31
7.529289999999999736e+02 8.068933148075887560e+31
7.532110000000000127e+02 8.027250840647130765e+31
7.534940000000000282e+02 7.893000508427356402e+31
7.537759999999999536e+02 8.102868168900849572e+31
7.540589999999999691e+02 8.632707604330394773e+31
7.543419999999999845e+02 8.927128435186130018e+31
7.546250000000000000e+02 8.879828454715377226e+31
7.549080000000000155e+02 8.911649433328970550e+31
7.551910000000000309e+02 9.214152840415010243e+31
7.554740000000000464e+02 9.546432108727474498e+31
7.557569999999999482e+02 9.866839249673612344e+31
7.560410000000000537e+02 1.022451228324093130e+32
7.563239999999999554e+02 1.056829329935756252e+32
7.566079999999999472e+02 1.095163026275748783e+32
7.568920000000000528e+02 1.147794373359168996e+32
7.571749999999999545e+02 1.232471551085385119e+32
7.574589999999999463e+02 1.326923046225204188e+32
7.577430000000000518e+02 1.382149466905655184e+32
7.580280000000000200e+02 1.424862725677208751e+32
7.583120000000000118e+02 1.504155592384078403e+32
7.585960000000000036e+02 1.639031944443773362e+32
7.588809999999999718e+02 1.780155353075279259e+32
7.591649999999999636e+02 1.865156912787591547e+32
7.594500000000000455e+02 1.951340097508426897e+32
7.597350000000000136e+02 2.091567817771862295e+32
7.600199999999999818e+02 2.264830283368240195e+32
7.603049999999999500e+02 2.436313897604454321e+32
7.605900000000000318e+02 2.627806835770724720e+32
7.608750000000000000e+02 2.862880080302424527e+32
7.611599999999999682e+02 3.074332790570226139e+32
7.614460000000000264e+02 3.235209649422615764e+32
7.617309999999999945e+02 3.422056683281820034e+32
7.620170000000000528e+02 3.686297750687522088e+32
7.623029999999999973e+02 3.931431372204421482e+32
7.625890000000000555e+02 4.132790489540623142e+32
7.628740000000000236e+02 4.356030802197171920e+32
7.631609999999999445e+02 4.591869020420966382e+32
7.634470000000000027e+02 4.780624828633830531e+32
7.637329999999999472e+02 4.992865480927390215e+32
7.640190000000000055e+02 5.224025900265178108e+32
7.643060000000000400e+02 5.404773857110454479e+32
7.645929999999999609e+02 5.587118724231625904e+32
7.648790000000000191e+02 5.818016116623871757e+32
7.651660000000000537e+02 6.114216230043925421e+32
7.654529999999999745e+02 6.384735920407570813e+32
7.657400000000000091e+02 6.510098118662282744e+32
7.660270000000000437e+02 6.574067312846261800e+32
7.663150000000000546e+02 6.759266407790007061e+32
7.666019999999999754e+02 7.017427197519303374e+32
7.668890000000000100e+02 7.239791738740817217e+32
7.671770000000000209e+02 7.530655845554149167e+32
7.674650000000000318e+02 7.810444438277305242e+32
7.677519999999999527e+02 7.932615531123617481e+32
7.680399999999999636e+02 7.866087092939435389e+32
7.683279999999999745e+02 7.857674304512065241e+32
7.686159999999999854e+02 8.067989023283094779e+32
7.689049999999999727e+02 8.297158792015010593e+32
7.691929999999999836e+02 8.356045611093174586e+32
7.694809999999999945e+02 8.354609156115223785e+32
7.697699999999999818e+02 8.411570900076969253e+32
7.700589999999999691e+02 8.468442339623397582e+32
7.703469999999999800e+02 8.553952482690989715e+32
7.706359999999999673e+02 8.762852998672366513e+32
7.709249999999999545e+02 9.008976979631354428e+32
7.712140000000000555e+02 8.999224402278486350e+32
7.715040000000000191e+02 8.745251272650822065e+32
7.717930000000000064e+02 8.510825367333851525e+32
7.720819999999999936e+02 8.520243163220091048e+32
7.723719999999999573e+02 8.667794710179754519e+32
7.726620000000000346e+02 8.721656266244463997e+32
7.729510000000000218e+02 8.682655370783098808e+32
7.732409999999999854e+02 8.663426006135261135e+32
7.735309999999999491e+02 8.755056326947458509e+32
7.738210000000000264e+02 8.656957410396612397e+32
7.741109999999999900e+02 8.292013164708525210e+32
7.744020000000000437e+02 8.056043224342986323e+32
7.746920000000000073e+02 8.112889293833855671e+32
7.749829999999999472e+02 8.292616538215938615e+32
7.752730000000000246e+02 8.319839735478737625e+32
7.755639999999999645e+02 8.168589541297700940e+32
7.758550000000000182e+02 8.001672015858175902e+32
7.761459999999999582e+02 7.880890116908386868e+32
7.764370000000000118e+02 7.850652294515909599e+32
7.767279999999999518e+02 7.885993415859372448e+32
7.770190000000000055e+02 7.847089319326414536e+32
7.773110000000000355e+02 7.737551033135145795e+32
7.776019999999999754e+02 7.705706416777464376e+32
7.778940000000000055e+02 7.643074933827364146e+32
7.781849999999999454e+02 7.520775168070724333e+32
7.784769999999999754e+02 7.416360340925572650e+32
7.787690000000000055e+02 7.341146614948103418e+32
7.790610000000000355e+02 7.431279815936766611e+32
7.793529999999999518e+02 7.543850745510387800e+32
7.796459999999999582e+02 7.543382049510787821e+32
7.799379999999999882e+02 7.474406101951963608e+32
7.802300000000000182e+02 7.384642258190948302e+32
7.805230000000000246e+02 7.474822076510356076e+32
7.808160000000000309e+02 7.691566940674821585e+32
7.811090000000000373e+02 7.815010460041704825e+32
7.814009999999999536e+02 7.879227540775102291e+32
7.816939999999999600e+02 7.967982095668958743e+32
7.819880000000000564e+02 8.114608064659569603e+32
7.822809999999999491e+02 8.338797156368081246e+32
7.825739999999999554e+02 8.490714448764488179e+32
7.828680000000000518e+02 8.624126978449886132e+32
7.831609999999999445e+02 8.788306528226707623e+32
7.834550000000000409e+02 8.903859296883171579e+32
7.837490000000000236e+02 9.199979783444333673e+32
7.840430000000000064e+02 9.530162195222368197e+32
7.843369999999999891e+02 9.716565415653468902e+32
7.846309999999999718e+02 9.896845775696942612e+32
7.849249999999999545e+02 9.830243358410070831e+32
7.852190000000000509e+02 9.804457238778120883e+32
7.855140000000000100e+02 1.006096488746508899e+33
7.858079999999999927e+02 1.033134656207058441e+33
7.861029999999999518e+02 1.066500280820622699e+33
7.863980000000000246e+02 1.092082957692478693e+33
7.866929999999999836e+02 1.105591771389442121e+33
7.869880000000000564e+02 1.121453170588507391e+33
7.872830000000000155e+02 1.130122943256447914e+33
7.875779999999999745e+02 1.147416556035200145e+33
7.878730000000000473e+02 1.177154622961357292e+33
7.881689999999999827e+02 1.189848584827271656e+33
7.884640000000000555e+02 1.198881995602801225e+33
7.887599999999999909e+02 1.235468136289249190e+33
7.890560000000000400e+02 1.282006937528382602e+33
7.893519999999999754e+02 1.320245327432963918e+33
7.896480000000000246e+02 1.339792642717219263e+33
7.899439999999999600e+02 1.341339378480104548e+33
7.902400000000000091e+02 1.359846723330789695e+33
7.905370000000000346e+02 1.392595633966834515e+33
7.908329999999999700e+02 1.429119387654798148e+33
7.911299999999999955e+02 1.466716753264775915e+33
7.914260000000000446e+02 1.488056242425737685e+33
7.917229999999999563e+02 1.521297170439963713e+33
7.920199999999999818e+02 1.571873840117322146e+33
7.923170000000000073e+02 1.618744137868909765e+33
7.926140000000000327e+02 1.663509719061927380e+33
7.929109999999999445e+02 1.711183615778149139e+33
7.932089999999999463e+02 1.772010391561374748e+33
7.935059999999999718e+02 1.854273159863736105e+33
7.938039999999999736e+02 1.977127185851288568e+33
7.941009999999999991e+02 2.113724515062529143e+33
7.943990000000000009e+02 2.234925290141039984e+33
7.946970000000000027e+02 2.410407210404080187e+33
7.949950000000000045e+02 2.637006018591889300e+33
7.952930000000000064e+02 2.841727666757361576e+33
7.955910000000000082e+02 3.023296610808984079e+33
7.958899999999999864e+02 3.257302730146217445e+33
7.961879999999999882e+02 3.571102481769646174e+33
7.964869999999999663e+02 3.855605746584171263e+33
7.967849999999999682e+02 4.221872323447465402e+33
7.970839999999999463e+02 4.799565202834195035e+33
7.973830000000000382e+02 5.396052879907689763e+33
7.976820000000000164e+02 5.810915804312308748e+33
7.979809999999999945e+02 6.206861822679971133e+33
7.982799999999999727e+02 6.882909729403701617e+33
7.985800000000000409e+02 7.626441549102129831e+33
7.988790000000000191e+02 8.113031839085104294e+33
7.991789999999999736e+02 8.625136632548777463e+33
7.994790000000000418e+02 9.286741585560027621e+33
7.997780000000000200e+02 1.006848479035016611e+34
8.000779999999999745e+02 1.097095404630631995e+34
8.003780000000000427e+02 1.173018564136151293e+34
8.006779999999999973e+02 1.232634048587746884e+34
8.009790000000000418e+02 1.288572392798891561e+34
8.012789999999999964e+02 1.346248711073959905e+34
8.015800000000000409e+02 1.407858408972009051e+34
8.018799999999999955e+02 1.471685081910439917e+34
8.021810000000000400e+02 1.522255379005933465e+34
8.024819999999999709e+02 1.581128065410902731e+34
8.027830000000000155e+02 1.679481217491763540e+34
8.030839999999999463e+02 1.774628626236316868e+34
8.033849999999999909e+02 1.847013782629764109e+34
8.036860000000000355e+02 1.927092736231577972e+34
8.039869999999999663e+02 2.019789760792655574e+34
8.042889999999999873e+02 2.089491973227562748e+34
8.045910000000000082e+02 2.097297133378105742e+34
8.048920000000000528e+02 2.100419673195816043e+34
8.051939999999999600e+02 2.142758527765405301e+34
8.054959999999999809e+02 2.198404988808818887e+34
8.057980000000000018e+02 2.260432620178432865e+34
8.061000000000000227e+02 2.317248901261340937e+34
8.064030000000000200e+02 2.357544042000174036e+34
8.067050000000000409e+02 2.393260770312672169e+34
8.070080000000000382e+02 2.421781891928942892e+34
8.073099999999999454e+02 2.477986481966095965e+34
8.076130000000000564e+02 2.548848328063563255e+34
8.079160000000000537e+02 2.535384813356747206e+34
8.082190000000000509e+02 2.517241663554951826e+34
8.085220000000000482e+02 2.578122314690325749e+34
8.088250000000000455e+02 2.652997889937255873e+34
8.091280000000000427e+02 2.702484575922460664e+34
8.094320000000000164e+02 2.734386888712917134e+34
8.097350000000000136e+02 2.781823629423896130e+34
8.100389999999999873e+02 2.836530847798368639e+34
8.103429999999999609e+02 2.847456448354586278e+34
8.106470000000000482e+02 2.859639459291192845e+34
8.109510000000000218e+02 2.893793600233562690e+34
8.112549999999999955e+02 2.913770297492020336e+34
8.115589999999999691e+02 2.981720427318824364e+34
8.118630000000000564e+02 3.077042154323799759e+34
8.121680000000000064e+02 3.097910975024941184e+34
8.124719999999999800e+02 3.078733735657298720e+34
8.127770000000000437e+02 3.111244331800097225e+34
8.130819999999999936e+02 3.176308001566782861e+34
8.133869999999999436e+02 3.197925464358821177e+34
8.136920000000000073e+02 3.230087336642838579e+34
8.139969999999999573e+02 3.321717457700677753e+34
8.143020000000000209e+02 3.370665792191801487e+34
8.146069999999999709e+02 3.371197608489481621e+34
8.149130000000000109e+02 3.407881396456449795e+34
8.152179999999999609e+02 3.434880706320730085e+34
8.155240000000000009e+02 3.441730373430789108e+34
8.158300000000000409e+02 3.481487154815674497e+34
8.161359999999999673e+02 3.534856159258120967e+34
8.164420000000000073e+02 3.555568139651406641e+34
8.167480000000000473e+02 3.564849633023789217e+34
8.170539999999999736e+02 3.604584098373312830e+34
8.173609999999999900e+02 3.640297715305454874e+34
8.176670000000000300e+02 3.641628685309792136e+34
8.179740000000000464e+02 3.677787700374303220e+34
8.182809999999999491e+02 3.726655323783699094e+34
8.185879999999999654e+02 3.726884932983185206e+34
8.188940000000000055e+02 3.731664494545148671e+34
8.192019999999999982e+02 3.770525743112465867e+34
8.195090000000000146e+02 3.822057048472971843e+34
8.198160000000000309e+02 3.838506696737210538e+34
8.201240000000000236e+02 3.805120930034902122e+34
8.204310000000000400e+02 3.751866163348818989e+34
8.207390000000000327e+02 3.720998969696123705e+34
8.210470000000000255e+02 3.726536303802004467e+34
8.213540000000000418e+02 3.734234164765786187e+34
8.216620000000000346e+02 3.728057355907967710e+34
8.219710000000000036e+02 3.725762622266453758e+34
8.222789999999999964e+02 3.695573020748926255e+34
8.225869999999999891e+02 3.667164715347598723e+34
8.228959999999999582e+02 3.710263819236956357e+34
8.232039999999999509e+02 3.709752686425364975e+34
8.235130000000000337e+02 3.647540872965377377e+34
8.238220000000000027e+02 3.656980306734484983e+34
8.241309999999999718e+02 3.662999424042762882e+34
8.244400000000000546e+02 3.620914600946465274e+34
8.247490000000000236e+02 3.639497976957485374e+34
8.250579999999999927e+02 3.672372039920693030e+34
8.253680000000000518e+02 3.663023535643780127e+34
8.256770000000000209e+02 3.671092670620875892e+34
8.259869999999999663e+02 3.684991088856381194e+34
8.262960000000000491e+02 3.688228082611578565e+34
8.266059999999999945e+02 3.700987299634898034e+34
8.269160000000000537e+02 3.747744044104934378e+34
8.272259999999999991e+02 3.827460084347727315e+34
8.275370000000000346e+02 3.844329612778316706e+34
8.278469999999999800e+02 3.834072687941553681e+34
8.281570000000000391e+02 3.898080199781704347e+34
8.284679999999999609e+02 3.977823475637584376e+34
8.287789999999999964e+02 4.018425843914251940e+34
8.290890000000000555e+02 4.070802971670120494e+34
8.293999999999999773e+02 4.147003761599537532e+34
8.297110000000000127e+02 4.191476698477949072e+34
8.300220000000000482e+02 4.243599112108609403e+34
8.303339999999999463e+02 4.372822571836671484e+34
8.306449999999999818e+02 4.510843688635590916e+34
8.309569999999999936e+02 4.602462116845367503e+34
8.312680000000000291e+02 4.676131619847266239e+34
8.315800000000000409e+02 4.790394833127572878e+34
8.318920000000000528e+02 4.949424302631995239e+34
8.322039999999999509e+02 5.057558011001545162e+34
8.325159999999999627e+02 5.167710420544434841e+34
8.328279999999999745e+02 5.434031979080731245e+34
8.331399999999999864e+02 5.723104710205419407e+34
8.334529999999999745e+02 5.848481575152647142e+34
8.337649999999999864e+02 5.962093071437910178e+34
8.340779999999999745e+02 6.248554719605550631e+34
8.343909999999999627e+02 6.563351326703186893e+34
8.347039999999999509e+02 6.744229601086764494e+34
8.350170000000000528e+02 6.917180690762226313e+34
8.353300000000000409e+02 7.228796912493494845e+34
8.356430000000000291e+02 7.581379711602810305e+34
8.359560000000000173e+02 7.896127041180849350e+34
8.362699999999999818e+02 8.243945669526479997e+34
8.365829999999999700e+02 8.619553118155008402e+34
8.368970000000000482e+02 8.991176782959228203e+34
8.372110000000000127e+02 9.327610855142588269e+34
8.375249999999999773e+02 9.623549493752495498e+34
8.378390000000000555e+02 1.001238504007910867e+35
8.381530000000000200e+02 1.038134092647529298e+35
8.384669999999999845e+02 1.070188512146696504e+35
8.387820000000000391e+02 1.115022526562405945e+35
8.390960000000000036e+02 1.155504445595521338e+35
8.394109999999999445e+02 1.190493643225945924e+35
8.397259999999999991e+02 1.239531147848555437e+35
8.400410000000000537e+02 1.281365451746460615e+35
8.403559999999999945e+02 1.314246819408756490e+35
8.406710000000000491e+02 1.358403285122183634e+35
8.409859999999999900e+02 1.404048462454121191e+35
8.413020000000000209e+02 1.451329885686134841e+35
8.416169999999999618e+02 1.507126999730498196e+35
8.419329999999999927e+02 1.550989130339168791e+35
8.422480000000000473e+02 1.574747410664416885e+35
8.425639999999999645e+02 1.593340422134321974e+35
8.428799999999999955e+02 1.623313265546799709e+35
8.431960000000000264e+02 1.675875403032128828e+35
8.435119999999999436e+02 1.735087600819703649e+35
8.438289999999999509e+02 1.772159406207956527e+35
8.441449999999999818e+02 1.796423415661485381e+35
8.444619999999999891e+02 1.829171911884389147e+35
8.447780000000000200e+02 1.865817625845152863e+35
8.450950000000000273e+02 1.912378479559846306e+35
8.454120000000000346e+02 1.967347144500930439e+35
8.457290000000000418e+02 1.980844266787978474e+35
8.460460000000000491e+02 1.975745590978423861e+35
8.463640000000000327e+02 2.019708563248168938e+35
8.466810000000000400e+02 2.085065064706228670e+35
8.469980000000000473e+02 2.121754694999474957e+35
8.473160000000000309e+02 2.129466074744833825e+35
8.476340000000000146e+02 2.155931124687814663e+35
8.479519999999999982e+02 2.207290892836504006e+35
8.482699999999999818e+02 2.237782567350013611e+35
8.485879999999999654e+02 2.258169272842608920e+35
8.489059999999999491e+02 2.284611391642981360e+35
8.492240000000000464e+02 2.317085151129683298e+35
8.495430000000000064e+02 2.365705693688978328e+35
8.498609999999999900e+02 2.398949480552935648e+35
8.501799999999999500e+02 2.411297310586588701e+35
8.504990000000000236e+02 2.455167165410918080e+35
8.508179999999999836e+02 2.530557575814956656e+35
8.511369999999999436e+02 2.583835529344546262e+35
8.514560000000000173e+02 2.612978963624377546e+35
8.517749999999999773e+02 2.647912553910000758e+35
8.520950000000000273e+02 2.698547910036643447e+35
8.524139999999999873e+02 2.751781877927835858e+35
8.527340000000000373e+02 2.790879297114010325e+35
8.530539999999999736e+02 2.836929612106065117e+35
8.533740000000000236e+02 2.894005011849386089e+35
8.536939999999999600e+02 2.938557575843782083e+35
8.540140000000000100e+02 2.976073459936418518e+35
8.543339999999999463e+02 3.036633849796249994e+35
8.546539999999999964e+02 3.117158757115562393e+35
8.549750000000000227e+02 3.186362693401408888e+35
8.552960000000000491e+02 3.247257911932268556e+35
8.556159999999999854e+02 3.324402976023985695e+35
8.559370000000000118e+02 3.382654572863471266e+35
8.562580000000000382e+02 3.413171905741689204e+35
8.565789999999999509e+02 3.465194347403743054e+35
8.568999999999999773e+02 3.557678792562421072e+35
8.572219999999999800e+02 3.681607148025172749e+35
8.575430000000000064e+02 3.774923602244870114e+35
8.578650000000000091e+02 3.812890386590104720e+35
8.581870000000000118e+02 3.893929608003282168e+35
8.585080000000000382e+02 4.038086925811062932e+35
8.588300000000000409e+02 4.147168245803538040e+35
8.591520000000000437e+02 4.222792427830561063e+35
8.594750000000000227e+02 4.288714941140608119e+35
8.597970000000000255e+02 4.387012926253195675e+35
8.601190000000000282e+02 4.566276511701518807e+35
8.604420000000000073e+02 4.697100345403350248e+35
8.607640000000000100e+02 4.749328766141090359e+35
8.610869999999999891e+02 4.829594821982470535e+35
8.614099999999999682e+02 4.968128100682990864e+35
8.617329999999999472e+02 5.172519968053980453e+35
8.620560000000000400e+02 5.376249346950954368e+35
8.623799999999999955e+02 5.529730519323814926e+35
8.627029999999999745e+02 5.687000243281606123e+35
8.630270000000000437e+02 5.846734304427407632e+35
8.633500000000000227e+02 5.967580231077496622e+35
8.636739999999999782e+02 6.039112202035330592e+35
8.639980000000000473e+02 6.178118924357972480e+35
8.643220000000000027e+02 6.449595919928182346e+35
8.646459999999999582e+02 6.673909614963988552e+35
8.649700000000000273e+02 6.795049873371260095e+35
8.652939999999999827e+02 6.976254414197611061e+35
8.656190000000000282e+02 7.243830380829760071e+35
8.659439999999999600e+02 7.468781155853361297e+35
8.662680000000000291e+02 7.624257645108896450e+35
8.665929999999999609e+02 7.822900528639264068e+35
8.669180000000000064e+02 8.073601733620916745e+35
8.672430000000000518e+02 8.273950642554992664e+35
8.675679999999999836e+02 8.450787378634814667e+35
8.678940000000000055e+02 8.659150393198903949e+35
8.682190000000000509e+02 8.814113683579545462e+35
8.685449999999999591e+02 8.952181868893415211e+35
8.688709999999999809e+02 9.241876845700221133e+35
8.691960000000000264e+02 9.562974718383725736e+35
8.695220000000000482e+02 9.759921451945184684e+35
8.698479999999999563e+02 9.981825501747806736e+35
8.701749999999999545e+02 1.022712469865841148e+36
8.705009999999999764e+02 1.035008723925918971e+36
8.708269999999999982e+02 1.046363143654804608e+36
8.711539999999999964e+02 1.061155952868659407e+36
8.714809999999999945e+02 1.072883338066963827e+36
8.718070000000000164e+02 1.086047462245084177e+36
8.721340000000000146e+02 1.101555408644244373e+36
8.724610000000000127e+02 1.120917861908671373e+36
8.727889999999999873e+02 1.140431153243382156e+36
8.731159999999999854e+02 1.150305669815114645e+36
8.734429999999999836e+02 1.157572371307534810e+36
8.737709999999999582e+02 1.167661579007842318e+36
8.740979999999999563e+02 1.169745338338142281e+36
8.744260000000000446e+02 1.166799569026072488e+36
8.747540000000000191e+02 1.169382929344787222e+36
8.750819999999999936e+02 1.169854854618703384e+36
8.754099999999999682e+02 1.169520370219778857e+36
8.757390000000000327e+02 1.174314224057597514e+36
8.760670000000000073e+02 1.173526380001968027e+36
8.763959999999999582e+02 1.167636305229777493e+36
8.767240000000000464e+02 1.161403516848560015e+36
8.770529999999999973e+02 1.153269938694034872e+36
8.773819999999999482e+02 1.147233603058763582e+36
8.777110000000000127e+02 1.143218222505496847e+36
8.780399999999999636e+02 1.134033135439604676e+36
8.783690000000000282e+02 1.117692492506621670e+36
8.786989999999999554e+02 1.100727547868197164e+36
8.790280000000000200e+02 1.090543975722606156e+36
8.793579999999999472e+02 1.079880793024050100e+36
8.796879999999999882e+02 1.057861974017969594e+36
8.800170000000000528e+02 1.034326718019931537e+36
8.803469999999999800e+02 1.017159207726904327e+36
8.806779999999999973e+02 9.962202362181942743e+35
8.810080000000000382e+02 9.694487497460209234e+35
8.813379999999999654e+02 9.433455645420576280e+35
8.816689999999999827e+02 9.160233994721216422e+35
8.819990000000000236e+02 8.839874017992361270e+35
8.823300000000000409e+02 8.523187864172434530e+35
8.826609999999999445e+02 8.198117750369093230e+35
8.829919999999999618e+02 7.848596199904558524e+35
8.833229999999999791e+02 7.546836410831132572e+35
8.836539999999999964e+02 7.240475086039558719e+35
8.839859999999999900e+02 6.881817565137556520e+35
8.843170000000000073e+02 6.539810282188114553e+35
8.846490000000000009e+02 6.221292154660069316e+35
8.849809999999999945e+02 5.907847035985634300e+35
8.853120000000000118e+02 5.588492563755633281e+35
8.856440000000000055e+02 5.274920441740921671e+35
8.859769999999999754e+02 5.009316768447510634e+35
8.863089999999999691e+02 4.741229770130040215e+35
8.866409999999999627e+02 4.435084180267247579e+35
8.869740000000000464e+02 4.162742804487665157e+35
8.873060000000000400e+02 3.941188328164691771e+35
8.876390000000000100e+02 3.725727745842661030e+35
8.879719999999999800e+02 3.505062221162340145e+35
8.883049999999999500e+02 3.279571530990857192e+35
8.886380000000000337e+02 3.098597438244032963e+35
8.889710000000000036e+02 2.951957065249057033e+35
8.893049999999999500e+02 2.787786631612403032e+35
8.896380000000000337e+02 2.634354533718410217e+35
8.899719999999999800e+02 2.488281200048482880e+35
8.903049999999999500e+02 2.364124385917504626e+35
8.906390000000000100e+02 2.286139132492119481e+35
8.909729999999999563e+02 2.195160280480328673e+35
8.913070000000000164e+02 2.073752839204097630e+35
8.916420000000000528e+02 1.968979616305131019e+35
8.919759999999999991e+02 1.891400088560836484e+35
8.923099999999999454e+02 1.823739300372186750e+35
8.926449999999999818e+02 1.749590985892178252e+35
8.929800000000000182e+02 1.664924351730231218e+35
8.933150000000000546e+02 1.575846692748869944e+35
8.936499999999999773e+02 1.489150452378230665e+35
8.939850000000000136e+02 1.406988425824764794e+35
8.943200000000000500e+02 1.317969950022959874e+35
8.946549999999999727e+02 1.223544133822622980e+35
8.949909999999999854e+02 1.148090672821556465e+35
8.953269999999999982e+02 1.089817810402648613e+35
8.956620000000000346e+02 1.021068414663981283e+35
8.959980000000000473e+02 9.434147285273510467e+34
8.963339999999999463e+02 8.750597056198332657e+34
8.966699999999999591e+02 8.271125055164064098e+34
8.970069999999999482e+02 7.870582346510223900e+34
8.973429999999999609e+02 7.297228778348397435e+34
8.976789999999999736e+02 6.693311392567217289e+34
8.980159999999999627e+02 6.246525455351891874e+34
8.983529999999999518e+02 5.819838918771435923e+34
8.986900000000000546e+02 5.329866193388692391e+34
8.990270000000000437e+02 4.737624438892280994e+34
8.993640000000000327e+02 4.091583665065038247e+34
8.997010000000000218e+02 3.479353090568927256e+34
9.000380000000000109e+02 2.871167709934153633e+34
9.003759999999999764e+02 2.283987167625699613e+34
9.007140000000000555e+02 1.767643859352807881e+34
9.010510000000000446e+02 1.300819843817152211e+34
9.013890000000000100e+02 8.936923301164524748e+33
9.017269999999999754e+02 5.905324310856707187e+33
9.020650000000000546e+02 3.868866131106479156e+33
9.024039999999999964e+02 2.553881766149274121e+33
9.027419999999999618e+02 1.724563706789140521e+33
9.030810000000000173e+02 1.241027168817728922e+33
9.034189999999999827e+02 9.949992393847067954e+32
9.037580000000000382e+02 8.238492257062402880e+32
9.040969999999999800e+02 6.916562272073275485e+32
9.044360000000000355e+02 6.513829262291972999e+32
9.047749999999999773e+02 6.246833442718586618e+32
9.051150000000000091e+02 5.621263676703920930e+32
9.054539999999999509e+02 4.776219826293060679e+32
9.057930000000000064e+02 4.271091616809833284e+32
9.061330000000000382e+02 4.816828938478569946e+32
9.064729999999999563e+02 5.639519664331830860e+32
9.068129999999999882e+02 5.772578759981558654e+32
9.071530000000000200e+02 6.156514361131801191e+32
9.074930000000000518e+02 6.658853991845488042e+32
9.078329999999999700e+02 6.202876916219121507e+32
9.081739999999999782e+02 4.969405303370653726e+32
9.085140000000000100e+02 3.726135009436928349e+32
9.088550000000000182e+02 3.669106136744225817e+32
9.091960000000000264e+02 5.174504195124003895e+32
9.095370000000000346e+02 6.593665482524893934e+32
9.098780000000000427e+02 6.995139470286407255e+32
9.102190000000000509e+02 7.001898200164949151e+32
9.105610000000000355e+02 5.986732898599181972e+32
9.109020000000000437e+02 4.786941620334130755e+32
9.112440000000000282e+02 4.761017404610777762e+32
9.115850000000000364e+02 5.605681068978689651e+32
9.119270000000000209e+02 6.475835998591176011e+32
9.122690000000000055e+02 6.252482333915190517e+32
9.126109999999999900e+02 5.615574190048895137e+32
9.129529999999999745e+02 6.113759955074191091e+32
9.132960000000000491e+02 6.796377901563630970e+32
9.136380000000000337e+02 5.964940657097139732e+32
9.139809999999999945e+02 5.080511626485121901e+32
9.143239999999999554e+02 5.759665633522795469e+32
9.146660000000000537e+02 6.634860122869924016e+32
9.150090000000000146e+02 6.186071338870407216e+32
9.153529999999999518e+02 5.355290717261724688e+32
9.156960000000000264e+02 4.966065568174813523e+32
9.160389999999999873e+02 4.850527454858239219e+32
9.163830000000000382e+02 4.772389646149993552e+32
9.167259999999999991e+02 4.979450832576308510e+32
9.170700000000000500e+02 5.486690121801315287e+32
9.174139999999999873e+02 5.651467752446588039e+32
9.177580000000000382e+02 5.878046922501758999e+32
9.181019999999999754e+02 6.226606249275430248e+32
9.184470000000000027e+02 6.018277925573727782e+32
9.187910000000000537e+02 5.093843238860469699e+32
9.191359999999999673e+02 4.450745278046493368e+32
9.194800000000000182e+02 4.284236265249068081e+32
9.198250000000000455e+02 4.114330779905223803e+32
9.201699999999999591e+02 4.395795447331358285e+32
9.205149999999999864e+02 5.161038689009995264e+32
9.208600000000000136e+02 5.740230755589702488e+32
9.212060000000000173e+02 6.239571777631609713e+32
9.215510000000000446e+02 7.048730929777141928e+32
9.218970000000000482e+02 7.059937352456153341e+32
9.222419999999999618e+02 5.563784811433767145e+32
9.225879999999999654e+02 4.713928322346045021e+32
9.229339999999999691e+02 5.621625730509385569e+32
9.232799999999999727e+02 6.822305448305395555e+32
9.236259999999999764e+02 7.081738565989650038e+32
9.239729999999999563e+02 6.639692870451707526e+32
9.243189999999999600e+02 6.337823548977674378e+32
9.246660000000000537e+02 5.812577145450975065e+32
9.250130000000000337e+02 4.919134696655600588e+32
9.253600000000000136e+02 5.119674938409928821e+32
9.257069999999999936e+02 6.431145516781449236e+32
9.260539999999999736e+02 6.837000341085392335e+32
9.264009999999999536e+02 6.136365507152387581e+32
9.267480000000000473e+02 5.998254856247899022e+32
9.270960000000000036e+02 6.250068637845686682e+32
9.274439999999999600e+02 6.059929554976039665e+32
9.277910000000000537e+02 5.528419771312649180e+32
9.281390000000000100e+02 5.684040861309140964e+32
9.284869999999999663e+02 6.141404300406452510e+32
9.288350000000000364e+02 5.758896463238124496e+32
9.291839999999999691e+02 5.596152398432799865e+32
9.295320000000000391e+02 6.089741118857863022e+32
9.298809999999999718e+02 5.955626050478284282e+32
9.302300000000000182e+02 5.404211351606716749e+32
9.305779999999999745e+02 5.358629146774265007e+32
9.309270000000000209e+02 5.107783371046116423e+32
9.312759999999999536e+02 4.609584347469464294e+32
9.316259999999999764e+02 4.741383349497245869e+32
9.319750000000000227e+02 5.935892513699252171e+32
9.323239999999999554e+02 6.906998254372046302e+32
9.326739999999999782e+02 6.576638270989816160e+32
9.330240000000000009e+02 6.190326947598153775e+32
9.333740000000000236e+02 5.975023115796474439e+32
9.337240000000000464e+02 5.271851249515472228e+32
9.340739999999999554e+02 4.697948344068397258e+32
9.344239999999999782e+02 4.706403883387745011e+32
9.347749999999999773e+02 4.678303301528250862e+32
9.351250000000000000e+02 4.817572820625944830e+32
9.354759999999999991e+02 6.363016861025811326e+32
9.358269999999999982e+02 8.077879783910153011e+32
9.361779999999999973e+02 7.639410941858878514e+32
9.365289999999999964e+02 6.430566799492923060e+32
9.368799999999999955e+02 5.799637788758839597e+32
9.372309999999999945e+02 5.166258881973375712e+32
9.375829999999999700e+02 5.491306131904230853e+32
9.379339999999999691e+02 7.175413935623533464e+32
9.382859999999999445e+02 8.304275704493489706e+32
9.386380000000000337e+02 7.808984089478906107e+32
9.389900000000000091e+02 6.631058285525233480e+32
9.393419999999999845e+02 6.078809742011549142e+32
9.396939999999999600e+02 6.274115164751394193e+32
9.400470000000000255e+02 6.803921331541954474e+32
9.403990000000000009e+02 7.325091472466721927e+32
9.407519999999999527e+02 7.602470498751883427e+32
9.411040000000000418e+02 7.671819596862770702e+32
9.414569999999999936e+02 7.130509717638600885e+32
9.418099999999999454e+02 6.320802883289395678e+32
9.421639999999999873e+02 5.782637822745484464e+32
9.425170000000000528e+02 6.283953281536049919e+32
9.428700000000000045e+02 7.664878496444111824e+32
9.432240000000000464e+02 8.320105921795945898e+32
9.435779999999999745e+02 7.477967175506225055e+32
9.439320000000000164e+02 6.335048658296770917e+32
9.442849999999999682e+02 6.015372865964244595e+32
9.446399999999999864e+02 5.686468070180116976e+32
9.449940000000000282e+02 5.200225087287511770e+32
9.453479999999999563e+02 5.074718339214942672e+32
9.457029999999999745e+02 5.394902836335798785e+32
9.460570000000000164e+02 6.038207295878081534e+32
9.464120000000000346e+02 6.585547212742031269e+32
9.467670000000000528e+02 6.846760657302829269e+32
9.471219999999999573e+02 7.276888272134770016e+32
9.474769999999999754e+02 7.557623480540810556e+32
9.478329999999999700e+02 7.035492674834590477e+32
9.481879999999999882e+02 6.553404145853619891e+32
9.485439999999999827e+02 6.077812692999878233e+32
9.488990000000000009e+02 5.502501879397641245e+32
9.492549999999999955e+02 5.736140819190308965e+32
9.496109999999999900e+02 6.459897973553749441e+32
9.499669999999999845e+02 6.561625607060991410e+32
9.503229999999999791e+02 5.938506485044884307e+32
9.506799999999999500e+02 5.227276167694858142e+32
9.510359999999999445e+02 4.837745593022996523e+32
9.513930000000000291e+02 4.631898041185739492e+32
9.517500000000000000e+02 4.856784361998148483e+32
9.521069999999999709e+02 5.745688515877618158e+32
9.524640000000000555e+02 7.156830360912222526e+32
9.528210000000000264e+02 8.283454307876765815e+32
9.531779999999999973e+02 8.036136422132502952e+32
9.535359999999999445e+02 6.501301741561675895e+32
9.538930000000000291e+02 5.477543431792390840e+32
9.542509999999999764e+02 5.750820263939572108e+32
9.546090000000000373e+02 6.607471379406416680e+32
9.549669999999999845e+02 7.073784964555932560e+32
9.553250000000000455e+02 6.615267426708390711e+32
9.556829999999999927e+02 6.169666382125327558e+32
9.560410000000000537e+02 6.434969681547744786e+32
9.563999999999999773e+02 7.169056537025905362e+32
9.567590000000000146e+02 7.528311421413287207e+32
9.571169999999999618e+02 7.293106840997318894e+32
9.574759999999999991e+02 6.612939180699109173e+32
9.578350000000000364e+02 5.892446899383438369e+32
9.581950000000000500e+02 5.487485815930123920e+32
9.585539999999999736e+02 5.466577086141493658e+32
9.589130000000000109e+02 5.489734265791952733e+32
9.592730000000000246e+02 6.006929713228304119e+32
9.596330000000000382e+02 7.632098999279701655e+32
9.599919999999999618e+02 8.545732795806905235e+32
9.603519999999999754e+02 7.986764968502353851e+32
9.607129999999999654e+02 7.550432172578619072e+32
9.610729999999999791e+02 7.295937494837943260e+32
9.614329999999999927e+02 6.543250517790849330e+32
9.617939999999999827e+02 5.202137381384757331e+32
9.621539999999999964e+02 4.376195170568135657e+32
9.625149999999999864e+02 4.592021176390187282e+32
9.628759999999999764e+02 5.186383783507703455e+32
9.632369999999999663e+02 5.374448770586524784e+32
9.635990000000000464e+02 5.160331603808055189e+32
9.639600000000000364e+02 5.085394977969857765e+32
9.643210000000000264e+02 4.987612008945997981e+32
9.646829999999999927e+02 4.310879056244395237e+32
9.650449999999999591e+02 3.705755146955233503e+32
9.654070000000000391e+02 3.839075697485555946e+32
9.657690000000000055e+02 4.759519207863287330e+32
9.661309999999999718e+02 5.982627801281310395e+32
9.664930000000000518e+02 6.604732167784703128e+32
9.668559999999999945e+02 6.285075436142374925e+32
9.672179999999999609e+02 5.683162747521515675e+32
9.675810000000000173e+02 5.286245654205344020e+32
9.679439999999999600e+02 5.162453043526965727e+32
9.683070000000000164e+02 5.006814358196127319e+32
9.686699999999999591e+02 4.882043222894330778e+32
9.690330000000000155e+02 5.217192109637576234e+32
9.693959999999999582e+02 5.521918414099113646e+32
9.697599999999999909e+02 5.528640157146799764e+32
9.701240000000000236e+02 5.618801562673251725e+32
9.704869999999999663e+02 5.568881138735720485e+32
9.708509999999999991e+02 5.282773448064695538e+32
9.712150000000000318e+02 5.546390293371575613e+32
9.715800000000000409e+02 6.023127035723407894e+32
9.719439999999999600e+02 5.799635766769666063e+32
9.723079999999999927e+02 4.912386915699091816e+32
9.726730000000000018e+02 4.122337451989452689e+32
9.730380000000000109e+02 3.950990487482022581e+32
9.734030000000000200e+02 4.152189974794635569e+32
9.737680000000000291e+02 4.472928132410779227e+32
9.741330000000000382e+02 5.226121110736441191e+32
9.744980000000000473e+02 6.173288868185066290e+32
9.748640000000000327e+02 6.891963827339826216e+32
9.752290000000000418e+02 7.453887655073362432e+32
9.755950000000000273e+02 7.217337992540807143e+32
9.759610000000000127e+02 6.175737528189167596e+32
9.763269999999999982e+02 5.396806886044524040e+32
9.766929999999999836e+02 4.879806975018191258e+32
9.770589999999999691e+02 4.547899226161370487e+32
9.774249999999999545e+02 4.680329102219180829e+32
9.777920000000000300e+02 5.184676952659802607e+32
9.781589999999999918e+02 5.729980354156064867e+32
9.785259999999999536e+02 6.099089661681724777e+32
9.788920000000000528e+02 6.206036534617657569e+32
9.792599999999999909e+02 6.797832703159765154e+32
9.796269999999999527e+02 7.693038299636949694e+32
9.799940000000000282e+02 8.258282665259398709e+32
9.803619999999999663e+02 8.265080358693958915e+32
9.807290000000000418e+02 7.865942953958244624e+32
9.810969999999999800e+02 7.363383880945503079e+32
9.814650000000000318e+02 6.666027282588004269e+32
9.818329999999999700e+02 6.203306884013788323e+32
9.822010000000000218e+02 6.322155576154968925e+32
9.825700000000000500e+02 6.655921031866023555e+32
9.829379999999999882e+02 6.997876226944166047e+32
9.833070000000000164e+02 7.739088877449293802e+32
9.836749999999999545e+02 8.614423408100155617e+32
9.840439999999999827e+02 9.011196609027772696e+32
9.844130000000000109e+02 9.115416379540358219e+32
9.847820000000000391e+02 9.592134727715286004e+32
9.851520000000000437e+02 1.049598408914738171e+33
9.855209999999999582e+02 1.193042532210117575e+33
9.858909999999999627e+02 1.413566232953259006e+33
9.862599999999999909e+02 1.579939654021603493e+33
9.866299999999999955e+02 1.585968151368244186e+33
9.870000000000000000e+02 1.495186626013773230e+33
9.873700000000000045e+02 1.383670715065523990e+33
9.877409999999999854e+02 1.330677332443847249e+33
9.881109999999999900e+02 1.375969430212503061e+33
9.884819999999999709e+02 1.428823898618131446e+33
9.888519999999999754e+02 1.436774656415159668e+33
9.892229999999999563e+02 1.459442820857248098e+33
9.895940000000000509e+02 1.540596907297486138e+33
9.899650000000000318e+02 1.616033772664935111e+33
9.903360000000000127e+02 1.670975297378922295e+33
9.907079999999999700e+02 1.735308549345124472e+33
9.910789999999999509e+02 1.809395432376544167e+33
9.914510000000000218e+02 1.852104779946980836e+33
9.918229999999999791e+02 1.805602387713830170e+33
9.921950000000000500e+02 1.796040157424027615e+33
9.925670000000000073e+02 1.894677752682373961e+33
9.929389999999999645e+02 1.923995727080069533e+33
9.933110000000000355e+02 1.954802387517280908e+33
9.936839999999999691e+02 2.089041283360827670e+33
9.940560000000000400e+02 2.147524996187520808e+33
9.944289999999999736e+02 2.115047029988981129e+33
9.948020000000000209e+02 2.167255322928355267e+33
9.951749999999999545e+02 2.297252842330767805e+33
9.955480000000000018e+02 2.336320559661874929e+33
9.959220000000000255e+02 2.370893866457616279e+33
9.962949999999999591e+02 2.444249280015089127e+33
9.966689999999999827e+02 2.388514259541238021e+33
9.970420000000000300e+02 2.356566467998162160e+33
9.974160000000000537e+02 2.508538790124109269e+33
9.977899999999999636e+02 2.664016755201149010e+33
9.981649999999999636e+02 2.725504849719609361e+33
9.985389999999999873e+02 2.819556572321913230e+33
9.989130000000000109e+02 2.943823766399882298e+33
9.992880000000000109e+02 3.019834539558623427e+33
9.996630000000000109e+02 3.034517232076914183e+33
1.000039999999999964e+03 2.978548618229544959e+33
1.000409999999999968e+03 2.912193648842400420e+33
1.000789999999999964e+03 2.851266595429538740e+33
1.001159999999999968e+03 2.927725165432426795e+33
1.001539999999999964e+03 3.224672999255478766e+33
1.001909999999999968e+03 3.411547546375328871e+33
1.002289999999999964e+03 3.382793878903038388e+33
1.002669999999999959e+03 3.375254110986072774e+33
1.003039999999999964e+03 3.445855834846930618e+33
1.003419999999999959e+03 3.501280657809346942e+33
1.003789999999999964e+03 3.485656951238295522e+33
1.004169999999999959e+03 3.502200609329039949e+33
1.004549999999999955e+03 3.600611306278647859e+33
1.004919999999999959e+03 3.712632053661017455e+33
1.005299999999999955e+03 3.789865703651069975e+33
1.005679999999999950e+03 3.786610394711790075e+33
1.006049999999999955e+03 3.722907441118840338e+33
1.006429999999999950e+03 3.746054398082446246e+33
1.006809999999999945e+03 3.868212697131029137e+33
1.007190000000000055e+03 3.950340575735822276e+33
1.007559999999999945e+03 4.050082824565825607e+33
1.007940000000000055e+03 4.243504018116382595e+33
1.008320000000000050e+03 4.397276417922648564e+33
1.008700000000000045e+03 4.443050581314049878e+33
1.009080000000000041e+03 4.528882192631907368e+33
1.009460000000000036e+03 4.841853010923314235e+33
1.009830000000000041e+03 5.234062508302733731e+33
1.010210000000000036e+03 5.470835618682741902e+33
1.010590000000000032e+03 5.648621030729328721e+33
1.010970000000000027e+03 5.858661494940009322e+33
1.011350000000000023e+03 6.020651969258163433e+33
1.011730000000000018e+03 6.049654589164550551e+33
1.012110000000000014e+03 6.028400707515244423e+33
1.012490000000000009e+03 6.122794698757549644e+33
1.012870000000000005e+03 6.287393929934662932e+33
1.013250000000000000e+03 6.588568380635021766e+33
1.013629999999999995e+03 7.046645498904628984e+33
1.014009999999999991e+03 7.449602097384726877e+33
1.014389999999999986e+03 7.802972019727317966e+33
1.014769999999999982e+03 8.067575387240774572e+33
1.015149999999999977e+03 8.299513523780174999e+33
1.015529999999999973e+03 9.000704277329267252e+33
1.015909999999999968e+03 1.014535184605225703e+34
1.016289999999999964e+03 1.075081937417662453e+34
1.016669999999999959e+03 1.058778607826093288e+34
1.017049999999999955e+03 1.073317151041570238e+34
1.017429999999999950e+03 1.182647879559387159e+34
1.017820000000000050e+03 1.327666226990714938e+34
1.018200000000000045e+03 1.406130093584861731e+34
1.018580000000000041e+03 1.425865316034645489e+34
1.018960000000000036e+03 1.474612450434760674e+34
1.019340000000000032e+03 1.572131810569200313e+34
1.019730000000000018e+03 1.656185310625623049e+34
1.020110000000000014e+03 1.689140048370293264e+34
1.020490000000000009e+03 1.712280589896680894e+34
1.020870000000000005e+03 1.756312017682676694e+34
1.021259999999999991e+03 1.779421517653397085e+34
1.021639999999999986e+03 1.807175324319055014e+34
1.022019999999999982e+03 1.872112860891007240e+34
1.022409999999999968e+03 1.950047712722058575e+34
1.022789999999999964e+03 2.046309228400294421e+34
1.023169999999999959e+03 2.084850678315929210e+34
1.023559999999999945e+03 2.092100293453910855e+34
1.023940000000000055e+03 2.193208349205761065e+34
1.024319999999999936e+03 2.272939865585834315e+34
1.024710000000000036e+03 2.277310236573813821e+34
1.025089999999999918e+03 2.321765655950849247e+34
1.025480000000000018e+03 2.409253513036482588e+34
1.025859999999999900e+03 2.459031658877810500e+34
1.026250000000000000e+03 2.481730263033970341e+34
1.026630000000000109e+03 2.456402933734559964e+34
1.027019999999999982e+03 2.505240220919130629e+34
1.027400000000000091e+03 2.608461369037387835e+34
1.027789999999999964e+03 2.625678381756224708e+34
1.028170000000000073e+03 2.665649871593605485e+34
1.028559999999999945e+03 2.716819374801767273e+34
1.028940000000000055e+03 2.676124619710474654e+34
1.029329999999999927e+03 2.621698270004710768e+34
1.029710000000000036e+03 2.619230754555075596e+34
1.030099999999999909e+03 2.689453862857008024e+34
1.030490000000000009e+03 2.720877273318620523e+34
1.030869999999999891e+03 2.701456243249399260e+34
1.031259999999999991e+03 2.688577686079136182e+34
1.031650000000000091e+03 2.672750244236948831e+34
1.032029999999999973e+03 2.619345079097331720e+34
1.032420000000000073e+03 2.557453631960570286e+34
1.032809999999999945e+03 2.542935075199466346e+34
1.033200000000000045e+03 2.536978794949868488e+34
1.033579999999999927e+03 2.533146854817100449e+34
1.033970000000000027e+03 2.490611670314383018e+34
1.034359999999999900e+03 2.408689238752878734e+34
1.034750000000000000e+03 2.380220953328479103e+34
1.035130000000000109e+03 2.320979114359348792e+34
1.035519999999999982e+03 2.220014162636696674e+34
1.035910000000000082e+03 2.178914444013307489e+34
1.036299999999999955e+03 2.178784841723988724e+34
1.036690000000000055e+03 2.129523096361454342e+34
1.037079999999999927e+03 2.057573578967133728e+34
1.037470000000000027e+03 1.996541637779722537e+34
1.037849999999999909e+03 1.940352334368924173e+34
1.038240000000000009e+03 1.932044020851475993e+34
1.038630000000000109e+03 1.923443129623449354e+34
1.039019999999999982e+03 1.891818385609871556e+34
1.039410000000000082e+03 1.874753452757428055e+34
1.039799999999999955e+03 1.863194925993154256e+34
1.040190000000000055e+03 1.783040325025017351e+34
1.040579999999999927e+03 1.700805258032079008e+34
1.040970000000000027e+03 1.710636392729976883e+34
1.041359999999999900e+03 1.741195995483737487e+34
1.041750000000000000e+03 1.734418019890128122e+34
1.042140000000000100e+03 1.712777313471774266e+34
1.042529999999999973e+03 1.662866938735521624e+34
1.042930000000000064e+03 1.590590975878034884e+34
1.043319999999999936e+03 1.559351904794947908e+34
1.043710000000000036e+03 1.571873760709011307e+34
1.044099999999999909e+03 1.557592250121875384e+34
1.044490000000000009e+03 1.499068042028878004e+34
1.044880000000000109e+03 1.441638105381232171e+34
1.045269999999999982e+03 1.423831858743545590e+34
1.045670000000000073e+03 1.453182352552694872e+34
1.046059999999999945e+03 1.469085774177937953e+34
1.046450000000000045e+03 1.428516897622367715e+34
1.046839999999999918e+03 1.367502809575462483e+34
1.047240000000000009e+03 1.329919460654805537e+34
1.047630000000000109e+03 1.321462374918488595e+34
1.048019999999999982e+03 1.326009975383221034e+34
1.048410000000000082e+03 1.347066905102586157e+34
1.048809999999999945e+03 1.331226502550077100e+34
1.049200000000000045e+03 1.256241239522527730e+34
1.049589999999999918e+03 1.227868290643829526e+34
1.049990000000000009e+03 1.264315654533123960e+34
1.050380000000000109e+03 1.286932361548242805e+34
1.050779999999999973e+03 1.289921510857338641e+34
1.051170000000000073e+03 1.263574362724327345e+34
1.051559999999999945e+03 1.214210275396843862e+34
1.051960000000000036e+03 1.183481912521660936e+34
1.052349999999999909e+03 1.165842818694298043e+34
1.052750000000000000e+03 1.160370385400758571e+34
1.053140000000000100e+03 1.184546404148641771e+34
1.053539999999999964e+03 1.198040269775242285e+34
1.053930000000000064e+03 1.173799686072933174e+34
1.054329999999999927e+03 1.152839278303843565e+34
1.054720000000000027e+03 1.143327182054169352e+34
1.055119999999999891e+03 1.131968348651807163e+34
1.055509999999999991e+03 1.116904499970125418e+34
1.055910000000000082e+03 1.121162910979255708e+34
1.056309999999999945e+03 1.147874160884947024e+34
1.056700000000000045e+03 1.149033732474334849e+34
1.057099999999999909e+03 1.133688290762530227e+34
1.057490000000000009e+03 1.135016514941553907e+34
1.057890000000000100e+03 1.151042065264456944e+34
1.058289999999999964e+03 1.170193120519806339e+34
1.058680000000000064e+03 1.167853561224806712e+34
1.059079999999999927e+03 1.159421586997775751e+34
1.059480000000000018e+03 1.163668415002838903e+34
1.059880000000000109e+03 1.163234791047323553e+34
1.060269999999999982e+03 1.168867102145646079e+34
1.060670000000000073e+03 1.185661591946196350e+34
1.061069999999999936e+03 1.199278203140616485e+34
1.061470000000000027e+03 1.206912571353826429e+34
1.061859999999999900e+03 1.204772449360376658e+34
1.062259999999999991e+03 1.208215973309759047e+34
1.062660000000000082e+03 1.218651926955148717e+34
1.063059999999999945e+03 1.223844662576115684e+34
1.063460000000000036e+03 1.239184891116178737e+34
1.063859999999999900e+03 1.252720028512113026e+34
1.064259999999999991e+03 1.263981474299237882e+34
1.064650000000000091e+03 1.287566515944322649e+34
1.065049999999999955e+03 1.290378501938758352e+34
1.065450000000000045e+03 1.275265238970776635e+34
1.065849999999999909e+03 1.279242235803266978e+34
1.066250000000000000e+03 1.285390497142574406e+34
1.066650000000000091e+03 1.296666480389189973e+34
1.067049999999999955e+03 1.320375469614657445e+34
1.067450000000000045e+03 1.324934805369739683e+34
1.067849999999999909e+03 1.314176093040784537e+34
1.068250000000000000e+03 1.309703817130262574e+34
1.068650000000000091e+03 1.325536078358880429e+34
1.069049999999999955e+03 1.344498654097422747e+34
1.069460000000000036e+03 1.350772794597725007e+34
1.069859999999999900e+03 1.366854925680446684e+34
1.070259999999999991e+03 1.377940020130324006e+34
1.070660000000000082e+03 1.390173520779527263e+34
1.071059999999999945e+03 1.420007554871176080e+34
1.071460000000000036e+03 1.434554412853181382e+34
1.071859999999999900e+03 1.453325615798937884e+34
1.072269999999999982e+03 1.488720812441364898e+34
1.072670000000000073e+03 1.499982558355320116e+34
1.073069999999999936e+03 1.510050117597211816e+34
1.073470000000000027e+03 1.551765318735162576e+34
1.073880000000000109e+03 1.609699901897297675e+34
1.074279999999999973e+03 1.662470263420501445e+34
1.074680000000000064e+03 1.691042817672995276e+34
1.075079999999999927e+03 1.739254337362803501e+34
1.075490000000000009e+03 1.833734433360470432e+34
1.075890000000000100e+03 1.897414197927558656e+34
1.076289999999999964e+03 1.903185751889707871e+34
1.076700000000000045e+03 1.913494770421178242e+34
1.077099999999999909e+03 1.948968010427859703e+34
1.077509999999999991e+03 1.940732625457268458e+34
1.077910000000000082e+03 1.867850671554267756e+34
1.078309999999999945e+03 1.801510805889922637e+34
1.078720000000000027e+03 1.729262412790381249e+34
1.079119999999999891e+03 1.629888336192617391e+34
1.079529999999999973e+03 1.551604433942167861e+34
1.079930000000000064e+03 1.480345592724598094e+34
1.080339999999999918e+03 1.398398465896566055e+34
1.080740000000000009e+03 1.307652584607722841e+34
1.081150000000000091e+03 1.220589462923597983e+34
1.081549999999999955e+03 1.151311260237858137e+34
1.081960000000000036e+03 1.082458841532737155e+34
1.082359999999999900e+03 1.017021280065882315e+34
1.082769999999999982e+03 9.720852264154547482e+33
1.083180000000000064e+03 9.300244823408677788e+33
1.083579999999999927e+03 8.789751470615073336e+33
1.083990000000000009e+03 8.350634211514778319e+33
1.084400000000000091e+03 8.022077923615811663e+33
1.084799999999999955e+03 7.671360996312148341e+33
1.085210000000000036e+03 7.222196578878958875e+33
1.085619999999999891e+03 6.751684797358054079e+33
1.086019999999999982e+03 6.307569126155467360e+33
1.086430000000000064e+03 5.936534343117075266e+33
1.086839999999999918e+03 5.541041902165362096e+33
1.087240000000000009e+03 5.036989253391442785e+33
1.087650000000000091e+03 4.542223500539639530e+33
1.088059999999999945e+03 4.102303466355030948e+33
1.088470000000000027e+03 3.722563783112222706e+33
1.088880000000000109e+03 3.424734812813079467e+33
1.089279999999999973e+03 3.185106810546880431e+33
1.089690000000000055e+03 2.926860394871017700e+33
1.090099999999999909e+03 2.627311139222325241e+33
1.090509999999999991e+03 2.339597642137427364e+33
1.090920000000000073e+03 2.165990201265701385e+33
1.091329999999999927e+03 2.075877260846461921e+33
1.091740000000000009e+03 1.971903983567955809e+33
1.092150000000000091e+03 1.887513359057185503e+33
1.092559999999999945e+03 1.759366997644487883e+33
1.092970000000000027e+03 1.607885228670882431e+33
1.093380000000000109e+03 1.590473576917545390e+33
1.093789999999999964e+03 1.649698439860726137e+33
1.094200000000000045e+03 1.552895704887510073e+33
1.094609999999999900e+03 1.364097855076687388e+33
1.095019999999999982e+03 1.274290485375004229e+33
1.095430000000000064e+03 1.339833455538204252e+33
1.095839999999999918e+03 1.399735556607307328e+33
1.096250000000000000e+03 1.285142783323506596e+33
1.096660000000000082e+03 1.163383105676878344e+33
1.097069999999999936e+03 1.234924824675369612e+33
1.097480000000000018e+03 1.364657293810219565e+33
1.097900000000000091e+03 1.353718614804369355e+33
1.098309999999999945e+03 1.253572920103841956e+33
1.098720000000000027e+03 1.169576859857036307e+33
1.099130000000000109e+03 1.209959116358426147e+33
1.099539999999999964e+03 1.297972942314722421e+33
1.099960000000000036e+03 1.262475147849908366e+33
1.100369999999999891e+03 1.179799607186077380e+33
1.100779999999999973e+03 1.218293272761321794e+33
1.101190000000000055e+03 1.316393024425066626e+33
1.101609999999999900e+03 1.302412242872449732e+33
1.102019999999999982e+03 1.207321982370180252e+33
1.102430000000000064e+03 1.182623730318720683e+33
1.102849999999999909e+03 1.274406455976880253e+33
1.103259999999999991e+03 1.417246158251731676e+33
1.103670000000000073e+03 1.467103930946562807e+33
1.104089999999999918e+03 1.498337046331996368e+33
1.104500000000000000e+03 1.567083825458315425e+33
1.104920000000000073e+03 1.547985875510177445e+33
1.105329999999999927e+03 1.435621057071031258e+33
1.105740000000000009e+03 1.513558887904854081e+33
1.106160000000000082e+03 1.697276672790251256e+33
1.106569999999999936e+03 1.671672793362268679e+33
1.106990000000000009e+03 1.583820273621294092e+33
1.107400000000000091e+03 1.739526304093549760e+33
1.107819999999999936e+03 1.979633799539575989e+33
1.108230000000000018e+03 1.973203147896484289e+33
1.108650000000000091e+03 1.840973064765559796e+33
1.109069999999999936e+03 1.928113366454618472e+33
1.109480000000000018e+03 2.102886736208482633e+33
1.109900000000000091e+03 2.123741982881540105e+33
1.110309999999999945e+03 2.178030684443548662e+33
1.110730000000000018e+03 2.336942967159907449e+33
1.111150000000000091e+03 2.408695208885621630e+33
1.111559999999999945e+03 2.461295351867326715e+33
1.111980000000000018e+03 2.720660195989372784e+33
1.112400000000000091e+03 2.946944298874536129e+33
1.112809999999999945e+03 2.856805065434154884e+33
1.113230000000000018e+03 2.723403374391942937e+33
1.113650000000000091e+03 2.944016577273705667e+33
1.114069999999999936e+03 3.221770204535136073e+33
1.114480000000000018e+03 3.397587504215232011e+33
1.114900000000000091e+03 3.560338843714927971e+33
1.115319999999999936e+03 3.620313056073341328e+33
1.115740000000000009e+03 3.655374233600673165e+33
1.116160000000000082e+03 3.816774722000109195e+33
1.116579999999999927e+03 3.830896422131911945e+33
1.116990000000000009e+03 3.913026089240623411e+33
1.117410000000000082e+03 4.501400959381802110e+33
1.117829999999999927e+03 4.997543305923552020e+33
1.118250000000000000e+03 4.882997591034397175e+33
1.118670000000000073e+03 4.730362856382853759e+33
1.119089999999999918e+03 5.009566800483048521e+33
1.119509999999999991e+03 5.398395990396989640e+33
1.119930000000000064e+03 5.715178143038363762e+33
1.120349999999999909e+03 5.821083556430667594e+33
1.120769999999999982e+03 5.932094377788525706e+33
1.121190000000000055e+03 6.414769121006269898e+33
1.121609999999999900e+03 7.050620111208624911e+33
1.122029999999999973e+03 7.129485072249637022e+33
1.122450000000000045e+03 6.980428780251056236e+33
1.122869999999999891e+03 7.174264649292533148e+33
1.123289999999999964e+03 7.705313974974731142e+33
1.123720000000000027e+03 8.017072871072633835e+33
1.124140000000000100e+03 8.029867846586373151e+33
1.124559999999999945e+03 8.360535311411752121e+33
1.124980000000000018e+03 9.565275775357438316e+33
1.125400000000000091e+03 1.087259247269707383e+34
1.125819999999999936e+03 1.077360951203252368e+34
1.126250000000000000e+03 1.008780625614991420e+34
1.126670000000000073e+03 1.115211076140527302e+34
1.127089999999999918e+03 1.309516710971977356e+34
1.127509999999999991e+03 1.274467036552769517e+34
1.127940000000000055e+03 1.165769462779358836e+34
1.128359999999999900e+03 1.346618713391343993e+34
1.128779999999999973e+03 1.621709597164344456e+34
1.129210000000000036e+03 1.622917786755156693e+34
1.129630000000000109e+03 1.535214483972442006e+34
1.130049999999999955e+03 1.646376911191194523e+34
1.130480000000000018e+03 1.840629842988273916e+34
1.130900000000000091e+03 1.915295997095170504e+34
1.131319999999999936e+03 1.934761727202003431e+34
1.131750000000000000e+03 2.026982625374147883e+34
1.132170000000000073e+03 2.138942859621717542e+34
1.132599999999999909e+03 2.258695514209249170e+34
1.133019999999999982e+03 2.409976514560783149e+34
1.133450000000000045e+03 2.574533105279911081e+34
1.133869999999999891e+03 2.740313267487348529e+34
1.134299999999999955e+03 2.955243518322711097e+34
1.134720000000000027e+03 3.112782262033284240e+34
1.135150000000000091e+03 3.170773166824769623e+34
1.135569999999999936e+03 3.401567674833166458e+34
1.136000000000000000e+03 3.855891771565736586e+34
1.136430000000000064e+03 4.033739332971420821e+34
1.136849999999999909e+03 3.901161897548441824e+34
1.137279999999999973e+03 3.896078958188090948e+34
1.137710000000000036e+03 4.205082934596839739e+34
1.138130000000000109e+03 4.644125197645428278e+34
1.138559999999999945e+03 5.108727957318738820e+34
1.138990000000000009e+03 5.619509780128458445e+34
1.139410000000000082e+03 5.962466401867597554e+34
1.139839999999999918e+03 6.155025672042710817e+34
1.140269999999999982e+03 6.533563719558903304e+34
1.140700000000000045e+03 7.078761280737472098e+34
1.141119999999999891e+03 7.188502227276648819e+34
1.141549999999999955e+03 6.713560506481238267e+34
1.141980000000000018e+03 6.271757977630636671e+34
1.142410000000000082e+03 6.393001598964739371e+34
1.142839999999999918e+03 6.824944133974137031e+34
1.143259999999999991e+03 6.685271164455382780e+34
1.143690000000000055e+03 5.664674210887706609e+34
1.144119999999999891e+03 4.864772228367701068e+34
1.144549999999999955e+03 4.869620315318126613e+34
1.144980000000000018e+03 4.895387653262229942e+34
1.145410000000000082e+03 4.668998768475876467e+34
1.145839999999999918e+03 4.363025837651640132e+34
1.146269999999999982e+03 3.985304596697619830e+34
1.146700000000000045e+03 3.828147254933829383e+34
1.147130000000000109e+03 3.704023685432683377e+34
1.147559999999999945e+03 3.416246370825927694e+34
1.147990000000000009e+03 3.239516739665337766e+34
1.148420000000000073e+03 3.341466043200130593e+34
1.148849999999999909e+03 3.387047440385941184e+34
1.149279999999999973e+03 3.295220242548166064e+34
1.149710000000000036e+03 3.209232800185400058e+34
1.150140000000000100e+03 2.981497484913092621e+34
1.150569999999999936e+03 2.673676683510839817e+34
1.151009999999999991e+03 2.515718140960500850e+34
1.151440000000000055e+03 2.590559033349006335e+34
1.151869999999999891e+03 2.770156373191707458e+34
1.152299999999999955e+03 2.783847950822951751e+34
1.152730000000000018e+03 2.725908289856557711e+34
1.153170000000000073e+03 2.775813430510953885e+34
1.153599999999999909e+03 2.823284651908686439e+34
1.154029999999999973e+03 2.724997882374456676e+34
1.154460000000000036e+03 2.675790858803856624e+34
1.154900000000000091e+03 2.780209446499030797e+34
1.155329999999999927e+03 3.057842408481964333e+34
1.155759999999999991e+03 3.311557648385889858e+34
1.156200000000000045e+03 3.286361333700458590e+34
1.156630000000000109e+03 3.312662707736932635e+34
1.157059999999999945e+03 3.586825239784621038e+34
1.157500000000000000e+03 3.847023502639005995e+34
1.157930000000000064e+03 3.785879536691047782e+34
1.158369999999999891e+03 3.554878895353429096e+34
1.158799999999999955e+03 3.606530693402840146e+34
1.159230000000000018e+03 4.100857980752441037e+34
1.159670000000000073e+03 4.332418122972437461e+34
1.160099999999999909e+03 4.112064574110509545e+34
1.160539999999999964e+03 4.216317421360292384e+34
1.160970000000000027e+03 4.670072231282096366e+34
1.161410000000000082e+03 4.792568087276902212e+34
1.161849999999999909e+03 4.722158987449057493e+34
1.162279999999999973e+03 4.910410155188535351e+34
1.162720000000000027e+03 5.227529695690840355e+34
1.163150000000000091e+03 5.503310245395520637e+34
1.163589999999999918e+03 5.562588585747391933e+34
1.164029999999999973e+03 5.249720645934674764e+34
1.164460000000000036e+03 5.512839880149355386e+34
1.164900000000000091e+03 6.498278278932386313e+34
1.165339999999999918e+03 6.627994515823389509e+34
1.165769999999999982e+03 5.954775798256356884e+34
1.166210000000000036e+03 6.048662795187950788e+34
1.166650000000000091e+03 6.880604166381588072e+34
1.167079999999999927e+03 7.038091143798232072e+34
1.167519999999999982e+03 6.471144096195997888e+34
1.167960000000000036e+03 6.489328120071308457e+34
1.168400000000000091e+03 7.051296942929218803e+34
1.168839999999999918e+03 7.398018118219089309e+34
1.169269999999999982e+03 7.546529254604467427e+34
1.169710000000000036e+03 7.795178242238871294e+34
1.170150000000000091e+03 8.211892507374556132e+34
1.170589999999999918e+03 8.100571213006097684e+34
1.171029999999999973e+03 7.789967047266395310e+34
1.171470000000000027e+03 8.068678784040346558e+34
1.171910000000000082e+03 8.555440507636562546e+34
1.172349999999999909e+03 8.397799787273732714e+34
1.172789999999999964e+03 8.127409788285235524e+34
1.173230000000000018e+03 8.583354045324752912e+34
1.173670000000000073e+03 9.465696506421208659e+34
1.174109999999999900e+03 9.468075078630662961e+34
1.174549999999999955e+03 8.873902712994032709e+34
1.174990000000000009e+03 8.991580088964859589e+34
1.175430000000000064e+03 9.746070263197118621e+34
1.175869999999999891e+03 9.918292633198507325e+34
1.176309999999999945e+03 9.410245911420609001e+34
1.176750000000000000e+03 9.222040586715930693e+34
1.177190000000000055e+03 9.750593994159752875e+34
1.177630000000000109e+03 1.000073707143348520e+35
1.178079999999999927e+03 9.848493243893284565e+34
1.178519999999999982e+03 1.022668598082969770e+35
1.178960000000000036e+03 1.093840440751163904e+35
1.179400000000000091e+03 1.096560086262063323e+35
1.179839999999999918e+03 1.064744551400568306e+35
1.180289999999999964e+03 1.069152439240474193e+35
1.180730000000000018e+03 1.113254128147153707e+35
1.181170000000000073e+03 1.109611564095306632e+35
1.181609999999999900e+03 1.070423599123163716e+35
1.182059999999999945e+03 1.079149598577211193e+35
1.182500000000000000e+03 1.120324269826094759e+35
1.182940000000000055e+03 1.099810379044130511e+35
1.183390000000000100e+03 1.053253683027664205e+35
1.183829999999999927e+03 1.074213188315491711e+35
1.184279999999999973e+03 1.111004372357855829e+35
1.184720000000000027e+03 1.065779773189767410e+35
1.185160000000000082e+03 1.007806837430581454e+35
1.185609999999999900e+03 1.054035282661009829e+35
1.186049999999999955e+03 1.142545614482924166e+35
1.186500000000000000e+03 1.129271365210856398e+35
1.186940000000000055e+03 1.050837776541094035e+35
1.187390000000000100e+03 1.066240336102947033e+35
1.187829999999999927e+03 1.128066200977294166e+35
1.188279999999999973e+03 1.103915920459485785e+35
1.188720000000000027e+03 1.075258752811910349e+35
1.189170000000000073e+03 1.134874894535316248e+35
1.189619999999999891e+03 1.143010943193637615e+35
1.190059999999999945e+03 1.052195480878378492e+35
1.190509999999999991e+03 1.028189464232917859e+35
1.190950000000000045e+03 1.072447180600258877e+35
1.191400000000000091e+03 1.040776695072730679e+35
1.191849999999999909e+03 1.052823659183675427e+35
1.192289999999999964e+03 1.128240282054405200e+35
1.192740000000000009e+03 1.052757376472205615e+35
1.193190000000000055e+03 9.506804290270319034e+34
1.193640000000000100e+03 1.044730854712994006e+35
1.194079999999999927e+03 1.115538958477652533e+35
1.194529999999999973e+03 1.049534640070836049e+35
1.194980000000000018e+03 1.065312123507062888e+35
1.195430000000000064e+03 1.120816889290566032e+35
1.195880000000000109e+03 1.122107309261498626e+35
1.196319999999999936e+03 1.090267091628883116e+35
1.196769999999999982e+03 1.019414878940834990e+35
1.197220000000000027e+03 9.866204594322150023e+34
1.197670000000000073e+03 1.062332094813892383e+35
1.198119999999999891e+03 1.161423862432539717e+35
1.198569999999999936e+03 1.148105718168794061e+35
1.199019999999999982e+03 1.073202526724564996e+35
1.199470000000000027e+03 1.029976128320429359e+35
1.199920000000000073e+03 1.054700149301765096e+35
1.200369999999999891e+03 1.109743151731699334e+35
1.200819999999999936e+03 1.116840347212459245e+35
1.201269999999999982e+03 1.088015732134284027e+35
1.201720000000000027e+03 1.079411238784851334e+35
1.202170000000000073e+03 1.109419848403901689e+35
1.202619999999999891e+03 1.144655992691280866e+35
1.203069999999999936e+03 1.147566281787528352e+35
1.203519999999999982e+03 1.133802718833474863e+35
1.203970000000000027e+03 1.137612682597164727e+35
1.204430000000000064e+03 1.176517228691095510e+35
1.204880000000000109e+03 1.175120957266835622e+35
1.205329999999999927e+03 1.206117718057521563e+35
1.205779999999999973e+03 1.260881509378512882e+35
1.206230000000000018e+03 1.203248180250984106e+35
1.206690000000000055e+03 1.167328872627381396e+35
1.207140000000000100e+03 1.219917832134016684e+35
1.207589999999999918e+03 1.268802408659441613e+35
1.208039999999999964e+03 1.251301397777445167e+35
1.208500000000000000e+03 1.174828342313915998e+35
1.208950000000000045e+03 1.177459505862965186e+35
1.209400000000000091e+03 1.257786222006309735e+35
1.209859999999999900e+03 1.279363541781878968e+35
1.210309999999999945e+03 1.237239085660914299e+35
1.210759999999999991e+03 1.210651734090765883e+35
1.211220000000000027e+03 1.208855917743559632e+35
1.211670000000000073e+03 1.201029427109570195e+35
1.212130000000000109e+03 1.186171178701045835e+35
1.212579999999999927e+03 1.191498584958129519e+35
1.213039999999999964e+03 1.234600724481464029e+35
1.213490000000000009e+03 1.279673890901608203e+35
1.213950000000000045e+03 1.316295637216195719e+35
1.214400000000000091e+03 1.346936724079440645e+35
1.214859999999999900e+03 1.319099824157293043e+35
1.215309999999999945e+03 1.251188864809276049e+35
1.215769999999999982e+03 1.225683258040850469e+35
1.216220000000000027e+03 1.267273220647475730e+35
1.216680000000000064e+03 1.289414830778631370e+35
1.217140000000000100e+03 1.264818987706147090e+35
1.217589999999999918e+03 1.261452213325232812e+35
1.218049999999999955e+03 1.336656035007899770e+35
1.218509999999999991e+03 1.389093617935564594e+35
1.218960000000000036e+03 1.415718313409633422e+35
1.219420000000000073e+03 1.453269689716435582e+35
1.219880000000000109e+03 1.518300715231435517e+35
1.220329999999999927e+03 1.616509770665223809e+35
1.220789999999999964e+03 1.698296691215463297e+35
1.221250000000000000e+03 1.702106751559184688e+35
1.221710000000000036e+03 1.645903221670922356e+35
1.222170000000000073e+03 1.678268956225025696e+35
1.222619999999999891e+03 1.763783240162869750e+35
1.223079999999999927e+03 1.786485119629224976e+35
1.223539999999999964e+03 1.801455134728583023e+35
1.224000000000000000e+03 1.870603400119792561e+35
1.224460000000000036e+03 1.983509541081952124e+35
1.224920000000000073e+03 1.976511728797377831e+35
1.225380000000000109e+03 1.955827952728248968e+35
1.225839999999999918e+03 2.118908786802640337e+35
1.226299999999999955e+03 2.288946507943540922e+35
1.226759999999999991e+03 2.262736084564804947e+35
1.227220000000000027e+03 2.221167710606260276e+35
1.227680000000000064e+03 2.371475561992483169e+35
1.228140000000000100e+03 2.595757190248817519e+35
1.228599999999999909e+03 2.677325807700811772e+35
1.229059999999999945e+03 2.660225460554655985e+35
1.229519999999999982e+03 2.664642710043614402e+35
1.229980000000000018e+03 2.768947578812650149e+35
1.230440000000000055e+03 2.942544723402833295e+35
1.230900000000000091e+03 2.970200128834876626e+35
1.231369999999999891e+03 2.966365110938732731e+35
1.231829999999999927e+03 3.212972923805873172e+35
1.232289999999999964e+03 3.537098861634370918e+35
1.232750000000000000e+03 3.554355930766428713e+35
1.233210000000000036e+03 3.370502611854559204e+35
1.233680000000000064e+03 3.468761166436234988e+35
1.234140000000000100e+03 3.955061747472157605e+35
1.234599999999999909e+03 4.190902744453194229e+35
1.235059999999999945e+03 4.046785360460692163e+35
1.235529999999999973e+03 4.067847538254440965e+35
1.235990000000000009e+03 4.498065939094072431e+35
1.236450000000000045e+03 4.774331949184427080e+35
1.236920000000000073e+03 4.497865190921487387e+35
1.237380000000000109e+03 4.366695649372363276e+35
1.237849999999999909e+03 4.822843587956008682e+35
1.238309999999999945e+03 5.361005677305852854e+35
1.238769999999999982e+03 5.394729864099896242e+35
1.239240000000000009e+03 5.223409057038989719e+35
1.239700000000000045e+03 5.464628132290107616e+35
1.240170000000000073e+03 5.937562227641219678e+35
1.240630000000000109e+03 5.919819684020776611e+35
1.241099999999999909e+03 5.707335235200169509e+35
1.241559999999999945e+03 5.859838821792973746e+35
1.242029999999999973e+03 6.165522988786301796e+35
1.242500000000000000e+03 6.141730297318094939e+35
1.242960000000000036e+03 6.244842639283632434e+35
1.243430000000000064e+03 6.717039565855178076e+35
1.243890000000000100e+03 6.816560406081221629e+35
1.244359999999999900e+03 6.595101057954927242e+35
1.244829999999999927e+03 6.773936455031479328e+35
1.245289999999999964e+03 7.161978999399369069e+35
1.245759999999999991e+03 7.130346191378275627e+35
1.246230000000000018e+03 6.917203793759415276e+35
1.246700000000000045e+03 7.084379949875637514e+35
1.247160000000000082e+03 7.309790879188797010e+35
1.247630000000000109e+03 7.157813868302233238e+35
1.248099999999999909e+03 7.199610186092543385e+35
1.248569999999999936e+03 7.525875078819109283e+35
1.249029999999999973e+03 7.821568966170534462e+35
1.249500000000000000e+03 7.972348865729630798e+35
1.249970000000000027e+03 7.990500487055461630e+35
1.250440000000000055e+03 7.627188810303583503e+35
1.250910000000000082e+03 7.434384890075823581e+35
1.251380000000000109e+03 7.826298844939793765e+35
1.251849999999999909e+03 7.975881332170522020e+35
1.252319999999999936e+03 7.870120552840718692e+35
1.252789999999999964e+03 8.141906827375441316e+35
1.253259999999999991e+03 8.365834011204928755e+35
1.253730000000000018e+03 8.403758402035117518e+35
1.254200000000000045e+03 8.598309129243253714e+35
1.254670000000000073e+03 8.458650822053817026e+35
1.255140000000000100e+03 8.121183167436092503e+35
1.255609999999999900e+03 8.309712001685131819e+35
1.256079999999999927e+03 8.455475896391087621e+35
1.256549999999999955e+03 8.326099227565161811e+35
1.257019999999999982e+03 8.503356383892574947e+35
1.257490000000000009e+03 8.672896960799875311e+35
1.257960000000000036e+03 8.565465181884146119e+35
1.258440000000000055e+03 8.560792704384487789e+35
1.258910000000000082e+03 8.916231020258975745e+35
1.259380000000000109e+03 9.032069233934980845e+35
1.259849999999999909e+03 8.845078596766525498e+35
1.260319999999999936e+03 8.853707825138191287e+35
1.260799999999999955e+03 9.071489517499579789e+35
1.261269999999999982e+03 9.268120841858851244e+35
1.261740000000000009e+03 9.370214689196105411e+35
1.262220000000000027e+03 9.330374693935122752e+35
1.262690000000000055e+03 9.258773632711462552e+35
1.263160000000000082e+03 9.473917487897579172e+35
1.263640000000000100e+03 9.724410613222172672e+35
1.264109999999999900e+03 9.816118978851889176e+35
1.264579999999999927e+03 9.818762285231282652e+35
1.265059999999999945e+03 9.743240147111143868e+35
1.265529999999999973e+03 9.942063322031743148e+35
1.266009999999999991e+03 1.016404867016027828e+36
1.266480000000000018e+03 1.016666300716936180e+36
1.266960000000000036e+03 1.024136417017186891e+36
1.267430000000000064e+03 1.041662520806049434e+36
1.267910000000000082e+03 1.076621490636963428e+36
1.268380000000000109e+03 1.094449530167221599e+36
1.268859999999999900e+03 1.075597347572041055e+36
1.269329999999999927e+03 1.042811158782045457e+36
1.269809999999999945e+03 1.044827224425782676e+36
1.270289999999999964e+03 1.084052222039219895e+36
1.270759999999999991e+03 1.082310382520638070e+36
1.271240000000000009e+03 1.054505316675394258e+36
1.271720000000000027e+03 1.056214801463989532e+36
1.272190000000000055e+03 1.082916002522821398e+36
1.272670000000000073e+03 1.122878460198468675e+36
1.273150000000000091e+03 1.127721266171510091e+36
1.273630000000000109e+03 1.094609154191299445e+36
1.274099999999999909e+03 1.080477455374591783e+36
1.274579999999999927e+03 1.104614782750789606e+36
1.275059999999999945e+03 1.110704825648916153e+36
1.275539999999999964e+03 1.109669853529340731e+36
1.276009999999999991e+03 1.116924203211593370e+36
1.276490000000000009e+03 1.103644546401743677e+36
1.276970000000000027e+03 1.089152978121221805e+36
1.277450000000000045e+03 1.105530855784333060e+36
1.277930000000000064e+03 1.125236489294944278e+36
1.278410000000000082e+03 1.135111173938510439e+36
1.278890000000000100e+03 1.144994322291322932e+36
1.279369999999999891e+03 1.138011180416956521e+36
1.279849999999999909e+03 1.119772909385464990e+36
1.280329999999999927e+03 1.114595969964101192e+36
1.280809999999999945e+03 1.153121045857756997e+36
1.281289999999999964e+03 1.194730809136065164e+36
1.281769999999999982e+03 1.187931616917743652e+36
1.282250000000000000e+03 1.156884116212207950e+36
1.282730000000000018e+03 1.126571586719513065e+36
1.283210000000000036e+03 1.124613965656681283e+36
1.283690000000000055e+03 1.169070298669056112e+36
1.284170000000000073e+03 1.187912973902179071e+36
1.284660000000000082e+03 1.143717661708348472e+36
1.285140000000000100e+03 1.098377482664066294e+36
1.285619999999999891e+03 1.099428707525474398e+36
1.286099999999999909e+03 1.103318162145327320e+36
1.286579999999999927e+03 1.085725262224290076e+36
1.287069999999999936e+03 1.103982658406551730e+36
1.287549999999999955e+03 1.125465029181163435e+36
1.288029999999999973e+03 1.096739523909420777e+36
1.288509999999999991e+03 1.091970411388109416e+36
1.289000000000000000e+03 1.130426910847736544e+36
1.289480000000000018e+03 1.147369626849852353e+36
1.289960000000000036e+03 1.117483235554800248e+36
1.290450000000000045e+03 1.055954996556463389e+36
1.290930000000000064e+03 1.015916910108597417e+36
1.291420000000000073e+03 1.028054738537657298e+36
1.291900000000000091e+03 1.062050874605093552e+36
1.292390000000000100e+03 1.074014724444068102e+36
1.292869999999999891e+03 1.058195297197272513e+36
1.293349999999999909e+03 1.040768491990374100e+36
1.293839999999999918e+03 1.026423848753790940e+36
1.294319999999999936e+03 1.016969890165095269e+36
1.294809999999999945e+03 1.043012298898389980e+36
1.295299999999999955e+03 1.082206891180916686e+36
1.295779999999999973e+03 1.090135497283724518e+36
1.296269999999999982e+03 1.087802337790110184e+36
1.296750000000000000e+03 1.087937275908155945e+36
1.297240000000000009e+03 1.092383984288004776e+36
1.297730000000000018e+03 1.092206014159277609e+36
1.298210000000000036e+03 1.099555258708568540e+36
1.298700000000000045e+03 1.128348212120723348e+36
1.299190000000000055e+03 1.122828509431400493e+36
1.299670000000000073e+03 1.074853909357377142e+36
1.300160000000000082e+03 1.039449447673535305e+36
1.300650000000000091e+03 1.012586434752208997e+36
1.301140000000000100e+03 9.677894602790702451e+35
1.301619999999999891e+03 9.257946980463672500e+35
1.302109999999999900e+03 9.241866153188419368e+35
1.302599999999999909e+03 9.643469097184908604e+35
1.303089999999999918e+03 1.033696696194852477e+36
1.303579999999999927e+03 1.119309005249476253e+36
1.304069999999999936e+03 1.174418993322264301e+36
1.304559999999999945e+03 1.149606671595293635e+36
1.305049999999999955e+03 1.058078164939516944e+36
1.305529999999999973e+03 9.581734203516209852e+35
1.306019999999999982e+03 9.200797882545612749e+35
1.306509999999999991e+03 9.669827218247925083e+35
1.307000000000000000e+03 1.038569015603688108e+36
1.307490000000000009e+03 1.067954904311171034e+36
1.307980000000000018e+03 1.038422325185536703e+36
1.308470000000000027e+03 9.157410610694569743e+35
1.308970000000000027e+03 7.868311791806837053e+35
1.309460000000000036e+03 8.321472450974527127e+35
1.309950000000000045e+03 9.581086438336986519e+35
1.310440000000000055e+03 1.007844401016846842e+36
1.310930000000000064e+03 9.910189029082871164e+35
1.311420000000000073e+03 9.285586918807828378e+35
1.311910000000000082e+03 8.719916770463463104e+35
1.312410000000000082e+03 8.952836974899086212e+35
1.312900000000000091e+03 9.953179356364637213e+35
1.313390000000000100e+03 1.095685347454363212e+36
1.313880000000000109e+03 1.118200287804941385e+36
1.314380000000000109e+03 1.058929841254142541e+36
1.314869999999999891e+03 9.636217655996011785e+35
1.315359999999999900e+03 8.726447341652775736e+35
1.315849999999999909e+03 8.274854380490921123e+35
1.316349999999999909e+03 8.294592934447018570e+35
1.316839999999999918e+03 8.425838454735650234e+35
1.317339999999999918e+03 8.576090596949012189e+35
1.317829999999999927e+03 8.968110424560526544e+35
1.318319999999999936e+03 9.463429577618624969e+35
1.318819999999999936e+03 9.833286518157539159e+35
1.319309999999999945e+03 1.016069908885140542e+36
1.319809999999999945e+03 1.018344847558404284e+36
1.320299999999999955e+03 9.788073618099013048e+35
1.320799999999999955e+03 9.345435428271940468e+35
1.321289999999999964e+03 9.015165358221060311e+35
1.321789999999999964e+03 8.913436843102073854e+35
1.322279999999999973e+03 9.046845645929679917e+35
1.322779999999999973e+03 9.237093610142428395e+35
1.323279999999999973e+03 9.251769623045130024e+35
1.323769999999999982e+03 8.994809012475077334e+35
1.324269999999999982e+03 8.793685807554718078e+35
1.324759999999999991e+03 8.829675946374814288e+35
1.325259999999999991e+03 8.841894986422273261e+35
1.325759999999999991e+03 8.757133972565529805e+35
1.326259999999999991e+03 8.687653499492885451e+35
1.326750000000000000e+03 8.572313374260364281e+35
1.327250000000000000e+03 8.568929286348472319e+35
1.327750000000000000e+03 8.762357952758267267e+35
1.328250000000000000e+03 8.738585709469831510e+35
1.328740000000000009e+03 8.554793950206172438e+35
1.329240000000000009e+03 8.628878491604075141e+35
1.329740000000000009e+03 8.762258545574753400e+35
1.330240000000000009e+03 8.603993638496388973e+35
1.330740000000000009e+03 8.390892923942680572e+35
1.331240000000000009e+03 8.373954273553760110e+35
1.331740000000000009e+03 8.482962726705458014e+35
1.332240000000000009e+03 8.546647981100860319e+35
1.332740000000000009e+03 8.602558325530924125e+35
1.333240000000000009e+03 8.760930806750959034e+35
1.333740000000000009e+03 8.778081947182100916e+35
1.334240000000000009e+03 8.377259340132490572e+35
1.334740000000000009e+03 8.043481503051285591e+35
1.335240000000000009e+03 8.312453364258507162e+35
1.335740000000000009e+03 8.607454150365886229e+35
1.336240000000000009e+03 8.444545092321838952e+35
1.336740000000000009e+03 8.188635501459053299e+35
1.337240000000000009e+03 8.131791639276943178e+35
1.337740000000000009e+03 8.086586068947454025e+35
1.338240000000000009e+03 8.026774541132595120e+35
1.338750000000000000e+03 8.026626855358435743e+35
1.339250000000000000e+03 7.973043255504992059e+35
1.339750000000000000e+03 7.873129006320986560e+35
1.340250000000000000e+03 7.739684507323170400e+35
1.340750000000000000e+03 7.599656948630402167e+35
1.341259999999999991e+03 7.548320409286487366e+35
1.341759999999999991e+03 7.546963414122146768e+35
1.342259999999999991e+03 7.461630415547032264e+35
1.342769999999999982e+03 7.501459360426103462e+35
1.343269999999999982e+03 7.491971764973971006e+35
1.343769999999999982e+03 7.460599748102315499e+35
1.344279999999999973e+03 7.393555076818359507e+35
1.344779999999999973e+03 7.261701162462651742e+35
1.345289999999999964e+03 7.190553791993831065e+35
1.345789999999999964e+03 7.015912659986520019e+35
1.346299999999999955e+03 6.859636237341927951e+35
1.346799999999999955e+03 6.894917532032701892e+35
1.347309999999999945e+03 7.118606262974499460e+35
1.347809999999999945e+03 7.305719376502376578e+35
1.348319999999999936e+03 7.146781933840199761e+35
1.348819999999999936e+03 6.891221980479436609e+35
1.349329999999999927e+03 6.815842390391964551e+35
1.349829999999999927e+03 6.854637708134375329e+35
1.350339999999999918e+03 6.823137871702532163e+35
1.350849999999999909e+03 6.686528580879798427e+35
1.351349999999999909e+03 6.512654469572683883e+35
1.351859999999999900e+03 6.478391845496282988e+35
1.352369999999999891e+03 6.638970696427022367e+35
1.352869999999999891e+03 6.557714702589456568e+35
1.353380000000000109e+03 6.252273866665579522e+35
1.353890000000000100e+03 6.096182458235479338e+35
1.354400000000000091e+03 6.061211280506597480e+35
1.354900000000000091e+03 6.060826555872236929e+35
1.355410000000000082e+03 5.997718878992776718e+35
1.355920000000000073e+03 5.977738017755280504e+35
1.356430000000000064e+03 5.988911279700145278e+35
1.356940000000000055e+03 5.869442142610975524e+35
1.357450000000000045e+03 5.807161462118594392e+35
1.357960000000000036e+03 5.786195296481283684e+35
1.358460000000000036e+03 5.656740397032006181e+35
1.358970000000000027e+03 5.506863519023878642e+35
1.359480000000000018e+03 5.489707273907927549e+35
1.359990000000000009e+03 5.445600186806320624e+35
1.360500000000000000e+03 5.368539541560786920e+35
1.361009999999999991e+03 5.435253731856676093e+35
1.361519999999999982e+03 5.351657425024848770e+35
1.362029999999999973e+03 5.178822467759546537e+35
1.362549999999999955e+03 5.143274447734607057e+35
1.363059999999999945e+03 5.000170444174178871e+35
1.363569999999999936e+03 4.826845540184283165e+35
1.364079999999999927e+03 4.904636620635187930e+35
1.364589999999999918e+03 4.969220386305000567e+35
1.365099999999999909e+03 4.733362056742284163e+35
1.365609999999999900e+03 4.609283985977296665e+35
1.366130000000000109e+03 4.592330501176362502e+35
1.366640000000000100e+03 4.364478832995961730e+35
1.367150000000000091e+03 4.324746402907762894e+35
1.367660000000000082e+03 4.359015225387658032e+35
1.368180000000000064e+03 4.055747945322364093e+35
1.368690000000000055e+03 3.892834039874581447e+35
1.369200000000000045e+03 3.967547152769476526e+35
1.369720000000000027e+03 3.822130792007708460e+35
1.370230000000000018e+03 3.679853701188723602e+35
1.370740000000000009e+03 3.745114656658043135e+35
1.371259999999999991e+03 3.626571284256648364e+35
1.371769999999999982e+03 3.404370721334246248e+35
1.372289999999999964e+03 3.363801310304008825e+35
1.372799999999999955e+03 3.262949456987168599e+35
1.373319999999999936e+03 3.148161364467073673e+35
1.373829999999999927e+03 3.174161433371559184e+35
1.374349999999999909e+03 3.068495831142517641e+35
1.374859999999999900e+03 2.849950141799146451e+35
1.375380000000000109e+03 2.755857771613821884e+35
1.375890000000000100e+03 2.715148423087092101e+35
1.376410000000000082e+03 2.581809112928027807e+35
1.376920000000000073e+03 2.466103226077715650e+35
1.377440000000000055e+03 2.492304946739451927e+35
1.377960000000000036e+03 2.465228222341225090e+35
1.378470000000000027e+03 2.330318266251252030e+35
1.378990000000000009e+03 2.334506386538324328e+35
1.379509999999999991e+03 2.362962619363644635e+35
1.380029999999999973e+03 2.229117527904716240e+35
1.380539999999999964e+03 2.124737667674111652e+35
1.381059999999999945e+03 2.051809107795793256e+35
1.381579999999999927e+03 1.949560370860403511e+35
1.382099999999999909e+03 1.918908085814297756e+35
1.382619999999999891e+03 1.898356752944841526e+35
1.383130000000000109e+03 1.800497637690031130e+35
1.383650000000000091e+03 1.729106458884764111e+35
1.384170000000000073e+03 1.709573932742652609e+35
1.384690000000000055e+03 1.669560724967610252e+35
1.385210000000000036e+03 1.581095096818668354e+35
1.385730000000000018e+03 1.489502041907078336e+35
1.386250000000000000e+03 1.446014706875597597e+35
1.386769999999999982e+03 1.455045759468178811e+35
1.387289999999999964e+03 1.442209329568313368e+35
1.387809999999999945e+03 1.400653858039818741e+35
1.388329999999999927e+03 1.340592884398915049e+35
1.388849999999999909e+03 1.247220243088193557e+35
1.389369999999999891e+03 1.199943714105129469e+35
1.389890000000000100e+03 1.223394292389292360e+35
1.390410000000000082e+03 1.204041139217575639e+35
1.390930000000000064e+03 1.116978485475696863e+35
1.391460000000000036e+03 1.051849854103027043e+35
1.391980000000000018e+03 1.007121869517482821e+35
1.392500000000000000e+03 9.478650605498286257e+34
1.393019999999999982e+03 8.922575285400090617e+34
1.393539999999999964e+03 8.489952148977016242e+34
1.394069999999999936e+03 8.178448802026370450e+34
1.394589999999999918e+03 7.633851833468222462e+34
1.395109999999999900e+03 6.738481616150054435e+34
1.395640000000000100e+03 5.886178737931412411e+34
1.396160000000000082e+03 5.603902546063483136e+34
1.396680000000000064e+03 5.561534990018519445e+34
1.397210000000000036e+03 5.342125955445872471e+34
1.397730000000000018e+03 5.158194707693296890e+34
1.398250000000000000e+03 4.972754601925201264e+34
1.398779999999999973e+03 4.820330196030031857e+34
1.399299999999999955e+03 4.789355658670199188e+34
1.399829999999999927e+03 4.519542312448328288e+34
1.400349999999999909e+03 4.119879353319055430e+34
1.400880000000000109e+03 3.912663433229880169e+34
1.401400000000000091e+03 3.567484171938870287e+34
1.401930000000000064e+03 3.028049416688736427e+34
1.402450000000000045e+03 2.936414895453654882e+34
1.402980000000000018e+03 3.178719165178395115e+34
1.403509999999999991e+03 3.064491843587331996e+34
1.404029999999999973e+03 2.717443203357088714e+34
1.404559999999999945e+03 2.485995917385170539e+34
1.405089999999999918e+03 2.476992417954945490e+34
1.405609999999999900e+03 2.428140166376714917e+34
1.406140000000000100e+03 2.069213615790817300e+34
1.406670000000000073e+03 1.704453629187561437e+34
1.407200000000000045e+03 1.533192908825277233e+34
1.407720000000000027e+03 1.467428116021986389e+34
1.408250000000000000e+03 1.419511363614999462e+34
1.408779999999999973e+03 1.434938495720803166e+34
1.409309999999999945e+03 1.482771428978476900e+34
1.409839999999999918e+03 1.394801812495839139e+34
1.410359999999999900e+03 1.212257266788414275e+34
1.410890000000000100e+03 1.080151874546513983e+34
1.411420000000000073e+03 1.014486948503372015e+34
1.411950000000000045e+03 9.367206935148765316e+33
1.412480000000000018e+03 8.535410477672822460e+33
1.413009999999999991e+03 7.538687059792964984e+33
1.413539999999999964e+03 6.477509611715348844e+33
1.414069999999999936e+03 6.308995838173555648e+33
1.414599999999999909e+03 6.603555843345318080e+33
1.415130000000000109e+03 6.331569433588449052e+33
1.415660000000000082e+03 6.324968483332746687e+33
1.416190000000000055e+03 7.216633861855466530e+33
1.416720000000000027e+03 7.812902445618653695e+33
1.417259999999999991e+03 7.370487551154433689e+33
1.417789999999999964e+03 6.600433006611455588e+33
1.418319999999999936e+03 6.391459223661105576e+33
1.418849999999999909e+03 6.537283761596628444e+33
1.419380000000000109e+03 6.114888460622145884e+33
1.419910000000000082e+03 5.885324731220778026e+33
1.420450000000000045e+03 6.533914626915482214e+33
1.420980000000000018e+03 6.832121517776132724e+33
1.421509999999999991e+03 6.430196069746875859e+33
1.422049999999999955e+03 6.223541007198174333e+33
1.422579999999999927e+03 6.441024154011106532e+33
1.423109999999999900e+03 6.946584504393736284e+33
1.423650000000000091e+03 7.596193543853202457e+33
1.424180000000000064e+03 7.881742164784914977e+33
1.424710000000000036e+03 7.529735400718105254e+33
1.425250000000000000e+03 7.074869672935457976e+33
1.425779999999999973e+03 6.972649849894960440e+33
1.426319999999999936e+03 7.284902417275583151e+33
1.426849999999999909e+03 7.557970384748760553e+33
1.427390000000000100e+03 7.485331449412886475e+33
1.427920000000000073e+03 7.381554657430965499e+33
1.428460000000000036e+03 7.459523920378298976e+33
1.428990000000000009e+03 7.665365174307113655e+33
1.429529999999999973e+03 8.049559869979374558e+33
1.430069999999999936e+03 8.186287111505425770e+33
1.430599999999999909e+03 7.792737414116398470e+33
1.431140000000000100e+03 7.712765815597813152e+33
1.431680000000000064e+03 8.309996007636811939e+33
1.432210000000000036e+03 8.415275098054902141e+33
1.432750000000000000e+03 8.102695413163741061e+33
1.433289999999999964e+03 8.246599272524568405e+33
1.433819999999999936e+03 8.728866320763787123e+33
1.434359999999999900e+03 9.155979596059247526e+33
1.434900000000000091e+03 9.244380787008141032e+33
1.435440000000000055e+03 9.005677591679906354e+33
1.435980000000000018e+03 8.771609943699796406e+33
1.436509999999999991e+03 8.790771946179900285e+33
1.437049999999999955e+03 8.927208700430686919e+33
1.437589999999999918e+03 8.911660934318631029e+33
1.438130000000000109e+03 8.846762956141114757e+33
1.438670000000000073e+03 9.049937983583912919e+33
1.439210000000000036e+03 9.507281783422024485e+33
1.439750000000000000e+03 9.871455636970705145e+33
1.440289999999999964e+03 1.014501787257266382e+34
1.440829999999999927e+03 1.039961134161706889e+34
1.441369999999999891e+03 1.032329251009058873e+34
1.441910000000000082e+03 9.950309332363210945e+33
1.442450000000000045e+03 9.584300542483583578e+33
1.442990000000000009e+03 1.011065078232377791e+34
1.443529999999999973e+03 1.142907076941292594e+34
1.444069999999999936e+03 1.193485605467223872e+34
1.444619999999999891e+03 1.172678599346166123e+34
1.445160000000000082e+03 1.233347100074557418e+34
1.445700000000000045e+03 1.293373637396328343e+34
1.446240000000000009e+03 1.246676285892723830e+34
1.446779999999999973e+03 1.232703931073395116e+34
1.447329999999999927e+03 1.310241336679238843e+34
1.447869999999999891e+03 1.375781463400134195e+34
1.448410000000000082e+03 1.386848895345505001e+34
1.448960000000000036e+03 1.392464298367831216e+34
1.449500000000000000e+03 1.450663359254621108e+34
1.450039999999999964e+03 1.564159991297023881e+34
1.450589999999999918e+03 1.639997044735544639e+34
1.451130000000000109e+03 1.626389282205543112e+34
1.451670000000000073e+03 1.656289169740994361e+34
1.452220000000000027e+03 1.749755828920539219e+34
1.452759999999999991e+03 1.784052072190524821e+34
1.453309999999999945e+03 1.848319602944111596e+34
1.453849999999999909e+03 1.977089301360318736e+34
1.454400000000000091e+03 2.078768342032099114e+34
1.454940000000000055e+03 2.179804278813330359e+34
1.455490000000000009e+03 2.277242961111845056e+34
1.456039999999999964e+03 2.290641241285541365e+34
1.456579999999999927e+03 2.248836558573778507e+34
1.457130000000000109e+03 2.269108367204115716e+34
1.457670000000000073e+03 2.379386020703168299e+34
1.458220000000000027e+03 2.599156479391802034e+34
1.458769999999999982e+03 2.785639891107106619e+34
1.459309999999999945e+03 2.776566082932446713e+34
1.459859999999999900e+03 2.842314233640600783e+34
1.460410000000000082e+03 3.091827627540040547e+34
1.460960000000000036e+03 3.188899125860609634e+34
1.461500000000000000e+03 3.202811917777077293e+34
1.462049999999999955e+03 3.549887319737532278e+34
1.462599999999999909e+03 3.994569245799110905e+34
1.463150000000000091e+03 4.146463442074920611e+34
1.463700000000000045e+03 4.125509221888032226e+34
1.464250000000000000e+03 4.236355498213857684e+34
1.464799999999999955e+03 4.446547137578207737e+34
1.465349999999999909e+03 4.786643525661021591e+34
1.465890000000000100e+03 5.056390616667705712e+34
1.466440000000000055e+03 4.973027468206588424e+34
1.466990000000000009e+03 5.065631484295131493e+34
1.467539999999999964e+03 5.830550374092567249e+34
1.468089999999999918e+03 6.567941863616605172e+34
1.468650000000000091e+03 6.629607207806346568e+34
1.469200000000000045e+03 6.489832052466279105e+34
1.469750000000000000e+03 6.800069393187994977e+34
1.470299999999999955e+03 7.578441656465829302e+34
1.470849999999999909e+03 8.160202704230957217e+34
1.471400000000000091e+03 8.211441421774970195e+34
1.471950000000000045e+03 8.684260933953787367e+34
1.472500000000000000e+03 9.397998982566085307e+34
1.473059999999999945e+03 9.562367706635736272e+34
1.473609999999999900e+03 9.624567686057049988e+34
1.474160000000000082e+03 1.000136409880582806e+35
1.474710000000000036e+03 1.078609135143692631e+35
1.475269999999999982e+03 1.170772996566942239e+35
1.475819999999999936e+03 1.258500403086249189e+35
1.476369999999999891e+03 1.339899445740696854e+35
1.476930000000000064e+03 1.460182337148506470e+35
1.477480000000000018e+03 1.513438759701348183e+35
1.478039999999999964e+03 1.467660879255413570e+35
1.478589999999999918e+03 1.469162228844518330e+35
1.479140000000000100e+03 1.496925334571416735e+35
1.479700000000000045e+03 1.498848884570849597e+35
1.480250000000000000e+03 1.533802996215200945e+35
1.480809999999999945e+03 1.586515668787946690e+35
1.481359999999999900e+03 1.618668086437046233e+35
1.481920000000000073e+03 1.632763195757362889e+35
1.482480000000000018e+03 1.605560161865185253e+35
1.483029999999999973e+03 1.626855671397470838e+35
1.483589999999999918e+03 1.711355005377219219e+35
1.484140000000000100e+03 1.776905589806813685e+35
1.484700000000000045e+03 1.755171494129863869e+35
1.485259999999999991e+03 1.577904600265385486e+35
1.485809999999999945e+03 1.453510124485703382e+35
1.486369999999999891e+03 1.542366429518136272e+35
1.486930000000000064e+03 1.651735756263637301e+35
1.487490000000000009e+03 1.651669091116950218e+35
1.488039999999999964e+03 1.636956061524879304e+35
1.488599999999999909e+03 1.626169039011907570e+35
1.489160000000000082e+03 1.548481683428837179e+35
1.489720000000000027e+03 1.561647557075300147e+35
1.490279999999999973e+03 1.715139809544784437e+35
1.490839999999999918e+03 1.747037055615296594e+35
1.491400000000000091e+03 1.661457018830120597e+35
1.491960000000000036e+03 1.630263589444405760e+35
1.492509999999999991e+03 1.673762685135589633e+35
1.493069999999999936e+03 1.754216433473621323e+35
1.493630000000000109e+03 1.780778748909977669e+35
1.494190000000000055e+03 1.705874038497738953e+35
1.494750000000000000e+03 1.613856042769891569e+35
1.495319999999999936e+03 1.574135077274738424e+35
1.495880000000000109e+03 1.612382022888844737e+35
1.496440000000000055e+03 1.691272261095978526e+35
1.497000000000000000e+03 1.707963691268598985e+35
1.497559999999999945e+03 1.633146315820670042e+35
1.498119999999999891e+03 1.589537587854474482e+35
1.498680000000000064e+03 1.563547460152740383e+35
1.499240000000000009e+03 1.531109643491856682e+35
1.499809999999999945e+03 1.557333185172815014e+35
1.500369999999999891e+03 1.529288806857725704e+35
1.500930000000000064e+03 1.470264871442867840e+35
1.501500000000000000e+03 1.466199847389565157e+35
1.502059999999999945e+03 1.449873169421823246e+35
1.502619999999999891e+03 1.409147129960314468e+35
1.503180000000000064e+03 1.363466897247843713e+35
1.503750000000000000e+03 1.332075995014916829e+35
1.504309999999999945e+03 1.329081479533177921e+35
1.504880000000000109e+03 1.342464811964835080e+35
1.505440000000000055e+03 1.355626263304482882e+35
1.506009999999999991e+03 1.338461688710407154e+35
1.506569999999999936e+03 1.275289038612128806e+35
1.507140000000000100e+03 1.236073245884769504e+35
1.507700000000000045e+03 1.276667722113375696e+35
1.508269999999999982e+03 1.362063874893663974e+35
1.508829999999999927e+03 1.415024376126254238e+35
1.509400000000000091e+03 1.426411752452071429e+35
1.509960000000000036e+03 1.411464379751275932e+35
1.510529999999999973e+03 1.354141096394949570e+35
1.511099999999999909e+03 1.326071920543428871e+35
1.511660000000000082e+03 1.349515693212773371e+35
1.512230000000000018e+03 1.380432666450410708e+35
1.512799999999999955e+03 1.420363378251924478e+35
1.513359999999999900e+03 1.404316866111404668e+35
1.513930000000000064e+03 1.337180913485862245e+35
1.514500000000000000e+03 1.316436470758998126e+35
1.515069999999999936e+03 1.325930843633315555e+35
1.515640000000000100e+03 1.311103958953753152e+35
1.516200000000000045e+03 1.268854873056466200e+35
1.516769999999999982e+03 1.261827726314868740e+35
1.517339999999999918e+03 1.298038685597000319e+35
1.517910000000000082e+03 1.296199683280441636e+35
1.518480000000000018e+03 1.281595411662425765e+35
1.519049999999999955e+03 1.299459891158820941e+35
1.519619999999999891e+03 1.299802670481015454e+35
1.520190000000000055e+03 1.267171825134870197e+35
1.520759999999999991e+03 1.257309509170691699e+35
1.521329999999999927e+03 1.310838294142461648e+35
1.521900000000000091e+03 1.402336887250727647e+35
1.522470000000000027e+03 1.410260071673456565e+35
1.523039999999999964e+03 1.321886093109652837e+35
1.523609999999999900e+03 1.283615800643392584e+35
1.524180000000000064e+03 1.289238091253724947e+35
1.524750000000000000e+03 1.240099819125414221e+35
1.525329999999999927e+03 1.141824685372027139e+35
1.525900000000000091e+03 1.040943123971428364e+35
1.526470000000000027e+03 1.004844771111438438e+35
1.527039999999999964e+03 1.043145610513583421e+35
1.527619999999999891e+03 1.097377088196244416e+35
1.528190000000000055e+03 1.222004837191216061e+35
1.528759999999999991e+03 1.379832872996265702e+35
1.529329999999999927e+03 1.381930031737002683e+35
1.529910000000000082e+03 1.257175691741194028e+35
1.530480000000000018e+03 1.188551312289742644e+35
1.531059999999999945e+03 1.197146258108683242e+35
1.531630000000000109e+03 1.245019669415102989e+35
1.532200000000000045e+03 1.297556875289140616e+35
1.532779999999999973e+03 1.273528268954023806e+35
1.533349999999999909e+03 1.222864369632048594e+35
1.533930000000000064e+03 1.241484564419651190e+35
1.534500000000000000e+03 1.291932559395443283e+35
1.535079999999999927e+03 1.322902106248996854e+35
1.535660000000000082e+03 1.304726351189974900e+35
1.536230000000000018e+03 1.275066859703833711e+35
1.536809999999999945e+03 1.332540843599221559e+35
1.537380000000000109e+03 1.469836225047263598e+35
1.537960000000000036e+03 1.548139909453021101e+35
1.538539999999999964e+03 1.492828817477703955e+35
1.539109999999999900e+03 1.339589270733083414e+35
1.539690000000000055e+03 1.211423312851836281e+35
1.540269999999999982e+03 1.184640285164411466e+35
1.540849999999999909e+03 1.242050651691189659e+35
1.541420000000000073e+03 1.350419650303801524e+35
1.542000000000000000e+03 1.426233240132864296e+35
1.542579999999999927e+03 1.451076091202484073e+35
1.543160000000000082e+03 1.472634282567768114e+35
1.543740000000000009e+03 1.485591241680156001e+35
1.544319999999999936e+03 1.489763402393451821e+35
1.544900000000000091e+03 1.532877881576327807e+35
1.545470000000000027e+03 1.617615939293857722e+35
1.546049999999999955e+03 1.671028335739419210e+35
1.546630000000000109e+03 1.636895459447815233e+35
1.547210000000000036e+03 1.574042374292452209e+35
1.547789999999999964e+03 1.568452911176666373e+35
1.548369999999999891e+03 1.644899877749814189e+35
1.548950000000000045e+03 1.742052865762581418e+35
1.549539999999999964e+03 1.805296500395951009e+35
1.550119999999999891e+03 1.885521855003941072e+35
1.550700000000000045e+03 1.956004298013828772e+35
1.551279999999999973e+03 1.935834114108461271e+35
1.551859999999999900e+03 1.878707486764040890e+35
1.552440000000000055e+03 1.838388039055822197e+35
1.553029999999999973e+03 1.852780664648658509e+35
1.553609999999999900e+03 1.886627396635015073e+35
1.554190000000000055e+03 1.869443611644697607e+35
1.554769999999999982e+03 1.823631747903352384e+35
1.555359999999999900e+03 1.786265910939661150e+35
1.555940000000000055e+03 1.794553702222169151e+35
1.556519999999999982e+03 1.812003160292773174e+35
1.557109999999999900e+03 1.739203715162051607e+35
1.557690000000000055e+03 1.665044564399406388e+35
1.558269999999999982e+03 1.724195639269534476e+35
1.558859999999999900e+03 1.771378953461434003e+35
1.559440000000000055e+03 1.719397204184639683e+35
1.560029999999999973e+03 1.680246632850026802e+35
1.560609999999999900e+03 1.644766574603542240e+35
1.561200000000000045e+03 1.600636162256878642e+35
1.561779999999999973e+03 1.544575040894208031e+35
1.562369999999999891e+03 1.479540340523665732e+35
1.562960000000000036e+03 1.468894971906882860e+35
1.563539999999999964e+03 1.438514855885029586e+35
1.564130000000000109e+03 1.368605341547165650e+35
1.564710000000000036e+03 1.379788606997367750e+35
1.565299999999999955e+03 1.406658284273832617e+35
1.565890000000000100e+03 1.354939804437504777e+35
1.566480000000000018e+03 1.314082716070973352e+35
1.567059999999999945e+03 1.372042038722786387e+35
1.567650000000000091e+03 1.433336981673179068e+35
1.568240000000000009e+03 1.396365457608059817e+35
1.568829999999999927e+03 1.372386142365766486e+35
1.569420000000000073e+03 1.352207040389856078e+35
1.570000000000000000e+03 1.311070773316394284e+35
1.570589999999999918e+03 1.308672030201481764e+35
1.571180000000000064e+03 1.278007212333221402e+35
1.571769999999999982e+03 1.206193293901176770e+35
1.572359999999999900e+03 1.123909147953809417e+35
1.572950000000000045e+03 1.084649043144544522e+35
1.573539999999999964e+03 1.074976667380525651e+35
1.574130000000000109e+03 1.033632569384339330e+35
1.574720000000000027e+03 9.912564027120892184e+34
1.575309999999999945e+03 9.729333355403133721e+34
1.575900000000000091e+03 9.970877180697901164e+34
1.576490000000000009e+03 1.021294293981709799e+35
1.577079999999999927e+03 9.991615193647190480e+34
1.577670000000000073e+03 9.596974107443284589e+34
1.578269999999999982e+03 9.602166256188302219e+34
1.578859999999999900e+03 9.970594360740024627e+34
1.579450000000000045e+03 1.014813104065412385e+35
1.580039999999999964e+03 9.925266251341030542e+34
1.580640000000000100e+03 9.608616552800436614e+34
1.581230000000000018e+03 9.302603354245094451e+34
1.581819999999999936e+03 8.881518748427625606e+34
1.582410000000000082e+03 8.701595764942460079e+34
1.583009999999999991e+03 8.901238496259516110e+34
1.583599999999999909e+03 9.039778903538156037e+34
1.584190000000000055e+03 9.016586170917096663e+34
1.584789999999999964e+03 8.827207143159556216e+34
1.585380000000000109e+03 8.375182725477511450e+34
1.585980000000000018e+03 7.870692780602224948e+34
1.586569999999999936e+03 7.398589363435716359e+34
1.587170000000000073e+03 7.032919410290038086e+34
1.587759999999999991e+03 6.903895397367307776e+34
1.588359999999999900e+03 7.058842221091136868e+34
1.588950000000000045e+03 7.164961381251191111e+34
1.589549999999999955e+03 6.921745281181766508e+34
1.590150000000000091e+03 6.630682338652520541e+34
1.590740000000000009e+03 6.685149188492553976e+34
1.591339999999999918e+03 6.942350115550735344e+34
1.591940000000000055e+03 6.990109030800577543e+34
1.592529999999999973e+03 6.582957770455254920e+34
1.593130000000000109e+03 6.027482284444213072e+34
1.593730000000000018e+03 5.818171789317678842e+34
1.594319999999999936e+03 5.907080871623448514e+34
1.594920000000000073e+03 6.204866108464343670e+34
1.595519999999999982e+03 6.599442359468262966e+34
1.596119999999999891e+03 6.586674912448437822e+34
1.596720000000000027e+03 6.170848560103587085e+34
1.597319999999999936e+03 5.897972015646226205e+34
1.597910000000000082e+03 5.899609420156976468e+34
1.598509999999999991e+03 5.766278084053569321e+34
1.599109999999999900e+03 5.332774651805997545e+34
1.599710000000000036e+03 4.951853468482059252e+34
1.600309999999999945e+03 4.731571985700675041e+34
1.600910000000000082e+03 4.612539334807530436e+34
1.601509999999999991e+03 4.640784542591810568e+34
1.602109999999999900e+03 4.703614932915425016e+34
1.602720000000000027e+03 4.842568908994656877e+34
1.603319999999999936e+03 5.013415921777413983e+34
1.603920000000000073e+03 4.966518188772939848e+34
1.604519999999999982e+03 4.794239847260764662e+34
1.605119999999999891e+03 4.638629253520133079e+34
1.605720000000000027e+03 4.426995437112583174e+34
1.606319999999999936e+03 4.346522327871645453e+34
1.606930000000000064e+03 4.514414540703146390e+34
1.607529999999999973e+03 4.703609816462898193e+34
1.608130000000000109e+03 4.758528961021363910e+34
1.608740000000000009e+03 4.693683939515830112e+34
1.609339999999999918e+03 4.511974910405680478e+34
1.609940000000000055e+03 4.399226539181039391e+34
1.610549999999999955e+03 4.476772311334495457e+34
1.611150000000000091e+03 4.470826594649045644e+34
1.611750000000000000e+03 4.222522315314555276e+34
1.612359999999999900e+03 3.941993338646967547e+34
1.612960000000000036e+03 3.817579563063658200e+34
1.613569999999999936e+03 3.776101227816042976e+34
1.614170000000000073e+03 3.850390728833271262e+34
1.614779999999999973e+03 4.045931898671783074e+34
1.615380000000000109e+03 4.111010200091469951e+34
1.615990000000000009e+03 4.017623342207359139e+34
1.616599999999999909e+03 3.857102717309855683e+34
1.617200000000000045e+03 3.742956649032302391e+34
1.617809999999999945e+03 3.746379258049700493e+34
1.618410000000000082e+03 3.732600508988152444e+34
1.619019999999999982e+03 3.643795125457435728e+34
1.619630000000000109e+03 3.647085255053305628e+34
1.620240000000000009e+03 3.750740193307998654e+34
1.620839999999999918e+03 3.747577557630994101e+34
1.621450000000000045e+03 3.689210370105206732e+34
1.622059999999999945e+03 3.647567135664980002e+34
1.622670000000000073e+03 3.596767411740843177e+34
1.623279999999999973e+03 3.509493863015773564e+34
1.623890000000000100e+03 3.475892355383509921e+34
1.624490000000000009e+03 3.502787523016021154e+34
1.625099999999999909e+03 3.432845942468694919e+34
1.625710000000000036e+03 3.328071459609444086e+34
1.626319999999999936e+03 3.262522614409925573e+34
1.626930000000000064e+03 3.194056979329118310e+34
1.627539999999999964e+03 3.162895276986055806e+34
1.628150000000000091e+03 3.168293985174982865e+34
1.628759999999999991e+03 3.151047924397286451e+34
1.629369999999999891e+03 3.104718168650021449e+34
1.629990000000000009e+03 3.070710307703346429e+34
1.630599999999999909e+03 3.071684163636900295e+34
1.631210000000000036e+03 3.073418000122271415e+34
1.631819999999999936e+03 3.059788926419760861e+34
1.632430000000000064e+03 3.060838720677177567e+34
1.633039999999999964e+03 3.066343399658041529e+34
1.633660000000000082e+03 3.023008112054794110e+34
1.634269999999999982e+03 2.955385673329728536e+34
1.634880000000000109e+03 2.938392889200059842e+34
1.635490000000000009e+03 2.994286140994864934e+34
1.636109999999999900e+03 3.042386876051018630e+34
1.636720000000000027e+03 3.045899548915276720e+34
1.637339999999999918e+03 3.038178328755180219e+34
1.637950000000000045e+03 2.987747724225699330e+34
1.638559999999999945e+03 2.977994319855001686e+34
1.639180000000000064e+03 3.086407089330066084e+34
1.639789999999999964e+03 3.132058117276576436e+34
1.640410000000000082e+03 3.079055428469523428e+34
1.641019999999999982e+03 3.066962666428338447e+34
1.641640000000000100e+03 3.120243474235284006e+34
1.642250000000000000e+03 3.144396341869431003e+34
1.642869999999999891e+03 3.119844879126876051e+34
1.643490000000000009e+03 3.100846666496953111e+34
1.644099999999999909e+03 3.105582578541978689e+34
1.644720000000000027e+03 3.114111911775845307e+34
1.645339999999999918e+03 3.114114081793170679e+34
1.645950000000000045e+03 3.122459825545336031e+34
1.646569999999999936e+03 3.133182819763293970e+34
1.647190000000000055e+03 3.109504093001099868e+34
1.647799999999999955e+03 3.049603527073294745e+34
1.648420000000000073e+03 2.995334245157836617e+34
1.649039999999999964e+03 2.933543997935484565e+34
1.649660000000000082e+03 2.882883977055298268e+34
1.650279999999999973e+03 2.849917809660248741e+34
1.650900000000000091e+03 2.854738118779990772e+34
1.651519999999999982e+03 2.887651490412295446e+34
1.652140000000000100e+03 2.907315673490792776e+34
1.652750000000000000e+03 2.886705902150479629e+34
1.653369999999999891e+03 2.776088651339947372e+34
1.653990000000000009e+03 2.675284817870253592e+34
1.654609999999999900e+03 2.698587374851294214e+34
1.655240000000000009e+03 2.714000386374319843e+34
1.655859999999999900e+03 2.629018023346881003e+34
1.656480000000000018e+03 2.573906628253360407e+34
1.657099999999999909e+03 2.616710319748504929e+34
1.657720000000000027e+03 2.645156443906842513e+34
1.658339999999999918e+03 2.591660840102241716e+34
1.658960000000000036e+03 2.527838921940471352e+34
1.659579999999999927e+03 2.505363119467461827e+34
1.660210000000000036e+03 2.472813404023912182e+34
1.660829999999999927e+03 2.433108646035902761e+34
1.661450000000000045e+03 2.422391447910285326e+34
1.662079999999999927e+03 2.403858474244817370e+34
1.662700000000000045e+03 2.329814910406703216e+34
1.663319999999999936e+03 2.255547536622117346e+34
1.663950000000000045e+03 2.237007825607516198e+34
1.664569999999999936e+03 2.232167439138360083e+34
1.665190000000000055e+03 2.200280885341448453e+34
1.665819999999999936e+03 2.166945211411725056e+34
1.666440000000000055e+03 2.121636554757530079e+34
1.667069999999999936e+03 2.092223082195349464e+34
1.667690000000000055e+03 2.055989376288892955e+34
1.668319999999999936e+03 1.982864192169722145e+34
1.668940000000000055e+03 1.928256999745920244e+34
1.669569999999999936e+03 1.898142658161144897e+34
1.670200000000000045e+03 1.861762528246684824e+34
1.670819999999999936e+03 1.820497127095405388e+34
1.671450000000000045e+03 1.792408337475153393e+34
1.672079999999999927e+03 1.754696388945210832e+34
1.672700000000000045e+03 1.695368915596291689e+34
1.673329999999999927e+03 1.664747231994060087e+34
1.673960000000000036e+03 1.674041829875230151e+34
1.674589999999999918e+03 1.655589884937193033e+34
1.675210000000000036e+03 1.577053844320638721e+34
1.675839999999999918e+03 1.522030780147201003e+34
1.676470000000000027e+03 1.512681468033044062e+34
1.677099999999999909e+03 1.479595538316533003e+34
1.677730000000000018e+03 1.418238736236154031e+34
1.678359999999999900e+03 1.373143930854317670e+34
1.678990000000000009e+03 1.359989770734262038e+34
1.679619999999999891e+03 1.329468419041117211e+34
1.680250000000000000e+03 1.288179450154040012e+34
1.680880000000000109e+03 1.258766252464613125e+34
1.681509999999999991e+03 1.204992288012353660e+34
1.682140000000000100e+03 1.160302980309379751e+34
1.682769999999999982e+03 1.145283075844878485e+34
1.683400000000000091e+03 1.114692300237755330e+34
1.684029999999999973e+03 1.077150289514993481e+34
1.684660000000000082e+03 1.049714373176726137e+34
1.685289999999999964e+03 1.027414078483028103e+34
1.685930000000000064e+03 1.008812147101778016e+34
1.686559999999999945e+03 9.693240548840358469e+33
1.687190000000000055e+03 9.153909211786059758e+33
1.687819999999999936e+03 8.886366789447022314e+33
1.688460000000000036e+03 8.866247601195418447e+33
1.689089999999999918e+03 8.785729527630679620e+33
1.689720000000000027e+03 8.436283593927480767e+33
1.690359999999999900e+03 8.056636882072309500e+33
1.690990000000000009e+03 7.994036615568795667e+33
1.691619999999999891e+03 8.132879040349008971e+33
1.692259999999999991e+03 8.010597982026063872e+33
1.692890000000000100e+03 7.657237469401278562e+33
1.693529999999999973e+03 7.426775736450059150e+33
1.694160000000000082e+03 7.456446742917424302e+33
1.694799999999999955e+03 7.508768482740413527e+33
1.695430000000000064e+03 7.383730981233407932e+33
1.696069999999999936e+03 7.217923057086604279e+33
1.696710000000000036e+03 7.128092600792939969e+33
1.697339999999999918e+03 7.069433326134769332e+33
1.697980000000000018e+03 7.070069522294355262e+33
1.698609999999999900e+03 7.041679026860755412e+33
1.699250000000000000e+03 6.853403253983866841e+33
1.699890000000000100e+03 6.681028642395856103e+33
1.700529999999999973e+03 6.559201765843253595e+33
1.701160000000000082e+03 6.667920683765943602e+33
1.701799999999999955e+03 7.115986021280099625e+33
1.702440000000000055e+03 7.470396045272859494e+33
1.703079999999999927e+03 7.206713161383125605e+33
1.703720000000000027e+03 6.832146734584186451e+33
1.704359999999999900e+03 6.921242308142659689e+33
1.705000000000000000e+03 7.300850853856075874e+33
1.705630000000000109e+03 7.519382705548662520e+33
1.706269999999999982e+03 7.437488312743537786e+33
1.706910000000000082e+03 7.215363931897395533e+33
1.707549999999999955e+03 7.228565325117064037e+33
1.708190000000000055e+03 7.604682409864853112e+33
1.708839999999999918e+03 7.863127063515029506e+33
1.709480000000000018e+03 7.930984167907318138e+33
1.710119999999999891e+03 8.246755039733086665e+33
1.710759999999999991e+03 8.760535605193805699e+33
1.711400000000000091e+03 8.971469183288981118e+33
1.712039999999999964e+03 8.673046126865850486e+33
1.712680000000000064e+03 8.839135993535452244e+33
1.713329999999999927e+03 9.688974230781157345e+33
1.713970000000000027e+03 1.012091065018051172e+34
1.714609999999999900e+03 9.911847153215418026e+33
1.715250000000000000e+03 9.681880607632760798e+33
1.715900000000000091e+03 1.001084958836435017e+34
1.716539999999999964e+03 1.123067424194203501e+34
1.717180000000000064e+03 1.224579346895289468e+34
1.717829999999999927e+03 1.235649271547297315e+34
1.718470000000000027e+03 1.243952441432961429e+34
1.719119999999999891e+03 1.275789591465780145e+34
1.719759999999999991e+03 1.296346901671407859e+34
1.720410000000000082e+03 1.314248369487235808e+34
1.721049999999999955e+03 1.378594295489911504e+34
1.721700000000000045e+03 1.485093921865380026e+34
1.722339999999999918e+03 1.568706951493819337e+34
1.722990000000000009e+03 1.594011221517962873e+34
1.723640000000000100e+03 1.589123970248404018e+34
1.724279999999999973e+03 1.592869757633021205e+34
1.724930000000000064e+03 1.619440790020478824e+34
1.725569999999999936e+03 1.726642209755876187e+34
1.726220000000000027e+03 1.802379591805847228e+34
1.726869999999999891e+03 1.786491438709848374e+34
1.727519999999999982e+03 1.848414982677696877e+34
1.728160000000000082e+03 2.027028540038495381e+34
1.728809999999999945e+03 2.115318984123446539e+34
1.729460000000000036e+03 2.023250641693885891e+34
1.730109999999999900e+03 1.983040030717996728e+34
1.730759999999999991e+03 2.132913875422504094e+34
1.731410000000000082e+03 2.320193785814442299e+34
1.732059999999999945e+03 2.345620189167505650e+34
1.732710000000000036e+03 2.275576788844219710e+34
1.733359999999999900e+03 2.405759053044475742e+34
1.734009999999999991e+03 2.657617290735554827e+34
1.734660000000000082e+03 2.682296310429952955e+34
1.735309999999999945e+03 2.569758987942697662e+34
1.735960000000000036e+03 2.598371649578581588e+34
1.736609999999999900e+03 2.796156043502343992e+34
1.737259999999999991e+03 2.937818711348110995e+34
1.737910000000000082e+03 2.903442464688290451e+34
1.738559999999999945e+03 2.877774048360576370e+34
1.739210000000000036e+03 3.088894118587287067e+34
1.739869999999999891e+03 3.290513575770575074e+34
1.740519999999999982e+03 3.165913512702110646e+34
1.741170000000000073e+03 2.982237435916962452e+34
1.741829999999999927e+03 3.072366132341072842e+34
1.742480000000000018e+03 3.387310111488625501e+34
1.743130000000000109e+03 3.597808702877837365e+34
1.743789999999999964e+03 3.515640933857013375e+34
1.744440000000000055e+03 3.481684061443579132e+34
1.745089999999999918e+03 3.637542391896201200e+34
1.745750000000000000e+03 3.739343425399918113e+34
1.746400000000000091e+03 3.636592233949011445e+34
1.747059999999999945e+03 3.681410036044282712e+34
1.747710000000000036e+03 4.045588798671871412e+34
1.748369999999999891e+03 4.105263905558485794e+34
1.749019999999999982e+03 3.845791402226034483e+34
1.749680000000000064e+03 3.915774930086785889e+34
1.750339999999999918e+03 4.266370212875550617e+34
1.750990000000000009e+03 4.348037816604154858e+34
1.751650000000000091e+03 4.204096282503261406e+34
1.752309999999999945e+03 4.176906326885876648e+34
1.752960000000000036e+03 4.284885560628368729e+34
1.753619999999999891e+03 4.327996476461839739e+34
1.754279999999999973e+03 4.436690770111861535e+34
1.754940000000000055e+03 4.641925848447508384e+34
1.755589999999999918e+03 4.700435465526485534e+34
1.756250000000000000e+03 4.626358343910789095e+34
1.756910000000000082e+03 4.558865708039118819e+34
1.757569999999999936e+03 4.541206515618587140e+34
1.758230000000000018e+03 4.580169075708601887e+34
1.758890000000000100e+03 4.590607898907322527e+34
1.759549999999999955e+03 4.552352800802865879e+34
1.760210000000000036e+03 4.535662776773782935e+34
1.760869999999999891e+03 4.600515530199147499e+34
1.761529999999999973e+03 4.719953101884343800e+34
1.762190000000000055e+03 4.922514024852873671e+34
1.762849999999999909e+03 5.038422516825502659e+34
1.763509999999999991e+03 4.993553230108629376e+34
1.764170000000000073e+03 4.979294351281407057e+34
1.764829999999999927e+03 4.895390778456374528e+34
1.765490000000000009e+03 4.788180944678318649e+34
1.766160000000000082e+03 4.828727101344651781e+34
1.766819999999999936e+03 4.867187027228090738e+34
1.767480000000000018e+03 4.868979690826292470e+34
1.768140000000000100e+03 4.938262474644728596e+34
1.768809999999999945e+03 5.103651693764422262e+34
1.769470000000000027e+03 5.186685973049883322e+34
1.770130000000000109e+03 4.977286617731744664e+34
1.770799999999999955e+03 4.872508817932657088e+34
1.771460000000000036e+03 5.049976894577887662e+34
1.772130000000000109e+03 5.172650256997779160e+34
1.772789999999999964e+03 5.179359855765894762e+34
1.773460000000000036e+03 5.170635023976696820e+34
1.774119999999999891e+03 5.267254434623324677e+34
1.774789999999999964e+03 5.421482573903358839e+34
1.775450000000000045e+03 5.455745899001031678e+34
1.776119999999999891e+03 5.394367686082505440e+34
1.776779999999999973e+03 5.312850992077048049e+34
1.777450000000000045e+03 5.418282262568874412e+34
1.778119999999999891e+03 5.686341793088977363e+34
1.778779999999999973e+03 5.648495621231578136e+34
1.779450000000000045e+03 5.353908976362679204e+34
1.780119999999999891e+03 5.320667157644490038e+34
1.780789999999999964e+03 5.602636225082504512e+34
1.781450000000000045e+03 5.778759697477250160e+34
1.782119999999999891e+03 5.706511900832005684e+34
1.782789999999999964e+03 5.846167146394624571e+34
1.783460000000000036e+03 6.297912466364900044e+34
1.784130000000000109e+03 6.348747951296587810e+34
1.784799999999999955e+03 6.064834703530355831e+34
1.785460000000000036e+03 6.138967936422374043e+34
1.786130000000000109e+03 6.422188962087818786e+34
1.786799999999999955e+03 6.430930923803086166e+34
1.787470000000000027e+03 6.298680854379532194e+34
1.788140000000000100e+03 6.297293760235954367e+34
1.788819999999999936e+03 6.574228966804636402e+34
1.789490000000000009e+03 7.055600410522945084e+34
1.790160000000000082e+03 7.107464118669874474e+34
1.790829999999999927e+03 6.876778829252575401e+34
1.791500000000000000e+03 6.921399965595204164e+34
1.792170000000000073e+03 7.165050710868313138e+34
1.792839999999999918e+03 7.288796647566639360e+34
1.793519999999999982e+03 7.491380224208730587e+34
1.794190000000000055e+03 7.772942267842805118e+34
1.794859999999999900e+03 7.841826552332683796e+34
1.795529999999999973e+03 7.801759145457376322e+34
1.796210000000000036e+03 7.925086138797222904e+34
1.796880000000000109e+03 8.252921895621209682e+34
1.797559999999999945e+03 8.520716239936645768e+34
1.798230000000000018e+03 8.418216478975751926e+34
1.798900000000000091e+03 8.222004574089392548e+34
1.799579999999999927e+03 8.383977567291991845e+34
1.800250000000000000e+03 8.674956070154606150e+34
1.800930000000000064e+03 8.602596445584181399e+34
1.801599999999999909e+03 8.399113322395946316e+34
1.802279999999999973e+03 8.620582126709096054e+34
1.802960000000000036e+03 8.902260861058259233e+34
1.803630000000000109e+03 8.954925773368349082e+34
1.804309999999999945e+03 9.241703969280646069e+34
1.804980000000000018e+03 9.566036073616767363e+34
1.805660000000000082e+03 9.731528640095278923e+34
1.806339999999999918e+03 9.754132806613661047e+34
1.807019999999999982e+03 9.357932069274451230e+34
1.807690000000000055e+03 9.270389445482316207e+34
1.808369999999999891e+03 9.968994100361812558e+34
1.809049999999999955e+03 1.006140498644768558e+35
1.809730000000000018e+03 9.887970796921246469e+34
1.810410000000000082e+03 1.050245874990523420e+35
1.811089999999999918e+03 1.069234873027780771e+35
1.811759999999999991e+03 1.056030439537717638e+35
1.812440000000000055e+03 1.083883921279813439e+35
1.813119999999999891e+03 1.084239516906770878e+35
1.813799999999999955e+03 1.094878083326361788e+35
1.814480000000000018e+03 1.137579171923515265e+35
1.815160000000000082e+03 1.137587932219279132e+35
1.815839999999999918e+03 1.115279615675781547e+35
1.816529999999999973e+03 1.141596768339139157e+35
1.817210000000000036e+03 1.201432000523538000e+35
1.817890000000000100e+03 1.210807405293587289e+35
1.818569999999999936e+03 1.183997211945556316e+35
1.819250000000000000e+03 1.205738645281077284e+35
1.819930000000000064e+03 1.234837733560216484e+35
1.820619999999999891e+03 1.252342181777452774e+35
1.821299999999999955e+03 1.270296758041712253e+35
1.821980000000000018e+03 1.289230272786487082e+35
1.822670000000000073e+03 1.300092302298860385e+35
1.823349999999999909e+03 1.300102463410152705e+35
1.824029999999999973e+03 1.326274309991059806e+35
1.824720000000000027e+03 1.366273210768129229e+35
1.825400000000000091e+03 1.403043824220848547e+35
1.826089999999999918e+03 1.465484035644171909e+35
1.826769999999999982e+03 1.526776504205647392e+35
1.827460000000000036e+03 1.530389960278942965e+35
1.828140000000000100e+03 1.529944078082852398e+35
1.828829999999999927e+03 1.634051213167122571e+35
1.829509999999999991e+03 1.782684319388147895e+35
1.830200000000000045e+03 1.839524098671097381e+35
1.830880000000000109e+03 1.846177594420593166e+35
1.831569999999999936e+03 2.002626030582573102e+35
1.832259999999999991e+03 2.268862929695172929e+35
1.832940000000000055e+03 2.419989797132170496e+35
1.833630000000000109e+03 2.449971340431546056e+35
1.834319999999999936e+03 2.562575419726227104e+35
1.835009999999999991e+03 2.882967678127408888e+35
1.835700000000000045e+03 3.226717408312917852e+35
1.836380000000000109e+03 3.304304550064926350e+35
1.837069999999999936e+03 3.269304888564567071e+35
1.837759999999999991e+03 3.462715055910998568e+35
1.838450000000000045e+03 3.900175865195438590e+35
1.839140000000000100e+03 4.141580537506350878e+35
1.839829999999999927e+03 3.972568446141895024e+35
1.840519999999999982e+03 3.873522964991434296e+35
1.841210000000000036e+03 4.061999794923490237e+35
1.841900000000000091e+03 4.316778877846357159e+35
1.842589999999999918e+03 4.304396615712894880e+35
1.843279999999999973e+03 4.195480678891941131e+35
1.843970000000000027e+03 4.293148821102856462e+35
1.844670000000000073e+03 4.572050378930276178e+35
1.845359999999999900e+03 4.659393029601267414e+35
1.846049999999999955e+03 4.509669877330493375e+35
1.846740000000000009e+03 4.568256160481452511e+35
1.847430000000000064e+03 4.800217657824707109e+35
1.848130000000000109e+03 4.727171051014639633e+35
1.848819999999999936e+03 4.523977062729708935e+35
1.849509999999999991e+03 4.637621829552495343e+35
1.850210000000000036e+03 4.718933323249010562e+35
1.850900000000000091e+03 4.446080309073858871e+35
1.851589999999999918e+03 4.198755161867830082e+35
1.852289999999999964e+03 4.050564582498814008e+35
1.852980000000000018e+03 3.763276769521727579e+35
1.853680000000000064e+03 3.612223543191104263e+35
1.854369999999999891e+03 3.628745724002046236e+35
1.855069999999999936e+03 3.540101362937307500e+35
1.855759999999999991e+03 3.437506150499640506e+35
1.856460000000000036e+03 3.427066318086384452e+35
1.857160000000000082e+03 3.355499717551519910e+35
1.857849999999999909e+03 3.327684248913665654e+35
1.858549999999999955e+03 3.356004790602601369e+35
1.859250000000000000e+03 3.374409776200052375e+35
1.859940000000000055e+03 3.435918798572716924e+35
1.860640000000000100e+03 3.428832495958140379e+35
1.861339999999999918e+03 3.365400904664740460e+35
1.862039999999999964e+03 3.244998732370164932e+35
1.862740000000000009e+03 3.110042381355134044e+35
1.863430000000000064e+03 3.016136308928193928e+35
1.864130000000000109e+03 2.971306929076820657e+35
1.864829999999999927e+03 2.907079770186596418e+35
1.865529999999999973e+03 2.745372942353286914e+35
1.866230000000000018e+03 2.650654472189363499e+35
1.866930000000000064e+03 2.692827141785372187e+35
1.867630000000000109e+03 2.685545609361838558e+35
1.868329999999999927e+03 2.632367210382339326e+35
1.869029999999999973e+03 2.716062436600132216e+35
1.869730000000000018e+03 2.811336224619848666e+35
1.870430000000000064e+03 2.741828372699280451e+35
1.871130000000000109e+03 2.686654275248540857e+35
1.871839999999999918e+03 2.790594642446106747e+35
1.872539999999999964e+03 2.869898556069865101e+35
1.873240000000000009e+03 2.748736594630613409e+35
1.873940000000000055e+03 2.694077222637830284e+35
1.874650000000000091e+03 2.816845166128293259e+35
1.875349999999999909e+03 2.801067964682019732e+35
1.876049999999999955e+03 2.696320657540574974e+35
1.876759999999999991e+03 2.593072171700479459e+35
1.877460000000000036e+03 2.450546536331453495e+35
1.878160000000000082e+03 2.377000520384544763e+35
1.878869999999999891e+03 2.367993421113586087e+35
1.879569999999999936e+03 2.298836751078472996e+35
1.880279999999999973e+03 2.191882614357184365e+35
1.880980000000000018e+03 2.130551844624399104e+35
1.881690000000000055e+03 2.134474310247326509e+35
1.882390000000000100e+03 2.197599436233010359e+35
1.883099999999999909e+03 2.326302361296792798e+35
1.883809999999999945e+03 2.440212682950688207e+35
1.884509999999999991e+03 2.441881791886444185e+35
1.885220000000000027e+03 2.406926197768753279e+35
1.885930000000000064e+03 2.332325712998043251e+35
1.886630000000000109e+03 2.130435098479789352e+35
1.887339999999999918e+03 2.009753892625683076e+35
1.888049999999999955e+03 2.119691554517062111e+35
1.888759999999999991e+03 2.242214699897986942e+35
1.889460000000000036e+03 2.264297830525093399e+35
1.890170000000000073e+03 2.189342177430866709e+35
1.890880000000000109e+03 1.995619212858221081e+35
1.891589999999999918e+03 1.790524067291437806e+35
1.892299999999999955e+03 1.775044882725336432e+35
1.893009999999999991e+03 1.944911358976168618e+35
1.893720000000000027e+03 2.139700395271308099e+35
1.894430000000000064e+03 2.214803669985534578e+35
1.895140000000000100e+03 2.119138679400401695e+35
1.895849999999999909e+03 2.003516492639711719e+35
1.896559999999999945e+03 2.020209479250707995e+35
1.897269999999999982e+03 2.081951365062007071e+35
1.897980000000000018e+03 2.060992061435738957e+35
1.898700000000000045e+03 1.968397669917980392e+35
1.899410000000000082e+03 1.940066481251677405e+35
1.900119999999999891e+03 1.993969919461939210e+35
1.900829999999999927e+03 1.979802197476705714e+35
1.901549999999999955e+03 1.860260679997196677e+35
1.902259999999999991e+03 1.785303914078933088e+35
1.902970000000000027e+03 1.840606111619964889e+35
1.903690000000000055e+03 1.912805087508143314e+35
1.904400000000000091e+03 1.890432749562802128e+35
1.905109999999999900e+03 1.789034492066577986e+35
1.905829999999999927e+03 1.732644780788286851e+35
1.906539999999999964e+03 1.727465789545031551e+35
1.907259999999999991e+03 1.704125900065035582e+35
1.907970000000000027e+03 1.705629991647574265e+35
1.908690000000000055e+03 1.732477423627765735e+35
1.909400000000000091e+03 1.699401773764417162e+35
1.910119999999999891e+03 1.627881846695565322e+35
1.910839999999999918e+03 1.573321805313355236e+35
1.911549999999999955e+03 1.528079812746460423e+35
1.912269999999999982e+03 1.529335964685979072e+35
1.912990000000000009e+03 1.588095669586968795e+35
1.913700000000000045e+03 1.619863064770389428e+35
1.914420000000000073e+03 1.612604752207862984e+35
1.915140000000000100e+03 1.611306421329325088e+35
1.915859999999999900e+03 1.600435586077669126e+35
1.916579999999999927e+03 1.560155922359580167e+35
1.917299999999999955e+03 1.509361968682638713e+35
1.918009999999999991e+03 1.466764966548180928e+35
1.918730000000000018e+03 1.431501613435626671e+35
1.919450000000000045e+03 1.419987866707616404e+35
1.920170000000000073e+03 1.425892001030588519e+35
1.920890000000000100e+03 1.443632700579848979e+35
1.921609999999999900e+03 1.464936479905929245e+35
1.922329999999999927e+03 1.427157199714578004e+35
1.923049999999999955e+03 1.396929953641499912e+35
1.923779999999999973e+03 1.439073963769224961e+35
1.924500000000000000e+03 1.442393147637958367e+35
1.925220000000000027e+03 1.388390347703671202e+35
1.925940000000000055e+03 1.375220988196309675e+35
1.926660000000000082e+03 1.403678951071020217e+35
1.927390000000000100e+03 1.399636736207194352e+35
1.928109999999999900e+03 1.351769223694352503e+35
1.928829999999999927e+03 1.340523386958305735e+35
1.929549999999999955e+03 1.359154157158082718e+35
1.930279999999999973e+03 1.346290805144525245e+35
1.931000000000000000e+03 1.309112827548036232e+35
1.931730000000000018e+03 1.267916592464257554e+35
1.932450000000000045e+03 1.235423461870322126e+35
1.933180000000000064e+03 1.227851546309105374e+35
1.933900000000000091e+03 1.236706812101727609e+35
1.934630000000000109e+03 1.265230730915558127e+35
1.935349999999999909e+03 1.308265247279881138e+35
1.936079999999999927e+03 1.313377927743348583e+35
1.936799999999999955e+03 1.261493147210805517e+35
1.937529999999999973e+03 1.222073634866064658e+35
1.938259999999999991e+03 1.217130264400298268e+35
1.938980000000000018e+03 1.226622419012777053e+35
1.939710000000000036e+03 1.238920626589888018e+35
1.940440000000000055e+03 1.245755082088215540e+35
1.941160000000000082e+03 1.225194457240436204e+35
1.941890000000000100e+03 1.217613075988747099e+35
1.942619999999999891e+03 1.253634077000231002e+35
1.943349999999999909e+03 1.288820083472758930e+35
1.944079999999999927e+03 1.277376549745727701e+35
1.944809999999999945e+03 1.241788128370934639e+35
1.945539999999999964e+03 1.250428003651109140e+35
1.946269999999999982e+03 1.282217490221451911e+35
1.947000000000000000e+03 1.287604776363698496e+35
1.947730000000000018e+03 1.264787468857816009e+35
1.948460000000000036e+03 1.271214501782846200e+35
1.949190000000000055e+03 1.306478117197103237e+35
1.949920000000000073e+03 1.273374557729075464e+35
1.950650000000000091e+03 1.212647754553205542e+35
1.951380000000000109e+03 1.199185489094401600e+35
1.952109999999999900e+03 1.192999287140572115e+35
1.952839999999999918e+03 1.173324469818222581e+35
1.953579999999999927e+03 1.168139244115660578e+35
1.954309999999999945e+03 1.173503463005581274e+35
1.955039999999999964e+03 1.170574171582911982e+35
1.955779999999999973e+03 1.155729707252309491e+35
1.956509999999999991e+03 1.122637843116733536e+35
1.957240000000000009e+03 1.073333646305919184e+35
1.957980000000000018e+03 1.043203901897477180e+35
1.958710000000000036e+03 1.025691330729899618e+35
1.959450000000000045e+03 1.018443563996616245e+35
1.960180000000000064e+03 1.016333153659056078e+35
1.960920000000000073e+03 9.803961174525419950e+34
1.961650000000000091e+03 9.333326995280474645e+34
1.962390000000000100e+03 9.095108925412468450e+34
1.963119999999999891e+03 9.089729708102835200e+34
1.963859999999999900e+03 9.066086204672448257e+34
1.964589999999999918e+03 8.906228180387329761e+34
1.965329999999999927e+03 8.717693746593921260e+34
1.966069999999999936e+03 8.632110989327940435e+34
1.966809999999999945e+03 8.633020808601239473e+34
1.967539999999999964e+03 8.395391545074471756e+34
1.968279999999999973e+03 7.949705525795922053e+34
1.969019999999999982e+03 7.549376598904186836e+34
1.969759999999999991e+03 7.455689734916301731e+34
1.970500000000000000e+03 7.478979606751294388e+34
1.971240000000000009e+03 7.252777841744327551e+34
1.971970000000000027e+03 6.918801796034597918e+34
1.972710000000000036e+03 6.699933798777549796e+34
1.973450000000000045e+03 6.826826129421267793e+34
1.974190000000000055e+03 7.061032300108101526e+34
1.974930000000000064e+03 6.731855429941223490e+34
1.975670000000000073e+03 6.447622371696435552e+34
1.976420000000000073e+03 6.617831077866534350e+34
1.977160000000000082e+03 6.538949958824358269e+34
1.977900000000000091e+03 6.428392957091949744e+34
1.978640000000000100e+03 6.287466955628392630e+34
1.979380000000000109e+03 5.799090923101192278e+34
1.980119999999999891e+03 5.704635437662077660e+34
1.980869999999999891e+03 5.976822659785429850e+34
1.981609999999999900e+03 5.932275909403902893e+34
1.982349999999999909e+03 6.028938607456712948e+34
1.983099999999999909e+03 6.328160952365020533e+34
1.983839999999999918e+03 6.065467407545172008e+34
1.984579999999999927e+03 5.610187445655147719e+34
1.985329999999999927e+03 5.752846549743795839e+34
1.986069999999999936e+03 6.075582139483813847e+34
1.986819999999999936e+03 5.926507049843418455e+34
1.987559999999999945e+03 5.540267499127715789e+34
1.988309999999999945e+03 5.401524314754095507e+34
1.989049999999999955e+03 5.639439817887155979e+34
1.989799999999999955e+03 5.869356435696261846e+34
1.990539999999999964e+03 5.801849542421534940e+34
1.991289999999999964e+03 5.617159897764618169e+34
1.992039999999999964e+03 5.592637824422035504e+34
1.992789999999999964e+03 5.720073969939717779e+34
1.993529999999999973e+03 5.677355778164964418e+34
1.994279999999999973e+03 5.459321483414245746e+34
1.995029999999999973e+03 5.422913762119561889e+34
1.995779999999999973e+03 5.589732747759459355e+34
1.996519999999999982e+03 5.752647414143954669e+34
1.997269999999999982e+03 5.600131156114795620e+34
1.998019999999999982e+03 5.278463145298118567e+34
1.998769999999999982e+03 5.278742139158429287e+34
1.999519999999999982e+03 5.537098729923456578e+34
2.000269999999999982e+03 5.697305545412254437e+34
2.001019999999999982e+03 5.606284559543451079e+34
2.001769999999999982e+03 5.507671648015629500e+34
2.002519999999999982e+03 5.601036805828410382e+34
2.003269999999999982e+03 5.807133196804680524e+34
2.004019999999999982e+03 5.866013037436300820e+34
2.004779999999999973e+03 5.667390919191885348e+34
2.005529999999999973e+03 5.674855230343353918e+34
2.006279999999999973e+03 6.213250168047807133e+34
2.007029999999999973e+03 6.406405707898321405e+34
2.007779999999999973e+03 6.019356511227305237e+34
2.008539999999999964e+03 5.903192812995002665e+34
2.009289999999999964e+03 5.975326013636507201e+34
2.010039999999999964e+03 6.028308512371515050e+34
2.010799999999999955e+03 6.343014332822334926e+34
2.011549999999999955e+03 6.664619323482158425e+34
2.012309999999999945e+03 6.784198904129158442e+34
2.013059999999999945e+03 7.089427414819714598e+34
2.013819999999999936e+03 7.483061246473196131e+34
2.014569999999999936e+03 7.527553045184950634e+34
2.015329999999999927e+03 7.379196455039676310e+34
2.016079999999999927e+03 7.580956365923834425e+34
2.016839999999999918e+03 7.809187031359769375e+34
2.017589999999999918e+03 7.572422246540890921e+34
2.018349999999999909e+03 7.536947526229573498e+34
2.019109999999999900e+03 7.814104889594522440e+34
2.019869999999999891e+03 7.742608735094882404e+34
2.020619999999999891e+03 7.565706593166861782e+34
2.021380000000000109e+03 7.590149531023864936e+34
2.022140000000000100e+03 7.532185872390573260e+34
2.022900000000000091e+03 7.377288452874644071e+34
2.023660000000000082e+03 7.358858963715237184e+34
2.024410000000000082e+03 7.425904275967234040e+34
2.025170000000000073e+03 7.470156843065807592e+34
2.025930000000000064e+03 7.417597447465672066e+34
2.026690000000000055e+03 7.327628806356174431e+34
2.027450000000000045e+03 7.396381298983491691e+34
2.028210000000000036e+03 7.575987376480002603e+34
2.028970000000000027e+03 7.501681436207108429e+34
2.029730000000000018e+03 7.243916583880382947e+34
2.030500000000000000e+03 7.296329241508525406e+34
2.031259999999999991e+03 7.422698908614651592e+34
2.032019999999999982e+03 7.298181150942047450e+34
2.032779999999999973e+03 7.158889604603042019e+34
2.033539999999999964e+03 7.050580797879795947e+34
2.034309999999999945e+03 7.066716271193792551e+34
2.035069999999999936e+03 7.031321983418930100e+34
2.035829999999999927e+03 6.777084789292926527e+34
2.036589999999999918e+03 6.503127333138240425e+34
2.037359999999999900e+03 6.318300043698115109e+34
2.038119999999999891e+03 6.400788746194853300e+34
2.038890000000000100e+03 6.524672740138532442e+34
2.039650000000000091e+03 6.527589731110642197e+34
2.040420000000000073e+03 6.411597731022768946e+34
2.041180000000000064e+03 6.183810580377491205e+34
2.041950000000000045e+03 6.178677856639241730e+34
2.042710000000000036e+03 6.448429027896668994e+34
2.043480000000000018e+03 6.613769457697424353e+34
2.044240000000000009e+03 6.606485894176809309e+34
2.045009999999999991e+03 6.655524849127777965e+34
2.045779999999999973e+03 6.649695780625719143e+34
2.046549999999999955e+03 6.724256748156626579e+34
2.047309999999999945e+03 6.912583403321810637e+34
2.048079999999999927e+03 6.790396923034141630e+34
2.048849999999999909e+03 6.564402006977130202e+34
2.049619999999999891e+03 6.596800960162913125e+34
2.050389999999999873e+03 6.591496117221959788e+34
2.051150000000000091e+03 6.518737238003492182e+34
2.051920000000000073e+03 6.625242552552246099e+34
2.052690000000000055e+03 6.817467888368376292e+34
2.053460000000000036e+03 6.840577681421658510e+34
2.054230000000000018e+03 6.672047973020850142e+34
2.055000000000000000e+03 6.571641011658018658e+34
2.055769999999999982e+03 6.768578789323619789e+34
2.056539999999999964e+03 6.927912951268562432e+34
2.057320000000000164e+03 6.925946172681257480e+34
2.058090000000000146e+03 7.079415879572069516e+34
2.058860000000000127e+03 7.459806336971986758e+34
2.059630000000000109e+03 7.672443821300482052e+34
2.060400000000000091e+03 7.579415452361209797e+34
2.061179999999999836e+03 7.600245693622477835e+34
2.061949999999999818e+03 7.753380694871199072e+34
2.062719999999999800e+03 7.816223635682156490e+34
2.063500000000000000e+03 7.609711045702535768e+34
2.064269999999999982e+03 7.451988306869627480e+34
2.065039999999999964e+03 7.634629290944935155e+34
2.065820000000000164e+03 7.797793430138265499e+34
2.066590000000000146e+03 7.988023174604177356e+34
2.067369999999999891e+03 8.065445755664453072e+34
2.068139999999999873e+03 7.755543089311834954e+34
2.068920000000000073e+03 7.635300998387925670e+34
2.069690000000000055e+03 7.724013707204802664e+34
2.070469999999999800e+03 7.594500927572698245e+34
2.071250000000000000e+03 7.329800508273965488e+34
2.072019999999999982e+03 7.168108706229134394e+34
2.072800000000000182e+03 7.199116929026512603e+34
2.073579999999999927e+03 7.399818671877138818e+34
2.074360000000000127e+03 7.761582745668367064e+34
2.075130000000000109e+03 8.089327205120339654e+34
2.075909999999999854e+03 7.942045546590815787e+34
2.076690000000000055e+03 7.574203750493377996e+34
2.077469999999999800e+03 7.558194802680379532e+34
2.078250000000000000e+03 7.916426157669721952e+34
2.079030000000000200e+03 8.099218675233620009e+34
2.079809999999999945e+03 7.948577713360585553e+34
2.080590000000000146e+03 7.888465773436354903e+34
2.081369999999999891e+03 8.065744039655157143e+34
2.082150000000000091e+03 8.359016877343568209e+34
2.082929999999999836e+03 8.619112583629661483e+34
2.083710000000000036e+03 8.907764652129577881e+34
2.084489999999999782e+03 9.177622728200189837e+34
2.085269999999999982e+03 9.545536113904328068e+34
2.086050000000000182e+03 9.940436068805062505e+34
2.086840000000000146e+03 9.960966527691271388e+34
2.087619999999999891e+03 9.746494860815864081e+34
2.088400000000000091e+03 9.665648792740865911e+34
2.089190000000000055e+03 9.632900130061108450e+34
2.089969999999999800e+03 9.587446485338444997e+34
2.090750000000000000e+03 9.684675337530335792e+34
2.091539999999999964e+03 1.007791247591317757e+35
2.092320000000000164e+03 1.038491274843502418e+35
2.093110000000000127e+03 1.047922113493806179e+35
2.093889999999999873e+03 1.035287997973980711e+35
2.094679999999999836e+03 1.015193497386180717e+35
2.095460000000000036e+03 1.019322224314289365e+35
2.096250000000000000e+03 1.033108165294337009e+35
2.097030000000000200e+03 1.010282456824363369e+35
2.097820000000000164e+03 9.805428757893084963e+34
2.098610000000000127e+03 9.795852336676361367e+34
2.099389999999999873e+03 9.676219305495311831e+34
2.100179999999999836e+03 9.494489464266709905e+34
2.100969999999999800e+03 9.360509510448777378e+34
2.101760000000000218e+03 9.133699937524842167e+34
2.102539999999999964e+03 8.917233290104434230e+34
2.103329999999999927e+03 8.861768201060789099e+34
2.104119999999999891e+03 8.894924077306031186e+34
2.104909999999999854e+03 8.782035295284423139e+34
2.105699999999999818e+03 8.593273654666834165e+34
2.106489999999999782e+03 8.530766049699665477e+34
2.107280000000000200e+03 8.586476512653549250e+34
2.108070000000000164e+03 8.480089751067865251e+34
2.108860000000000127e+03 8.083779907457563193e+34
2.109650000000000091e+03 7.934764705054121173e+34
2.110440000000000055e+03 8.215391500124740572e+34
2.111230000000000018e+03 8.393795273543343516e+34
2.112030000000000200e+03 8.211946222810355795e+34
2.112820000000000164e+03 7.851654662697022200e+34
2.113610000000000127e+03 7.685962129741207811e+34
2.114400000000000091e+03 7.918428362900866721e+34
2.115199999999999818e+03 8.253880661387635867e+34
2.115989999999999782e+03 8.347412264553233466e+34
2.116780000000000200e+03 8.126696473058011757e+34
2.117579999999999927e+03 7.788426699156238458e+34
2.118369999999999891e+03 7.913233282248189551e+34
2.119159999999999854e+03 8.152375278160506816e+34
2.119960000000000036e+03 7.998467679646559937e+34
2.120750000000000000e+03 7.916719453965203459e+34
2.121550000000000182e+03 8.215836323729056351e+34
2.122340000000000146e+03 8.426877073276259602e+34
2.123139999999999873e+03 8.294119763174866688e+34
2.123940000000000055e+03 8.152548186216571891e+34
2.124730000000000018e+03 8.029407283746339111e+34
2.125530000000000200e+03 7.866114242873705160e+34
2.126329999999999927e+03 7.749495534813977071e+34
2.127119999999999891e+03 7.612411633555665297e+34
2.127920000000000073e+03 7.489783767637029573e+34
2.128719999999999800e+03 7.526707360878242368e+34
2.129519999999999982e+03 7.702774989927515648e+34
2.130320000000000164e+03 7.662593407321385559e+34
2.131119999999999891e+03 7.239701808765010176e+34
2.131909999999999854e+03 7.188841156222312699e+34
2.132710000000000036e+03 7.501854518944826803e+34
2.133510000000000218e+03 7.186171876265227304e+34
2.134309999999999945e+03 6.671247745568886980e+34
2.135110000000000127e+03 6.836675661424158863e+34
2.135920000000000073e+03 7.172373472133532930e+34
2.136719999999999800e+03 7.185963778248749647e+34
2.137519999999999982e+03 6.989675959682524349e+34
2.138320000000000164e+03 6.719502943829900874e+34
2.139119999999999891e+03 6.557451983314659866e+34
2.139920000000000073e+03 6.561091295487665823e+34
2.140730000000000018e+03 6.422863797360412544e+34
2.141530000000000200e+03 6.220201352565156697e+34
2.142329999999999927e+03 6.015625502348865563e+34
2.143130000000000109e+03 5.858197707106060878e+34
2.143940000000000055e+03 5.989449242781736316e+34
2.144739999999999782e+03 6.175048944156810228e+34
2.145550000000000182e+03 6.032084926319121063e+34
2.146349999999999909e+03 5.823621217843265930e+34
2.147159999999999854e+03 6.192199724147620115e+34
2.147960000000000036e+03 6.743522784169646348e+34
2.148769999999999982e+03 6.769471357670709075e+34
2.149570000000000164e+03 6.507236973972829853e+34
2.150380000000000109e+03 6.336306829972671314e+34
2.151190000000000055e+03 6.417839579207715724e+34
2.151989999999999782e+03 6.460830711921779882e+34
2.152800000000000182e+03 6.408142292208011278e+34
2.153610000000000127e+03 6.559893798629507333e+34
2.154409999999999854e+03 6.661528938529903778e+34
2.155219999999999800e+03 6.499968685804619825e+34
2.156030000000000200e+03 6.236032123188066029e+34
2.156840000000000146e+03 6.112781280442802493e+34
2.157650000000000091e+03 6.372652614112804876e+34
2.158460000000000036e+03 6.695792972200150529e+34
2.159269999999999982e+03 6.602497477605053349e+34
2.160079999999999927e+03 6.334412733321510567e+34
2.160889999999999873e+03 6.377112699332715881e+34
2.161699999999999818e+03 6.557449921656450055e+34
2.162510000000000218e+03 6.576081280690615864e+34
2.163320000000000164e+03 6.569936864477589814e+34
2.164130000000000109e+03 6.631661738577984348e+34
2.164940000000000055e+03 6.607482007798292981e+34
2.165750000000000000e+03 6.410682376428920566e+34
2.166559999999999945e+03 6.234465284185512092e+34
2.167380000000000109e+03 6.292044520638715789e+34
2.168190000000000055e+03 6.304605392117716702e+34
2.169000000000000000e+03 6.069523860249243490e+34
2.169820000000000164e+03 5.863246426491663459e+34
2.170630000000000109e+03 5.828704674657467884e+34
2.171440000000000055e+03 5.712446811438134385e+34
2.172260000000000218e+03 5.461245601947800788e+34
2.173070000000000164e+03 5.492032254349532874e+34
2.173889999999999873e+03 5.742050593002315971e+34
2.174699999999999818e+03 5.785854435375347152e+34
2.175519999999999982e+03 5.619466136147901274e+34
2.176329999999999927e+03 5.411465928234586951e+34
2.177150000000000091e+03 5.362507480020193910e+34
2.177969999999999800e+03 5.328896294622152095e+34
2.178780000000000200e+03 5.174397417363661314e+34
2.179599999999999909e+03 5.186569175591048039e+34
2.180420000000000073e+03 5.218339148066122123e+34
2.181239999999999782e+03 5.052189802733065775e+34
2.182050000000000182e+03 4.769076151451757452e+34
2.182869999999999891e+03 4.492032647456484926e+34
2.183690000000000055e+03 4.345110828318666591e+34
2.184510000000000218e+03 4.324216573907093851e+34
2.185329999999999927e+03 4.495527565625614181e+34
2.186150000000000091e+03 4.704126705190424233e+34
2.186969999999999800e+03 4.651187888754479138e+34
2.187789999999999964e+03 4.420532528057676550e+34
2.188610000000000127e+03 4.373713004920208685e+34
2.189429999999999836e+03 4.572768148344913838e+34
2.190250000000000000e+03 4.895424479527971015e+34
2.191070000000000164e+03 4.976808104334037064e+34
2.191889999999999873e+03 4.787437848555280054e+34
2.192710000000000036e+03 4.823454400121708575e+34
2.193539999999999964e+03 5.185016983408143610e+34
2.194360000000000127e+03 5.423779955159350836e+34
2.195179999999999836e+03 5.231412035761405264e+34
2.196010000000000218e+03 5.071868917472035974e+34
2.196829999999999927e+03 5.243031870660671190e+34
2.197650000000000091e+03 5.382156236143581792e+34
2.198480000000000018e+03 5.326640052889029479e+34
2.199300000000000182e+03 5.109232831222947233e+34
2.200130000000000109e+03 4.836409097988682076e+34
2.200949999999999818e+03 4.710002221092605446e+34
2.201780000000000200e+03 4.747635427205919625e+34
2.202599999999999909e+03 4.603432693235037179e+34
2.203429999999999836e+03 4.267721828441983724e+34
2.204250000000000000e+03 3.972425266380361872e+34
2.205079999999999927e+03 3.926417471678050565e+34
2.205909999999999854e+03 4.091034726083900061e+34
2.206739999999999782e+03 4.193468097366341233e+34
2.207559999999999945e+03 4.328880398308181375e+34
2.208389999999999873e+03 4.531948426940017183e+34
2.209219999999999800e+03 4.537667673736233047e+34
2.210050000000000182e+03 4.467776835071410036e+34
2.210880000000000109e+03 4.653946556025667426e+34
2.211710000000000036e+03 4.851433983617697724e+34
2.212530000000000200e+03 4.877873236736432138e+34
2.213360000000000127e+03 4.870978237254887613e+34
2.214190000000000055e+03 4.823607343616032939e+34
2.215019999999999982e+03 4.975912729770145956e+34
2.215860000000000127e+03 5.474678967878527812e+34
2.216690000000000055e+03 5.856551869844178009e+34
2.217519999999999982e+03 5.955279372903450943e+34
2.218349999999999909e+03 6.169992688017231893e+34
2.219179999999999836e+03 6.647997001953732462e+34
2.220010000000000218e+03 7.071680542935856377e+34
2.220849999999999909e+03 7.157304683789472099e+34
2.221679999999999836e+03 7.179563427495410073e+34
2.222510000000000218e+03 7.393249726324778545e+34
2.223340000000000146e+03 7.783362713828354967e+34
2.224179999999999836e+03 8.157808414859724006e+34
2.225010000000000218e+03 8.202350048864740406e+34
2.225849999999999909e+03 8.092182729121274445e+34
2.226679999999999836e+03 8.179459484664568770e+34
2.227519999999999982e+03 8.396559673902236979e+34
2.228349999999999909e+03 8.406726870306501128e+34
2.229190000000000055e+03 8.475584798048993394e+34
2.230019999999999982e+03 8.626205890589421169e+34
2.230860000000000127e+03 8.618576740459563272e+34
2.231699999999999818e+03 8.464000215159526877e+34
2.232530000000000200e+03 8.261402998475138835e+34
2.233369999999999891e+03 8.137158040112051806e+34
2.234210000000000036e+03 8.243021543836149492e+34
2.235050000000000182e+03 8.266479102656548397e+34
2.235880000000000109e+03 8.029980070103656895e+34
2.236719999999999800e+03 8.001089691040811232e+34
2.237559999999999945e+03 8.254245049643152190e+34
2.238400000000000091e+03 8.229935988937927147e+34
2.239239999999999782e+03 7.847879925509697742e+34
2.240079999999999927e+03 7.662457566726578072e+34
2.240920000000000073e+03 7.685940691029117137e+34
2.241760000000000218e+03 7.497098169008669535e+34
2.242599999999999909e+03 7.257216681478440280e+34
2.243440000000000055e+03 7.238193912369711395e+34
2.244280000000000200e+03 7.027264768230958493e+34
2.245119999999999891e+03 6.713146007015687705e+34
2.245969999999999800e+03 6.811269912035022428e+34
2.246809999999999945e+03 6.835426428351998506e+34
2.247650000000000091e+03 6.488727084639684922e+34
2.248489999999999782e+03 6.226278062804207695e+34
2.249340000000000146e+03 6.226096289164271887e+34
2.250179999999999836e+03 6.376037832688547096e+34
2.251019999999999982e+03 6.349926264612452412e+34
2.251869999999999891e+03 6.260458761357546434e+34
2.252710000000000036e+03 6.315918265399521518e+34
2.253559999999999945e+03 6.271185989574406973e+34
2.254400000000000091e+03 6.137145488548840182e+34
2.255250000000000000e+03 6.164712743278568740e+34
2.256090000000000146e+03 6.527229470949829595e+34
2.256940000000000055e+03 6.775438367978999612e+34
2.257789999999999964e+03 6.487789880250324057e+34
2.258630000000000109e+03 6.243235335570509779e+34
2.259480000000000018e+03 6.373480409326528264e+34
2.260329999999999927e+03 6.504405016605582417e+34
2.261170000000000073e+03 6.475453647314940577e+34
2.262019999999999982e+03 6.451751477985198180e+34
2.262869999999999891e+03 6.424230140941006878e+34
2.263719999999999800e+03 6.261392462097102492e+34
2.264570000000000164e+03 6.020239311454791220e+34
2.265420000000000073e+03 5.877714575465716289e+34
2.266269999999999982e+03 5.930337614946361492e+34
2.267119999999999891e+03 5.973829950767546582e+34
2.267969999999999800e+03 5.844488641835324464e+34
2.268820000000000164e+03 5.720585621310305137e+34
2.269670000000000073e+03 5.715205676351082151e+34
2.270519999999999982e+03 5.767226409734055584e+34
2.271369999999999891e+03 5.813229248284229986e+34
2.272219999999999800e+03 5.889478236778216122e+34
2.273079999999999927e+03 5.910480290802384236e+34
2.273929999999999836e+03 5.827461904662477845e+34
2.274780000000000200e+03 5.746290861957752384e+34
2.275630000000000109e+03 5.638341145356159067e+34
2.276489999999999782e+03 5.657747367330334556e+34
2.277340000000000146e+03 5.823139910228154158e+34
2.278190000000000055e+03 5.864130014035851679e+34
2.279050000000000182e+03 5.744024348189071613e+34
2.279900000000000091e+03 5.783243669563729259e+34
2.280760000000000218e+03 6.111768665701337677e+34
2.281610000000000127e+03 6.332882672390989623e+34
2.282469999999999800e+03 6.294887276341689819e+34
2.283329999999999927e+03 6.103283324029828529e+34
2.284179999999999836e+03 5.985002639348181163e+34
2.285039999999999964e+03 5.960554469556638534e+34
2.285889999999999873e+03 5.759601447702893883e+34
2.286750000000000000e+03 5.462237498267542186e+34
2.287610000000000127e+03 5.393558005290430901e+34
2.288469999999999800e+03 5.619139726775133916e+34
2.289329999999999927e+03 5.594569519461015885e+34
2.290179999999999836e+03 5.190756281722219986e+34
2.291039999999999964e+03 4.971647762992327751e+34
2.291900000000000091e+03 5.147634163382115775e+34
2.292760000000000218e+03 5.427611847548773756e+34
2.293619999999999891e+03 5.555456214045984567e+34
2.294480000000000018e+03 5.457760742561165944e+34
2.295340000000000146e+03 5.251389938450030056e+34
2.296199999999999818e+03 5.063732423073624368e+34
2.297059999999999945e+03 4.864886568156349349e+34
2.297929999999999836e+03 4.861742251924804832e+34
2.298789999999999964e+03 4.970530549895948169e+34
2.299650000000000091e+03 4.982021188377368997e+34
2.300510000000000218e+03 4.895502075163748183e+34
2.301369999999999891e+03 4.636030114579490829e+34
2.302239999999999782e+03 4.494998660178306874e+34
2.303099999999999909e+03 4.696269649098041340e+34
2.303960000000000036e+03 4.906747395171933287e+34
2.304829999999999927e+03 4.823864913143751935e+34
2.305690000000000055e+03 4.691513433755825778e+34
2.306559999999999945e+03 4.749156539415889901e+34
2.307420000000000073e+03 4.922948466851833323e+34
2.308289999999999964e+03 5.125523285941614696e+34
2.309150000000000091e+03 5.401536813597749301e+34
2.310019999999999982e+03 5.514543379563962668e+34
2.310880000000000109e+03 5.242916163861354961e+34
2.311750000000000000e+03 5.011872330318959886e+34
2.312619999999999891e+03 5.105691010912186565e+34
2.313489999999999782e+03 5.309815910882464854e+34
2.314349999999999909e+03 5.513905575315530169e+34
2.315219999999999800e+03 5.638610102916475059e+34
2.316090000000000146e+03 5.529591451605752577e+34
2.316960000000000036e+03 5.333334163491624711e+34
2.317829999999999927e+03 5.233739762280256840e+34
2.318699999999999818e+03 5.205672461777205274e+34
2.319570000000000164e+03 5.347047172824764355e+34
2.320440000000000055e+03 5.547511638074062539e+34
2.321309999999999945e+03 5.713640247563157737e+34
2.322179999999999836e+03 5.804804006781678829e+34
2.323050000000000182e+03 5.749884570705541389e+34
2.323920000000000073e+03 5.580468768156828291e+34
2.324789999999999964e+03 5.777311168540404668e+34
2.325659999999999854e+03 6.517326769735356106e+34
2.326530000000000200e+03 7.190650657866467752e+34
2.327409999999999854e+03 7.217057816366404060e+34
2.328280000000000200e+03 6.907061986200247881e+34
2.329150000000000091e+03 6.988212749151579568e+34
2.330019999999999982e+03 7.525006019629741354e+34
2.330900000000000091e+03 8.215254850144795083e+34
2.331769999999999982e+03 8.669039297229363033e+34
2.332650000000000091e+03 8.478707237100456613e+34
2.333519999999999982e+03 8.007746497560299638e+34
2.334400000000000091e+03 7.978644030039748847e+34
2.335269999999999982e+03 8.399677210949268851e+34
2.336150000000000091e+03 8.688301962708038988e+34
2.337019999999999982e+03 8.899684645885363199e+34
2.337900000000000091e+03 9.331299887058758382e+34
2.338780000000000200e+03 9.720569635828687807e+34
2.339650000000000091e+03 9.648393740858589663e+34
2.340530000000000200e+03 9.519945280602692202e+34
2.341409999999999854e+03 9.864587736688560069e+34
2.342289999999999964e+03 1.092189034193629877e+35
2.343170000000000073e+03 1.205974709638859247e+35
2.344039999999999964e+03 1.237125154178334419e+35
2.344920000000000073e+03 1.227023989483129732e+35
2.345800000000000182e+03 1.304676197672017873e+35
2.346679999999999836e+03 1.448369218484438087e+35
2.347559999999999945e+03 1.479450410800868849e+35
2.348440000000000055e+03 1.438500515218780637e+35
2.349320000000000164e+03 1.502753192610778557e+35
2.350199999999999818e+03 1.651807932064017969e+35
2.351090000000000146e+03 1.748068473092684973e+35
2.351969999999999800e+03 1.760578198839480906e+35
2.352849999999999909e+03 1.810956775828346206e+35
2.353730000000000018e+03 1.947849982508162506e+35
2.354610000000000127e+03 2.048925374565662506e+35
2.355500000000000000e+03 2.066133709106819722e+35
2.356380000000000109e+03 2.075494334606109881e+35
2.357260000000000218e+03 2.089353672225357549e+35
2.358150000000000091e+03 2.144390755019382843e+35
2.359030000000000200e+03 2.227976910552344596e+35
2.359920000000000073e+03 2.182575075967440253e+35
2.360800000000000182e+03 2.080748602957957667e+35
2.361690000000000055e+03 2.024535327475841583e+35
2.362570000000000164e+03 2.066679611066915558e+35
2.363460000000000036e+03 2.176024124679720932e+35
2.364349999999999909e+03 2.144848703224767239e+35
2.365230000000000018e+03 2.032607228742110450e+35
2.366119999999999891e+03 1.995492475985627111e+35
2.367010000000000218e+03 1.907567609768056679e+35
2.367889999999999873e+03 1.788259358114152305e+35
2.368780000000000200e+03 1.808748475166082028e+35
2.369670000000000073e+03 1.930406347739460495e+35
2.370559999999999945e+03 2.044379920640936775e+35
2.371449999999999818e+03 2.032823754752017462e+35
2.372340000000000146e+03 1.930462720363589338e+35
2.373230000000000018e+03 1.967409279035701906e+35
2.374119999999999891e+03 2.079032069550365291e+35
2.375010000000000218e+03 2.084134055964685962e+35
2.375900000000000091e+03 2.013834441655225211e+35
2.376789999999999964e+03 1.925702714049171997e+35
2.377679999999999836e+03 1.951095361571119368e+35
2.378570000000000164e+03 2.116858366169498392e+35
2.379460000000000036e+03 2.162111566724353369e+35
2.380360000000000127e+03 2.078236431414109912e+35
2.381250000000000000e+03 2.010699506556821465e+35
2.382139999999999873e+03 2.015244714737554460e+35
2.383030000000000200e+03 2.026515368381971294e+35
2.383929999999999836e+03 1.917577361698074230e+35
2.384820000000000164e+03 1.874996265924774590e+35
2.385719999999999800e+03 1.905462642499487114e+35
2.386610000000000127e+03 1.876960419083268719e+35
2.387510000000000218e+03 1.890773136440505912e+35
2.388400000000000091e+03 1.903140151667449913e+35
2.389300000000000182e+03 1.855160518127724377e+35
2.390190000000000055e+03 1.771042332237384131e+35
2.391090000000000146e+03 1.684626263919487222e+35
2.391989999999999782e+03 1.716829276631079258e+35
2.392880000000000109e+03 1.803389578505605100e+35
2.393780000000000200e+03 1.803603103827603747e+35
2.394679999999999836e+03 1.772661381722612007e+35
2.395579999999999927e+03 1.738895051450541774e+35
2.396469999999999800e+03 1.651912049449108257e+35
2.397369999999999891e+03 1.556500689506458961e+35
2.398269999999999982e+03 1.595903294688119730e+35
2.399170000000000073e+03 1.768257607659741057e+35
2.400070000000000164e+03 1.836937911104371500e+35
2.400969999999999800e+03 1.790852922366922694e+35
2.401869999999999891e+03 1.837012399576391122e+35
2.402769999999999982e+03 1.886779734552100928e+35
2.403670000000000073e+03 1.796248250415794140e+35
2.404570000000000164e+03 1.745812352276437205e+35
2.405480000000000018e+03 1.904784320646697216e+35
2.406380000000000109e+03 2.155397856941242120e+35
2.407280000000000200e+03 2.258201695716623471e+35
2.408179999999999836e+03 2.240276744871346104e+35
2.409090000000000146e+03 2.283075009386918808e+35
2.409989999999999782e+03 2.397759203697891204e+35
2.410889999999999873e+03 2.475987972052837449e+35
2.411800000000000182e+03 2.395016031006756826e+35
2.412699999999999818e+03 2.330416681910565632e+35
2.413610000000000127e+03 2.532443554350293836e+35
2.414510000000000218e+03 2.801692480556336201e+35
2.415420000000000073e+03 2.832223786297080757e+35
2.416320000000000164e+03 2.756474363797729299e+35
2.417230000000000018e+03 2.723853841846069353e+35
2.418139999999999873e+03 2.746563054097731377e+35
2.419039999999999964e+03 2.737742671091287017e+35
2.419949999999999818e+03 2.651883570554827820e+35
2.420860000000000127e+03 2.626949071231787735e+35
2.421769999999999982e+03 2.659530892733113211e+35
2.422670000000000073e+03 2.591796065292458313e+35
2.423579999999999927e+03 2.554474986910313870e+35
2.424489999999999782e+03 2.672645838883728223e+35
2.425400000000000091e+03 2.755749860957183937e+35
2.426309999999999945e+03 2.695492203957092408e+35
2.427219999999999800e+03 2.670295460346386498e+35
2.428130000000000109e+03 2.781389643406402063e+35
2.429039999999999964e+03 2.840899549013123608e+35
2.429949999999999818e+03 2.757286662466953534e+35
2.430860000000000127e+03 2.643906760712672271e+35
2.431769999999999982e+03 2.605040642200681016e+35
2.432690000000000055e+03 2.631087703630231847e+35
2.433599999999999909e+03 2.633134730718384332e+35
2.434510000000000218e+03 2.611054473346317808e+35
2.435420000000000073e+03 2.598397128976863434e+35
2.436340000000000146e+03 2.581234279403308290e+35
2.437250000000000000e+03 2.616515129248825286e+35
2.438159999999999854e+03 2.633836487203517525e+35
2.439079999999999927e+03 2.534912840938121065e+35
2.439989999999999782e+03 2.457962677398278281e+35
2.440909999999999854e+03 2.434328290839639843e+35
2.441820000000000164e+03 2.424219656460365593e+35
2.442739999999999782e+03 2.412636140036764339e+35
2.443659999999999854e+03 2.380887176515588754e+35
2.444570000000000164e+03 2.430364800050317842e+35
2.445489999999999782e+03 2.490500279772957208e+35
2.446409999999999854e+03 2.403357076710598107e+35
2.447320000000000164e+03 2.284719619198554875e+35
2.448239999999999782e+03 2.283326285678734984e+35
2.449159999999999854e+03 2.328984828221126953e+35
2.450079999999999927e+03 2.328524924392858000e+35
2.451000000000000000e+03 2.273017039157925012e+35
2.451920000000000073e+03 2.200062016379284782e+35
2.452829999999999927e+03 2.186406585681453798e+35
2.453750000000000000e+03 2.217094251529916793e+35
2.454670000000000073e+03 2.237453529887605861e+35
2.455599999999999909e+03 2.297909575836157163e+35
2.456519999999999982e+03 2.377232813148459666e+35
2.457440000000000055e+03 2.455515306775415343e+35
2.458360000000000127e+03 2.482222390202732432e+35
2.459280000000000200e+03 2.453297969833042686e+35
2.460199999999999818e+03 2.451619079625679321e+35
2.461130000000000109e+03 2.536291847507749009e+35
2.462050000000000182e+03 2.681933716282478439e+35
2.462969999999999800e+03 2.698248154315855546e+35
2.463900000000000091e+03 2.574063963589018647e+35
2.464820000000000164e+03 2.492945359684008431e+35
2.465739999999999782e+03 2.447238803643265815e+35
2.466670000000000073e+03 2.324158362528032650e+35
2.467590000000000146e+03 2.164986839912514480e+35
2.468519999999999982e+03 2.065591197956524952e+35
2.469440000000000055e+03 2.110788706351605726e+35
2.470369999999999891e+03 2.171986485623905696e+35
2.471300000000000182e+03 2.123425357595082897e+35
2.472219999999999800e+03 2.131340372861151581e+35
2.473150000000000091e+03 2.223732566056692219e+35
2.474079999999999927e+03 2.234583123520877788e+35
2.475010000000000218e+03 2.203743030020338852e+35
2.475929999999999836e+03 2.179384071261958485e+35
2.476860000000000127e+03 2.107331400058914161e+35
2.477789999999999964e+03 2.011214203417507437e+35
2.478719999999999800e+03 1.978903073153337110e+35
2.479650000000000091e+03 1.975543370284458842e+35
2.480579999999999927e+03 1.943638318667118274e+35
2.481510000000000218e+03 1.889929598030599408e+35
2.482440000000000055e+03 1.800212086341908795e+35
2.483369999999999891e+03 1.701700381796588874e+35
2.484300000000000182e+03 1.714791158704968624e+35
2.485230000000000018e+03 1.783450750200213354e+35
2.486170000000000073e+03 1.767238206876376203e+35
2.487099999999999909e+03 1.706811672602844929e+35
2.488030000000000200e+03 1.624000566055097448e+35
2.488960000000000036e+03 1.619329607980597271e+35
2.489900000000000091e+03 1.671867652814093091e+35
2.490829999999999927e+03 1.650754815784722868e+35
2.491769999999999982e+03 1.629545175131035794e+35
2.492699999999999818e+03 1.573637823173175362e+35
2.493630000000000109e+03 1.472451352269106264e+35
2.494570000000000164e+03 1.390983694006507901e+35
2.495500000000000000e+03 1.283830792690411302e+35
2.496440000000000055e+03 1.199695312909268924e+35
2.497380000000000109e+03 1.205254349975896441e+35
2.498309999999999945e+03 1.241421666625524779e+35
2.499250000000000000e+03 1.282717665279173861e+35
2.500190000000000055e+03 1.322881962752083604e+35
2.501130000000000109e+03 1.310425541439952206e+35
2.502059999999999945e+03 1.257036959734549012e+35
2.503000000000000000e+03 1.241067261957404695e+35
2.503940000000000055e+03 1.248734293430977524e+35
2.504880000000000109e+03 1.245451526764578518e+35
2.505820000000000164e+03 1.238695466938831458e+35
2.506760000000000218e+03 1.245793080180876760e+35
2.507699999999999818e+03 1.224910695068995330e+35
2.508639999999999873e+03 1.098848842437273050e+35
2.509579999999999927e+03 9.753732193637481268e+34
2.510519999999999982e+03 9.503476944314953655e+34
2.511460000000000036e+03 9.627740375810519367e+34
2.512400000000000091e+03 9.447245758993119131e+34
2.513349999999999909e+03 9.381836673819071353e+34
2.514289999999999964e+03 9.936084207600223347e+34
2.515230000000000018e+03 1.017009793403268736e+35
2.516170000000000073e+03 9.678150225843324682e+34
2.517119999999999891e+03 9.215021982395283348e+34
2.518059999999999945e+03 8.833767300784709004e+34
2.519010000000000218e+03 8.596511156627763808e+34
2.519949999999999818e+03 8.784103530394249005e+34
2.520900000000000091e+03 8.922038982291397322e+34
2.521840000000000146e+03 8.857334221164861273e+34
2.522789999999999964e+03 8.876306180792072783e+34
2.523730000000000018e+03 8.731430737098382848e+34
2.524679999999999836e+03 8.233790526882460618e+34
2.525630000000000109e+03 7.669721694401412903e+34
2.526570000000000164e+03 7.452446226960674556e+34
2.527519999999999982e+03 7.641290230824377754e+34
2.528469999999999800e+03 8.118529062729387469e+34
2.529420000000000073e+03 8.477458574232120495e+34
2.530360000000000127e+03 8.271508217482934617e+34
2.531309999999999945e+03 7.953990511083985671e+34
2.532260000000000218e+03 8.057801635953744960e+34
2.533210000000000036e+03 8.168836039914343468e+34
2.534159999999999854e+03 7.911639266426303614e+34
2.535110000000000127e+03 7.580626161052690075e+34
2.536059999999999945e+03 7.210846649987282979e+34
2.537010000000000218e+03 7.180365531936443765e+34
2.537969999999999800e+03 7.495265010574577232e+34
2.538920000000000073e+03 7.397805014646156661e+34
2.539869999999999891e+03 7.285245952275089878e+34
2.540820000000000164e+03 7.743156473272395546e+34
2.541769999999999982e+03 8.390283471658201190e+34
2.542730000000000018e+03 8.735875237149836514e+34
2.543679999999999836e+03 8.454357322901920946e+34
2.544639999999999873e+03 8.322670875201030668e+34
2.545590000000000146e+03 8.786767522476932842e+34
2.546539999999999964e+03 9.129617307357405217e+34
2.547500000000000000e+03 9.247008490201907082e+34
2.548449999999999818e+03 9.497251475587911198e+34
2.549409999999999854e+03 9.971052815341408158e+34
2.550369999999999891e+03 1.047324135555216438e+35
2.551320000000000164e+03 1.069751921443870801e+35
2.552280000000000200e+03 1.105808153715012146e+35
2.553239999999999782e+03 1.193464295932650274e+35
2.554190000000000055e+03 1.240452706539954534e+35
2.555150000000000091e+03 1.233197119901661966e+35
2.556110000000000127e+03 1.302773323477064917e+35
2.557070000000000164e+03 1.420465599148226622e+35
2.558030000000000200e+03 1.509929172476846405e+35
2.558989999999999782e+03 1.592901037022953947e+35
2.559949999999999818e+03 1.703099477384262658e+35
2.560909999999999854e+03 1.785887299782862082e+35
2.561869999999999891e+03 1.787034250771950444e+35
2.562829999999999927e+03 1.819208758233755025e+35
2.563789999999999964e+03 1.894711511227334048e+35
2.564750000000000000e+03 1.971936113809397048e+35
2.565710000000000036e+03 2.096073505818478861e+35
2.566670000000000073e+03 2.205949756486311127e+35
2.567639999999999873e+03 2.201434605738762288e+35
2.568599999999999909e+03 2.168354172352853057e+35
2.569559999999999945e+03 2.167584835670504404e+35
2.570530000000000200e+03 2.285001122993715810e+35
2.571489999999999782e+03 2.466732538118509520e+35
2.572449999999999818e+03 2.522909765560401148e+35
2.573420000000000073e+03 2.492814099347218151e+35
2.574380000000000109e+03 2.544782674134778184e+35
2.575349999999999909e+03 2.575044083994755804e+35
2.576320000000000164e+03 2.484906953524313965e+35
2.577280000000000200e+03 2.389212822776285474e+35
2.578250000000000000e+03 2.491257209560754854e+35
2.579210000000000036e+03 2.710074311973843293e+35
2.580179999999999836e+03 2.769007855957494621e+35
2.581150000000000091e+03 2.763341019786461452e+35
2.582119999999999891e+03 2.838823919114687034e+35
2.583090000000000146e+03 2.925739406005677090e+35
2.584050000000000182e+03 2.936545791262365039e+35
2.585019999999999982e+03 2.851330602434691258e+35
2.585989999999999782e+03 2.891254783497352542e+35
2.586960000000000036e+03 3.084902309319232622e+35
2.587929999999999836e+03 3.183130344570355743e+35
2.588900000000000091e+03 3.226567984924847888e+35
2.589869999999999891e+03 3.350543550777113413e+35
2.590840000000000146e+03 3.525914861118681379e+35
2.591820000000000164e+03 3.585918153285140658e+35
2.592789999999999964e+03 3.610805712192215214e+35
2.593760000000000218e+03 3.777908939582957835e+35
2.594730000000000018e+03 4.058787193964066713e+35
2.595710000000000036e+03 4.264455317386948783e+35
2.596679999999999836e+03 4.344269359955932244e+35
2.597650000000000091e+03 4.464858170973782149e+35
2.598630000000000109e+03 4.567804395048337823e+35
2.599599999999999909e+03 4.678347446356964475e+35
2.600579999999999927e+03 4.772446087809187919e+35
2.601550000000000182e+03 4.666546432658604760e+35
2.602530000000000200e+03 4.585727344228381274e+35
2.603500000000000000e+03 4.730029316752034872e+35
2.604480000000000018e+03 4.823388365929978935e+35
2.605460000000000036e+03 4.621647301215408507e+35
2.606429999999999836e+03 4.438229674535030736e+35
2.607409999999999854e+03 4.435192668983850637e+35
2.608389999999999873e+03 4.396189044163359900e+35
2.609369999999999891e+03 4.267127945837940695e+35
2.610349999999999909e+03 4.214064954846097448e+35
2.611320000000000164e+03 4.186857190932408379e+35
2.612300000000000182e+03 4.067689471782893574e+35
2.613280000000000200e+03 4.001734354671986976e+35
2.614260000000000218e+03 3.919522699847647926e+35
2.615239999999999782e+03 3.751247187344535275e+35
2.616219999999999800e+03 3.739904156275114296e+35
2.617210000000000036e+03 3.756139295757796838e+35
2.618190000000000055e+03 3.609244473499017308e+35
2.619170000000000073e+03 3.451157464670982552e+35
2.620150000000000091e+03 3.381340238831161022e+35
2.621130000000000109e+03 3.371637473746130677e+35
2.622119999999999891e+03 3.353010061331958619e+35
2.623099999999999909e+03 3.250615837455768164e+35
2.624079999999999927e+03 3.071188754340392746e+35
2.625070000000000164e+03 2.885648702874103041e+35
2.626050000000000182e+03 2.689768978972737231e+35
2.627039999999999964e+03 2.539144566576186175e+35
2.628019999999999982e+03 2.506397326747558097e+35
2.629010000000000218e+03 2.515816836758494310e+35
2.629989999999999782e+03 2.420764390030475382e+35
2.630980000000000018e+03 2.323554270562101124e+35
2.631969999999999800e+03 2.312992794291093287e+35
2.632949999999999818e+03 2.291870105979663451e+35
2.633940000000000055e+03 2.255066965033193633e+35
2.634929999999999836e+03 2.172508269239138180e+35
2.635920000000000073e+03 2.000014659384991543e+35
2.636900000000000091e+03 1.850476915703555381e+35
2.637889999999999873e+03 1.817462298701601195e+35
2.638880000000000109e+03 1.913817429618838609e+35
2.639869999999999891e+03 2.037966383568371494e+35
2.640860000000000127e+03 2.005078243026614802e+35
2.641849999999999909e+03 1.835061800840754780e+35
2.642840000000000146e+03 1.753289175755522404e+35
2.643829999999999927e+03 1.773790005070832756e+35
2.644829999999999927e+03 1.737481344779168274e+35
2.645820000000000164e+03 1.656999984487547365e+35
2.646809999999999945e+03 1.622311835702253519e+35
2.647800000000000182e+03 1.602783742913956998e+35
2.648800000000000182e+03 1.541506465523834955e+35
2.649789999999999964e+03 1.495778016820937655e+35
2.650780000000000200e+03 1.591986675936866515e+35
2.651780000000000200e+03 1.745722030742138205e+35
2.652769999999999982e+03 1.706569543188870608e+35
2.653769999999999982e+03 1.493022451898931798e+35
2.654760000000000218e+03 1.338322482001275774e+35
2.655760000000000218e+03 1.331096666065326852e+35
2.656750000000000000e+03 1.395051786544121009e+35
2.657750000000000000e+03 1.425799158083098534e+35
2.658750000000000000e+03 1.363695227310712232e+35
2.659739999999999782e+03 1.356113726730030174e+35
2.660739999999999782e+03 1.428713828246101043e+35
2.661739999999999782e+03 1.421836453993761135e+35
2.662739999999999782e+03 1.347960611318486038e+35
2.663730000000000018e+03 1.293217034152961645e+35
2.664730000000000018e+03 1.259205096426221458e+35
2.665730000000000018e+03 1.270290339987755722e+35
2.666730000000000018e+03 1.306654548188799813e+35
2.667730000000000018e+03 1.301472542950846542e+35
2.668730000000000018e+03 1.278733972442770191e+35
2.669730000000000018e+03 1.301808950016245847e+35
2.670730000000000018e+03 1.334338988528282809e+35
2.671739999999999782e+03 1.304774102915376550e+35
2.672739999999999782e+03 1.280657196039762640e+35
2.673739999999999782e+03 1.274688421533767154e+35
2.674739999999999782e+03 1.301881188337109428e+35
2.675750000000000000e+03 1.351112065401809859e+35
2.676750000000000000e+03 1.303049974660937001e+35
2.677750000000000000e+03 1.221103883995701726e+35
2.678760000000000218e+03 1.289429137886516645e+35
2.679760000000000218e+03 1.434889490319722759e+35
2.680769999999999982e+03 1.474702669532838489e+35
2.681769999999999982e+03 1.453853289030640110e+35
2.682780000000000200e+03 1.516065621682983880e+35
2.683780000000000200e+03 1.583073362554280571e+35
2.684789999999999964e+03 1.594412083661735981e+35
2.685800000000000182e+03 1.640627714206565867e+35
2.686800000000000182e+03 1.695660216789937077e+35
2.687809999999999945e+03 1.791682270812573795e+35
2.688820000000000164e+03 1.952401014650143544e+35
2.689829999999999927e+03 2.027417149490873723e+35
2.690840000000000146e+03 2.065272780835304310e+35
2.691849999999999909e+03 2.200694580754303288e+35
2.692849999999999909e+03 2.350429818057709168e+35
2.693860000000000127e+03 2.377507475902143441e+35
2.694869999999999891e+03 2.378471284088488660e+35
2.695889999999999873e+03 2.523250037268494348e+35
2.696900000000000091e+03 2.816082139696879739e+35
2.697909999999999854e+03 3.055773717840060839e+35
2.698920000000000073e+03 3.180537657563878469e+35
2.699929999999999836e+03 3.326983534562081602e+35
2.700940000000000055e+03 3.615420154010493058e+35
2.701960000000000036e+03 3.862764962476015482e+35
2.702969999999999800e+03 3.905006282620269585e+35
2.703980000000000018e+03 4.068650501581523248e+35
2.705000000000000000e+03 4.546972413104098386e+35
2.706010000000000218e+03 5.069140119586988980e+35
2.707030000000000200e+03 5.215837287822534144e+35
2.708039999999999964e+03 5.154361636042748097e+35
2.709059999999999945e+03 5.382058154885084755e+35
2.710070000000000164e+03 5.884022248211728826e+35
2.711090000000000146e+03 6.181770593702263646e+35
2.712110000000000127e+03 6.285864868293970485e+35
2.713119999999999891e+03 6.625767936208032138e+35
2.714139999999999873e+03 7.108694969052648856e+35
2.715159999999999854e+03 7.320359452758400328e+35
2.716179999999999836e+03 7.481857171300181060e+35
2.717199999999999818e+03 8.023188580633192800e+35
2.718210000000000036e+03 8.593980974753742636e+35
2.719230000000000018e+03 8.968994407027320959e+35
2.720250000000000000e+03 9.573120192743408467e+35
2.721269999999999982e+03 1.004687954298331754e+36
2.722289999999999964e+03 9.969376699006482537e+35
2.723309999999999945e+03 1.049806891110743891e+36
2.724340000000000146e+03 1.154142290310936659e+36
2.725360000000000127e+03 1.175373209781254317e+36
2.726380000000000109e+03 1.194382140723539313e+36
2.727400000000000091e+03 1.277354896672848626e+36
2.728420000000000073e+03 1.327795961627276036e+36
2.729449999999999818e+03 1.328755994410116818e+36
2.730469999999999800e+03 1.362711809129470527e+36
2.731500000000000000e+03 1.438949087465496498e+36
2.732519999999999982e+03 1.493978166502851330e+36
2.733539999999999964e+03 1.563086655924512442e+36
2.734570000000000164e+03 1.648403046508023904e+36
2.735590000000000146e+03 1.659010040791106835e+36
2.736619999999999891e+03 1.665526172935318099e+36
2.737650000000000091e+03 1.722262965188032933e+36
2.738670000000000073e+03 1.788591462309058605e+36
2.739699999999999818e+03 1.855533907227537984e+36
2.740730000000000018e+03 1.903613304212981507e+36
2.741760000000000218e+03 1.941896638695181743e+36
2.742780000000000200e+03 1.946822215870799180e+36
2.743809999999999945e+03 1.931577071814940624e+36
2.744840000000000146e+03 1.943784221872645780e+36
2.745869999999999891e+03 1.949989177711485278e+36
2.746900000000000091e+03 1.972091645795408683e+36
2.747929999999999836e+03 2.029139502492132265e+36
2.748960000000000036e+03 2.023640358002966289e+36
2.749989999999999782e+03 2.000436644095185394e+36
2.751019999999999982e+03 2.040472908496481480e+36
2.752050000000000182e+03 2.076845531176207573e+36
2.753090000000000146e+03 2.084636360118650162e+36
2.754119999999999891e+03 2.084595517445709704e+36
2.755150000000000091e+03 2.066498261773893302e+36
2.756179999999999836e+03 2.030099898360460006e+36
2.757219999999999800e+03 1.983361211514066786e+36
2.758250000000000000e+03 1.956517992179041309e+36
2.759289999999999964e+03 1.934283866778186205e+36
2.760320000000000164e+03 1.879997992664073282e+36
2.761360000000000127e+03 1.846937324117853012e+36
2.762389999999999873e+03 1.839441734910802523e+36
2.763429999999999836e+03 1.829614092257465654e+36
2.764460000000000036e+03 1.801583509757864475e+36
2.765500000000000000e+03 1.732829067935197426e+36
2.766539999999999964e+03 1.647719929895976954e+36
2.767579999999999927e+03 1.608454902540020528e+36
2.768610000000000127e+03 1.603445890496822276e+36
2.769650000000000091e+03 1.594929412015962774e+36
2.770690000000000055e+03 1.568226933978235039e+36
2.771730000000000018e+03 1.534033157269629322e+36
2.772769999999999982e+03 1.503940569305839119e+36
2.773809999999999945e+03 1.476867771001632626e+36
2.774849999999999909e+03 1.446367902729646303e+36
2.775889999999999873e+03 1.375233914282110327e+36
2.776929999999999836e+03 1.283154727678690954e+36
2.777969999999999800e+03 1.233098535084262932e+36
2.779010000000000218e+03 1.233083081318715285e+36
2.780059999999999945e+03 1.236280915266008943e+36
2.781099999999999909e+03 1.187697908660424893e+36
2.782139999999999873e+03 1.103690322339019862e+36
2.783179999999999836e+03 1.029126160959940934e+36
2.784230000000000018e+03 9.556158828340859768e+35
2.785269999999999982e+03 9.156836090977389664e+35
2.786320000000000164e+03 9.245415657810116344e+35
2.787360000000000127e+03 9.004550734510858637e+35
2.788409999999999854e+03 8.598362921243872104e+35
2.789449999999999818e+03 8.715340811159503370e+35
2.790500000000000000e+03 8.686777716232703970e+35
2.791539999999999964e+03 7.894712554335642531e+35
2.792590000000000146e+03 7.025742301435520607e+35
2.793639999999999873e+03 6.660126399850089123e+35
2.794690000000000055e+03 6.687502348717396922e+35
2.795730000000000018e+03 6.791793422526058340e+35
2.796780000000000200e+03 6.659313674540503765e+35
2.797829999999999927e+03 6.303485680855871364e+35
2.798880000000000109e+03 5.975648001420890346e+35
2.799929999999999836e+03 5.733526347392933590e+35
2.800980000000000018e+03 5.485471491694232160e+35
2.802030000000000200e+03 5.218460271198648733e+35
2.803079999999999927e+03 5.056776735952888750e+35
2.804130000000000109e+03 4.962305135538921660e+35
2.805179999999999836e+03 4.736430798064254981e+35
2.806239999999999782e+03 4.569343900829731298e+35
2.807289999999999964e+03 4.558898657923859691e+35
2.808340000000000146e+03 4.494738900373326622e+35
2.809389999999999873e+03 4.303009580529313466e+35
2.810449999999999818e+03 4.175494041269627644e+35
2.811500000000000000e+03 4.118850142996435901e+35
2.812559999999999945e+03 4.028301163125577214e+35
2.813610000000000127e+03 3.978346102847650195e+35
2.814670000000000073e+03 4.006502077840558944e+35
2.815719999999999800e+03 3.972738634613552663e+35
2.816780000000000200e+03 3.786853361552942823e+35
2.817829999999999927e+03 3.726822092726277391e+35
2.818889999999999873e+03 3.881206342819560697e+35
2.819949999999999818e+03 3.929961557869379216e+35
2.821000000000000000e+03 3.862706071221951283e+35
2.822059999999999945e+03 3.809599501163744349e+35
2.823119999999999891e+03 3.683732850645044610e+35
2.824179999999999836e+03 3.538671889424905438e+35
2.825239999999999782e+03 3.603658839712376129e+35
2.826300000000000182e+03 3.744016321368435955e+35
2.827360000000000127e+03 3.626851265223726585e+35
2.828420000000000073e+03 3.457305340954556700e+35
2.829480000000000018e+03 3.508534593642403161e+35
2.830539999999999964e+03 3.614127103905324833e+35
2.831599999999999909e+03 3.587469735331360263e+35
2.832659999999999854e+03 3.432485821171768059e+35
2.833730000000000018e+03 3.408656420377412594e+35
2.834789999999999964e+03 3.503846627397564489e+35
2.835849999999999909e+03 3.562304591824112787e+35
2.836909999999999854e+03 3.597519333138032131e+35
2.837980000000000018e+03 3.576182082031738765e+35
2.839039999999999964e+03 3.593089986602030603e+35
2.840110000000000127e+03 3.612939316788709350e+35
2.841170000000000073e+03 3.589308445420630309e+35
2.842239999999999782e+03 3.596151447695897557e+35
2.843300000000000182e+03 3.632477861120227946e+35
2.844369999999999891e+03 3.618672937572591252e+35
2.845440000000000055e+03 3.606797347521557165e+35
2.846500000000000000e+03 3.633292011378724870e+35
2.847570000000000164e+03 3.652677205751595396e+35
2.848639999999999873e+03 3.647302282335377732e+35
2.849710000000000036e+03 3.588530300310738565e+35
2.850780000000000200e+03 3.469380525776216921e+35
2.851840000000000146e+03 3.446416819064019873e+35
2.852909999999999854e+03 3.504705977541641106e+35
2.853980000000000018e+03 3.427065242235364780e+35
2.855050000000000182e+03 3.288887026583733837e+35
2.856119999999999891e+03 3.311168251020256333e+35
2.857199999999999818e+03 3.397515069051199216e+35
2.858269999999999982e+03 3.383327190377858464e+35
2.859340000000000146e+03 3.243578295169745109e+35
2.860409999999999854e+03 3.059376992729732057e+35
2.861480000000000018e+03 3.123551044516421535e+35
2.862559999999999945e+03 3.309031165830275699e+35
2.863630000000000109e+03 3.292106747888507252e+35
2.864699999999999818e+03 3.255658275452195895e+35
2.865780000000000200e+03 3.316184853812857285e+35
2.866849999999999909e+03 3.310197546444315751e+35
2.867929999999999836e+03 3.264255052027747550e+35
2.869000000000000000e+03 3.312401935206929076e+35
2.870079999999999927e+03 3.351542247349574373e+35
2.871159999999999854e+03 3.348400012894612931e+35
2.872230000000000018e+03 3.359626876593412926e+35
2.873309999999999945e+03 3.303387330202770341e+35
2.874389999999999873e+03 3.330306320782156037e+35
2.875469999999999800e+03 3.389604386227457254e+35
2.876539999999999964e+03 3.209804676328829193e+35
2.877619999999999891e+03 3.079309146994056525e+35
2.878699999999999818e+03 3.175085663840321685e+35
2.879780000000000200e+03 3.190860056925068117e+35
2.880860000000000127e+03 3.033414332844583059e+35
2.881940000000000055e+03 3.056117943442776637e+35
2.883019999999999982e+03 3.310311551099741446e+35
2.884099999999999909e+03 3.426246123462873043e+35
2.885179999999999836e+03 3.372635868713743115e+35
2.886269999999999982e+03 3.383240658373403129e+35
2.887349999999999909e+03 3.605545583051469143e+35
2.888429999999999836e+03 3.813464663669930000e+35
2.889510000000000218e+03 3.772175674500000526e+35
2.890599999999999909e+03 3.768175109039284120e+35
2.891679999999999836e+03 3.995086519041593454e+35
2.892769999999999982e+03 4.102539216518989799e+35
2.893849999999999909e+03 4.010509739939157896e+35
2.894940000000000055e+03 4.132282778913453042e+35
2.896019999999999982e+03 4.417458775638810081e+35
2.897110000000000127e+03 4.508635160898880064e+35
2.898190000000000055e+03 4.449143541792864332e+35
2.899280000000000200e+03 4.377882709276188512e+35
2.900369999999999891e+03 4.396247960805817425e+35
2.901460000000000036e+03 4.486908019040957116e+35
2.902539999999999964e+03 4.543767057497651413e+35
2.903630000000000109e+03 4.558898671738164421e+35
2.904719999999999800e+03 4.572769417612785387e+35
2.905809999999999945e+03 4.616120635582286367e+35
2.906900000000000091e+03 4.613014127270481420e+35
2.907989999999999782e+03 4.539748157477945488e+35
2.909079999999999927e+03 4.614498036613986734e+35
2.910170000000000073e+03 4.818735538078298675e+35
2.911260000000000218e+03 4.828566568072345756e+35
2.912360000000000127e+03 4.652966092857593289e+35
2.913449999999999818e+03 4.574892725488191788e+35
2.914539999999999964e+03 4.689441677106107174e+35
2.915630000000000109e+03 4.795604420474406493e+35
2.916730000000000018e+03 4.600827964794408863e+35
2.917820000000000164e+03 4.439871936045998706e+35
2.918909999999999854e+03 4.664652350805620228e+35
2.920010000000000218e+03 4.922308754813624994e+35
2.921099999999999909e+03 4.890021945572756760e+35
2.922199999999999818e+03 4.885602883234562398e+35
2.923300000000000182e+03 5.017674351665976974e+35
2.924389999999999873e+03 5.088435510261738525e+35
2.925489999999999782e+03 5.099726125051997732e+35
2.926590000000000146e+03 5.294334872041862082e+35
2.927679999999999836e+03 5.648196610342519312e+35
2.928780000000000200e+03 5.880069296119651275e+35
2.929880000000000109e+03 5.905103367244381182e+35
2.930980000000000018e+03 5.872120362884338076e+35
2.932079999999999927e+03 6.043040609081300558e+35
2.933179999999999836e+03 6.270239737295629403e+35
2.934280000000000200e+03 6.260860956423828530e+35
2.935380000000000109e+03 6.285646285094597706e+35
2.936480000000000018e+03 6.390565495494431196e+35
2.937579999999999927e+03 6.339482661403016871e+35
2.938679999999999836e+03 6.415357190433448088e+35
2.939780000000000200e+03 6.652419236918968433e+35
2.940880000000000109e+03 6.648628657694364134e+35
2.941989999999999782e+03 6.539969799842242397e+35
2.943090000000000146e+03 6.705880797225405613e+35
2.944190000000000055e+03 6.849609457342849371e+35
2.945300000000000182e+03 6.806234619436699407e+35
2.946400000000000091e+03 6.918665285152135377e+35
2.947510000000000218e+03 7.294418661630263729e+35
2.948610000000000127e+03 7.529048204840670724e+35
2.949719999999999800e+03 7.703908936963107700e+35
2.950820000000000164e+03 7.822682024323670504e+35
2.951929999999999836e+03 7.801683152070372570e+35
2.953039999999999964e+03 8.154988929828391374e+35
2.954150000000000091e+03 8.539209138005124104e+35
2.955250000000000000e+03 8.606149582155655208e+35
2.956360000000000127e+03 8.812910712550873558e+35
2.957469999999999800e+03 9.208954119018663562e+35
2.958579999999999927e+03 9.422426960469689533e+35
2.959690000000000055e+03 9.283133473868385441e+35
2.960800000000000182e+03 9.455357057129136081e+35
2.961909999999999854e+03 9.986641561390160027e+35
2.963019999999999982e+03 1.014037115422109156e+36
2.964130000000000109e+03 9.989889827717463190e+35
2.965239999999999782e+03 1.008403986691179469e+36
2.966349999999999909e+03 1.038238045058466702e+36
2.967469999999999800e+03 1.064724081446570998e+36
2.968579999999999927e+03 1.076835503621976131e+36
2.969690000000000055e+03 1.081508262031643655e+36
2.970809999999999945e+03 1.077734679831746209e+36
2.971920000000000073e+03 1.061518550050365364e+36
2.973030000000000200e+03 1.066873146030675206e+36
2.974150000000000091e+03 1.080411818381699158e+36
2.975269999999999982e+03 1.070584692587482904e+36
2.976380000000000109e+03 1.065149441703222066e+36
2.977500000000000000e+03 1.048267816750790910e+36
2.978610000000000127e+03 1.018549056779585788e+36
2.979730000000000018e+03 1.025306937365349141e+36
2.980849999999999909e+03 1.046800931179275507e+36
2.981969999999999800e+03 1.032606234544919077e+36
2.983079999999999927e+03 9.982890429763039464e+35
2.984199999999999818e+03 9.801063190193270673e+35
2.985320000000000164e+03 9.873442260842809678e+35
2.986440000000000055e+03 9.995840017100808529e+35
2.987559999999999945e+03 1.004259645187601164e+36
2.988679999999999836e+03 9.986435638830756758e+35
2.989800000000000182e+03 1.003529483893015099e+36
2.990920000000000073e+03 1.029044807974384120e+36
2.992039999999999964e+03 1.037016991071364108e+36
2.993170000000000073e+03 1.030336192078027464e+36
2.994289999999999964e+03 1.022587455065368801e+36
2.995409999999999854e+03 9.939080573022428064e+35
2.996539999999999964e+03 9.701206304713726144e+35
2.997659999999999854e+03 9.932896130228023640e+35
2.998780000000000200e+03 1.043725063545585863e+36
2.999909999999999854e+03 1.069716196676771722e+36
3.001030000000000200e+03 1.052175687724838720e+36
3.002159999999999854e+03 1.037349159192144750e+36
3.003280000000000200e+03 1.042207247175273359e+36
3.004409999999999854e+03 1.036289767994233831e+36
3.005539999999999964e+03 1.039980848274576051e+36
3.006659999999999854e+03 1.079080909608905814e+36
3.007789999999999964e+03 1.101887936852532962e+36
3.008920000000000073e+03 1.097429541339897013e+36
3.010050000000000182e+03 1.108993056699914814e+36
3.011179999999999836e+03 1.142890664977064365e+36
3.012309999999999945e+03 1.152795636554668668e+36
3.013440000000000055e+03 1.121026542314815731e+36
3.014570000000000164e+03 1.097065492718404404e+36
3.015699999999999818e+03 1.108997223762025050e+36
3.016829999999999927e+03 1.144393150191339232e+36
3.017960000000000036e+03 1.184577534371753052e+36
3.019090000000000146e+03 1.206299410400485314e+36
3.020219999999999800e+03 1.205621320846836657e+36
3.021349999999999909e+03 1.205951489309422491e+36
3.022489999999999782e+03 1.219227086042080797e+36
3.023619999999999891e+03 1.257043568572200586e+36
3.024750000000000000e+03 1.288766500162836927e+36
3.025889999999999873e+03 1.287330810287285925e+36
3.027019999999999982e+03 1.270693772740102626e+36
3.028159999999999854e+03 1.269287286042746384e+36
3.029289999999999964e+03 1.290963507467434490e+36
3.030429999999999836e+03 1.328412419249676656e+36
3.031570000000000164e+03 1.368249654886124104e+36
3.032699999999999818e+03 1.398278118175597248e+36
3.033840000000000146e+03 1.431499793967457227e+36
3.034980000000000018e+03 1.455241284348795995e+36
3.036119999999999891e+03 1.473335343022265370e+36
3.037260000000000218e+03 1.483397640975277172e+36
3.038389999999999873e+03 1.495025505927098261e+36
3.039530000000000200e+03 1.523738434196581257e+36
3.040670000000000073e+03 1.557709754724112144e+36
3.041809999999999945e+03 1.590380886438884710e+36
3.042949999999999818e+03 1.614794129402251345e+36
3.044099999999999909e+03 1.632405303442610395e+36
3.045239999999999782e+03 1.655711584974939272e+36
3.046380000000000109e+03 1.670908910834593306e+36
3.047519999999999982e+03 1.680345392160457304e+36
3.048659999999999854e+03 1.700410276397316562e+36
3.049809999999999945e+03 1.726378031300780064e+36
3.050949999999999818e+03 1.767757693462213837e+36
3.052099999999999909e+03 1.797341116564843368e+36
3.053239999999999782e+03 1.800568035964171224e+36
3.054380000000000109e+03 1.799451997225038576e+36
3.055530000000000200e+03 1.806173225403040652e+36
3.056679999999999836e+03 1.831370396347717732e+36
3.057820000000000164e+03 1.877601785712092825e+36
3.058969999999999800e+03 1.890079067809476545e+36
3.060119999999999891e+03 1.864465753685616348e+36
3.061260000000000218e+03 1.843052045892139293e+36
3.062409999999999854e+03 1.826937828512895899e+36
3.063559999999999945e+03 1.802322406593277476e+36
3.064710000000000036e+03 1.773767439688275005e+36
3.065860000000000127e+03 1.757649491908989625e+36
3.067010000000000218e+03 1.725976941947208552e+36
3.068159999999999854e+03 1.660661283044586839e+36
3.069309999999999945e+03 1.607274072970181239e+36
3.070460000000000036e+03 1.570900808266315751e+36
3.071610000000000127e+03 1.516647710895357265e+36
3.072760000000000218e+03 1.444969102107362734e+36
3.073920000000000073e+03 1.370926733633137669e+36
3.075070000000000164e+03 1.308227230137490002e+36
3.076219999999999800e+03 1.250224422750446749e+36
3.077369999999999891e+03 1.170245764793095888e+36
3.078530000000000200e+03 1.090108674625039254e+36
3.079679999999999836e+03 1.023390246915238662e+36
3.080840000000000146e+03 9.550693684675376456e+35
3.081989999999999782e+03 8.899924124199837681e+35
3.083150000000000091e+03 8.344509445928979807e+35
3.084309999999999945e+03 7.836192470559360777e+35
3.085460000000000036e+03 7.336865728066455079e+35
3.086619999999999891e+03 6.855471497536346746e+35
3.087780000000000200e+03 6.364804934885601560e+35
3.088929999999999836e+03 5.829257536469093902e+35
3.090090000000000146e+03 5.395214161484067201e+35
3.091250000000000000e+03 5.137460783047031205e+35
3.092409999999999854e+03 4.911345298162625043e+35
3.093570000000000164e+03 4.591394386293172697e+35
3.094730000000000018e+03 4.231756434574299568e+35
3.095889999999999873e+03 3.976263772392551809e+35
3.097050000000000182e+03 3.843002886479953905e+35
3.098210000000000036e+03 3.679870136555429380e+35
3.099369999999999891e+03 3.394066354715825210e+35
3.100539999999999964e+03 3.242342852804914477e+35
3.101699999999999818e+03 3.353601249739339319e+35
3.102860000000000127e+03 3.430555628281132452e+35
3.104030000000000200e+03 3.261535763549469374e+35
3.105190000000000055e+03 3.140035673183927506e+35
3.106360000000000127e+03 3.255291367976567388e+35
3.107519999999999982e+03 3.286737611663948886e+35
3.108690000000000055e+03 3.101114683157777580e+35
3.109849999999999909e+03 3.016537317775159149e+35
3.111019999999999982e+03 3.142350714954592431e+35
3.112179999999999836e+03 3.259395714220578529e+35
3.113349999999999909e+03 3.169862638953301445e+35
3.114519999999999982e+03 3.165446963952778969e+35
3.115690000000000055e+03 3.537231891886431521e+35
3.116849999999999909e+03 3.770857164728650005e+35
3.118019999999999982e+03 3.579187139750250172e+35
3.119190000000000055e+03 3.481446810738758543e+35
3.120360000000000127e+03 3.620496376857875688e+35
3.121530000000000200e+03 3.662396147263971384e+35
3.122699999999999818e+03 3.548173003239863528e+35
3.123869999999999891e+03 3.570647158836739696e+35
3.125050000000000182e+03 3.932577280129685161e+35
3.126219999999999800e+03 4.259044872384984329e+35
3.127389999999999873e+03 4.117968151717530597e+35
3.128559999999999945e+03 3.966036293310823393e+35
3.129739999999999782e+03 4.214627958273896023e+35
3.130909999999999854e+03 4.583535195936203436e+35
3.132079999999999927e+03 4.669205311934330379e+35
3.133260000000000218e+03 4.423972235589169308e+35
3.134429999999999836e+03 4.474021997863422176e+35
3.135610000000000127e+03 4.915778080248397017e+35
3.136780000000000200e+03 5.214983139327466467e+35
3.137960000000000036e+03 5.244509019230748799e+35
3.139139999999999873e+03 5.277076826239829929e+35
3.140309999999999945e+03 5.566343636024556759e+35
3.141489999999999782e+03 5.861590183846714499e+35
3.142670000000000073e+03 5.569612885458122333e+35
3.143849999999999909e+03 5.373791061366352448e+35
3.145030000000000200e+03 5.950496974733952972e+35
3.146210000000000036e+03 6.374959419050790221e+35
3.147389999999999873e+03 6.288931038740409474e+35
3.148570000000000164e+03 6.495358593030072073e+35
3.149750000000000000e+03 6.867185782257983203e+35
3.150929999999999836e+03 6.898566959500337870e+35
3.152110000000000127e+03 6.790338573038069614e+35
3.153289999999999964e+03 6.717895491883591570e+35
3.154480000000000018e+03 6.843944910877049967e+35
3.155659999999999854e+03 6.895508916827956923e+35
3.156840000000000146e+03 6.780840922982479752e+35
3.158030000000000200e+03 6.927841035061317014e+35
3.159210000000000036e+03 6.983905809411325513e+35
3.160389999999999873e+03 6.641787387144945485e+35
3.161579999999999927e+03 6.449447677182000476e+35
3.162769999999999982e+03 6.556202797123407415e+35
3.163949999999999818e+03 6.623428204627427216e+35
3.165139999999999873e+03 6.773549680620491873e+35
3.166320000000000164e+03 7.009851071604169248e+35
3.167510000000000218e+03 6.917250770536648657e+35
3.168699999999999818e+03 6.808380759406611623e+35
3.169889999999999873e+03 7.064842289507179241e+35
3.171079999999999927e+03 7.349703059307825272e+35
3.172269999999999982e+03 7.340146988724673105e+35
3.173460000000000036e+03 7.062057818921093635e+35
3.174650000000000091e+03 7.091672719386642079e+35
3.175840000000000146e+03 7.354192845242640563e+35
3.177030000000000200e+03 7.306527663301876896e+35
3.178219999999999800e+03 7.207044938091892816e+35
3.179409999999999854e+03 7.077236538960054288e+35
3.180599999999999909e+03 7.016840281686438210e+35
3.181800000000000182e+03 7.299614977779727010e+35
3.182989999999999782e+03 7.611786519485299734e+35
3.184179999999999836e+03 7.590745893747021207e+35
3.185380000000000109e+03 7.568987204538903240e+35
3.186570000000000164e+03 7.860020120797071213e+35
3.187769999999999982e+03 8.289869753372056035e+35
3.188960000000000036e+03 8.376229878402630662e+35
3.190159999999999854e+03 8.212744156445692397e+35
3.191349999999999909e+03 8.177823080984663655e+35
3.192550000000000182e+03 8.212617890449692255e+35
3.193750000000000000e+03 8.089483122663144116e+35
3.194940000000000055e+03 7.901834645809262447e+35
3.196139999999999873e+03 7.749062367430858699e+35
3.197340000000000146e+03 7.857763503835882167e+35
3.198539999999999964e+03 8.152246163218953910e+35
3.199739999999999782e+03 8.326762507269444468e+35
3.200940000000000055e+03 8.482709673206627409e+35
3.202139999999999873e+03 8.596430826143100106e+35
3.203340000000000146e+03 8.378933768274139284e+35
3.204539999999999964e+03 8.264954340036609354e+35
3.205739999999999782e+03 8.656035003364978156e+35
3.206949999999999818e+03 9.131461149297166989e+35
3.208150000000000091e+03 9.334229911085241019e+35
3.209349999999999909e+03 9.330340520719985337e+35
3.210559999999999945e+03 9.215249748481910426e+35
3.211760000000000218e+03 9.142693159163755976e+35
3.212960000000000036e+03 9.647328925017737218e+35
3.214170000000000073e+03 1.066412767045020413e+36
3.215369999999999891e+03 1.110799618624238008e+36
3.216579999999999927e+03 1.067664299815060478e+36
3.217789999999999964e+03 1.068686925848506047e+36
3.218989999999999782e+03 1.163620913342230131e+36
3.220199999999999818e+03 1.252130782322287243e+36
3.221409999999999854e+03 1.283508253466626566e+36
3.222619999999999891e+03 1.282865445415198392e+36
3.223820000000000164e+03 1.319184922757531859e+36
3.225030000000000200e+03 1.409826904774128922e+36
3.226239999999999782e+03 1.498213184998560486e+36
3.227449999999999818e+03 1.563488118389571263e+36
3.228659999999999854e+03 1.616082450412325797e+36
3.229869999999999891e+03 1.676014874294083804e+36
3.231079999999999927e+03 1.731168844969780350e+36
3.232300000000000182e+03 1.760577366440911984e+36
3.233510000000000218e+03 1.806405670036625713e+36
3.234719999999999800e+03 1.923028052497479256e+36
3.235929999999999836e+03 2.071047611810213198e+36
3.237150000000000091e+03 2.132847836102853000e+36
3.238360000000000127e+03 2.158558149080389232e+36
3.239579999999999927e+03 2.256657210150830539e+36
3.240789999999999964e+03 2.342183603442244160e+36
3.242010000000000218e+03 2.406124380766907470e+36
3.243219999999999800e+03 2.517933156368308593e+36
3.244440000000000055e+03 2.610739966307156457e+36
3.245650000000000091e+03 2.678719909958222226e+36
3.246869999999999891e+03 2.814117548664876141e+36
3.248090000000000146e+03 2.964705983141700937e+36
3.249309999999999945e+03 3.028179941346580010e+36
3.250530000000000200e+03 3.067767509778974019e+36
3.251739999999999782e+03 3.166956165543915936e+36
3.252960000000000036e+03 3.294690396056962487e+36
3.254179999999999836e+03 3.386557070793317546e+36
3.255400000000000091e+03 3.502818641712616324e+36
3.256619999999999891e+03 3.619345108881164113e+36
3.257849999999999909e+03 3.675614099644826553e+36
3.259070000000000164e+03 3.761173116391575145e+36
3.260289999999999964e+03 3.836718615657776952e+36
3.261510000000000218e+03 3.912746355553605491e+36
3.262739999999999782e+03 4.105505673117512766e+36
3.263960000000000036e+03 4.257423723441608587e+36
3.265179999999999836e+03 4.255162338294175911e+36
3.266409999999999854e+03 4.205841682756440682e+36
3.267630000000000109e+03 4.248979186795469660e+36
3.268860000000000127e+03 4.424315932073215398e+36
3.270079999999999927e+03 4.607988099586239665e+36
3.271309999999999945e+03 4.684000914250354395e+36
3.272539999999999964e+03 4.676336660562607374e+36
3.273760000000000218e+03 4.745876285265472149e+36
3.274989999999999782e+03 4.900743524210959955e+36
3.276219999999999800e+03 5.000111875021324117e+36
3.277449999999999818e+03 5.017149690302296036e+36
3.278679999999999836e+03 5.034970418420455274e+36
3.279909999999999854e+03 5.133071904611685753e+36
3.281139999999999873e+03 5.278838655235524788e+36
3.282369999999999891e+03 5.339503511422828334e+36
3.283599999999999909e+03 5.346486637769530156e+36
3.284829999999999927e+03 5.405552419865515794e+36
3.286059999999999945e+03 5.398042810785583153e+36
3.287289999999999964e+03 5.361602908093716173e+36
3.288530000000000200e+03 5.474072367793999802e+36
3.289760000000000218e+03 5.585466424650742652e+36
3.290989999999999782e+03 5.588805186357063802e+36
3.292230000000000018e+03 5.611820491044078769e+36
3.293460000000000036e+03 5.604954043363578024e+36
3.294699999999999818e+03 5.518546815286830482e+36
3.295929999999999836e+03 5.486977279251632012e+36
3.297170000000000073e+03 5.553371977101155929e+36
3.298400000000000091e+03 5.567698336192420181e+36
3.299639999999999873e+03 5.490305670477148991e+36
3.300880000000000109e+03 5.405593982820495431e+36
3.302119999999999891e+03 5.351436417880982266e+36
3.303349999999999909e+03 5.294378076395464414e+36
3.304590000000000146e+03 5.219146395793351946e+36
3.305829999999999927e+03 5.136416419411454798e+36
3.307070000000000164e+03 5.066941811852213559e+36
3.308309999999999945e+03 5.071418021841034334e+36
3.309550000000000182e+03 5.028494668961504517e+36
3.310789999999999964e+03 4.798838756649481519e+36
3.312039999999999964e+03 4.570518684189970534e+36
3.313280000000000200e+03 4.448709963027458893e+36
3.314519999999999982e+03 4.341277198855488837e+36
3.315760000000000218e+03 4.217959594476553986e+36
3.317010000000000218e+03 4.054838329993210096e+36
3.318250000000000000e+03 3.902383513573083656e+36
3.319489999999999782e+03 3.780185510283051059e+36
3.320739999999999782e+03 3.605571168300109853e+36
3.321980000000000018e+03 3.397964361466738803e+36
3.323230000000000018e+03 3.251303347023605749e+36
3.324480000000000018e+03 3.186919085261524539e+36
3.325719999999999800e+03 3.149105101221476459e+36
3.326969999999999800e+03 3.050872489758998821e+36
3.328219999999999800e+03 2.878404298532418020e+36
3.329469999999999800e+03 2.720003214387152121e+36
3.330710000000000036e+03 2.608368072868973791e+36
3.331960000000000036e+03 2.536907100252633578e+36
3.333210000000000036e+03 2.453442253210502688e+36
3.334460000000000036e+03 2.341053525865507206e+36
3.335710000000000036e+03 2.247109778929431917e+36
3.336960000000000036e+03 2.149240106723727315e+36
3.338219999999999800e+03 2.043288689434084072e+36
3.339469999999999800e+03 1.976774236057935939e+36
3.340719999999999800e+03 1.919732547699177470e+36
3.341969999999999800e+03 1.852280680815758038e+36
3.343230000000000018e+03 1.796282025857417884e+36
3.344480000000000018e+03 1.756947072812634954e+36
3.345730000000000018e+03 1.681874000586854529e+36
3.346989999999999782e+03 1.588037796287201506e+36
3.348239999999999782e+03 1.552336490384400955e+36
3.349500000000000000e+03 1.515394913526079240e+36
3.350760000000000218e+03 1.459607379010925709e+36
3.352010000000000218e+03 1.447962814737041233e+36
3.353269999999999982e+03 1.411435226912028598e+36
3.354530000000000200e+03 1.344053316982589623e+36
3.355780000000000200e+03 1.328512861654793434e+36
3.357039999999999964e+03 1.309060568195524635e+36
3.358300000000000182e+03 1.259433870183190955e+36
3.359559999999999945e+03 1.255288475712341553e+36
3.360820000000000164e+03 1.277378406132891237e+36
3.362079999999999927e+03 1.288882312043712971e+36
3.363340000000000146e+03 1.276185807205953072e+36
3.364599999999999909e+03 1.254519877848028141e+36
3.365869999999999891e+03 1.251715866036875931e+36
3.367130000000000109e+03 1.239050406954006815e+36
3.368389999999999873e+03 1.234998443629963342e+36
3.369650000000000091e+03 1.253007473631004786e+36
3.370920000000000073e+03 1.264312606433716740e+36
3.372179999999999836e+03 1.257402060492571052e+36
3.373449999999999818e+03 1.249053915051675128e+36
3.374710000000000036e+03 1.248420741302838226e+36
3.375980000000000018e+03 1.249622176035507456e+36
3.377239999999999782e+03 1.245077109891387252e+36
3.378510000000000218e+03 1.252002682293896702e+36
3.379780000000000200e+03 1.246662007779846642e+36
3.381039999999999964e+03 1.234497113238530514e+36
3.382309999999999945e+03 1.267748371137751368e+36
3.383579999999999927e+03 1.279979351120298207e+36
3.384849999999999909e+03 1.225289511298255275e+36
3.386119999999999891e+03 1.197297461727368587e+36
3.387389999999999873e+03 1.207973310484614157e+36
3.388659999999999854e+03 1.215996973840927297e+36
3.389929999999999836e+03 1.215025645695380567e+36
3.391199999999999818e+03 1.193000736818257741e+36
3.392469999999999800e+03 1.198232751200484006e+36
3.393739999999999782e+03 1.232933429354761995e+36
3.395019999999999982e+03 1.235925896136454980e+36
3.396289999999999964e+03 1.225682920746838042e+36
3.397559999999999945e+03 1.234974817001073053e+36
3.398840000000000146e+03 1.258520279787469254e+36
3.400110000000000127e+03 1.277141831117953136e+36
3.401389999999999873e+03 1.300429264537806724e+36
3.402659999999999854e+03 1.335170464153721636e+36
3.403940000000000055e+03 1.354409754294710617e+36
3.405210000000000036e+03 1.339058928173198156e+36
3.406489999999999782e+03 1.358281881076236586e+36
3.407769999999999982e+03 1.395575888867467015e+36
3.409050000000000182e+03 1.387709528928956168e+36
3.410320000000000164e+03 1.407062741164983241e+36
3.411599999999999909e+03 1.485537850048876223e+36
3.412880000000000109e+03 1.534455350062791577e+36
3.414159999999999854e+03 1.536427250078406371e+36
3.415440000000000055e+03 1.566718908571478330e+36
3.416719999999999800e+03 1.624729534381236092e+36
3.418010000000000218e+03 1.644644359688079384e+36
3.419289999999999964e+03 1.651678382668691077e+36
3.420570000000000164e+03 1.681830544957023581e+36
3.421849999999999909e+03 1.696029153184336478e+36
3.423139999999999873e+03 1.713605122746404381e+36
3.424420000000000073e+03 1.745158003758980379e+36
3.425699999999999818e+03 1.732772868977797002e+36
3.426989999999999782e+03 1.721222485693859070e+36
3.428269999999999982e+03 1.736413424950477726e+36
3.429559999999999945e+03 1.750850307309544269e+36
3.430840000000000146e+03 1.752941682927796828e+36
3.432130000000000109e+03 1.745778328683057979e+36
3.433420000000000073e+03 1.795757543181892012e+36
3.434710000000000036e+03 1.857688941807581273e+36
3.435989999999999782e+03 1.851863532245608123e+36
3.437280000000000200e+03 1.818324781007552286e+36
3.438570000000000164e+03 1.794313964187463714e+36
3.439860000000000127e+03 1.794819697927250452e+36
3.441150000000000091e+03 1.803115118503519337e+36
3.442440000000000055e+03 1.808914000991096107e+36
3.443730000000000018e+03 1.833824817944493400e+36
3.445019999999999982e+03 1.862357137625608143e+36
3.446320000000000164e+03 1.850908654156381123e+36
3.447610000000000127e+03 1.857637999086202047e+36
3.448900000000000091e+03 1.915504588107029128e+36
3.450190000000000055e+03 1.982222587992030166e+36
3.451489999999999782e+03 2.035596198999982874e+36
3.452780000000000200e+03 2.056905253028973732e+36
3.454079999999999927e+03 2.087162680747875115e+36
3.455369999999999891e+03 2.148016300565943896e+36
3.456670000000000073e+03 2.215167889594657709e+36
3.457960000000000036e+03 2.259416961449121472e+36
3.459260000000000218e+03 2.263198453673694131e+36
3.460559999999999945e+03 2.263329482388545206e+36
3.461860000000000127e+03 2.282695157289549148e+36
3.463150000000000091e+03 2.309819468060485168e+36
3.464449999999999818e+03 2.356424573577656162e+36
3.465750000000000000e+03 2.412517271987232440e+36
3.467050000000000182e+03 2.451344212110821630e+36
3.468349999999999909e+03 2.463779974099839138e+36
3.469650000000000091e+03 2.451118685270591590e+36
3.470949999999999818e+03 2.440360187492858323e+36
3.472250000000000000e+03 2.451053116997828375e+36
3.473559999999999945e+03 2.437215931529037279e+36
3.474860000000000127e+03 2.389092484684760109e+36
3.476159999999999854e+03 2.332396960443063394e+36
3.477469999999999800e+03 2.293709374115813382e+36
3.478769999999999982e+03 2.277062751733568246e+36
3.480070000000000164e+03 2.241232180517861127e+36
3.481380000000000109e+03 2.213501523666588334e+36
3.482690000000000055e+03 2.208376238199435911e+36
3.483989999999999782e+03 2.175715527588059457e+36
3.485300000000000182e+03 2.122506651616562016e+36
3.486599999999999909e+03 2.048847936919362565e+36
3.487909999999999854e+03 2.005684561473330430e+36
3.489219999999999800e+03 2.026185804593254521e+36
3.490530000000000200e+03 2.015529043967318996e+36
3.491840000000000146e+03 1.961066229356686633e+36
3.493150000000000091e+03 1.941000649593053405e+36
3.494460000000000036e+03 1.958902627374298461e+36
3.495769999999999982e+03 1.961851164048710355e+36
3.497079999999999927e+03 1.924451310244004156e+36
3.498389999999999873e+03 1.870870409814764290e+36
3.499699999999999818e+03 1.865614990070905383e+36
3.501010000000000218e+03 1.908934261748063821e+36
3.502329999999999927e+03 1.934128825892238149e+36
3.503639999999999873e+03 1.900269518553755049e+36
3.504949999999999818e+03 1.876537076891305664e+36
3.506269999999999982e+03 1.929002401616793349e+36
3.507579999999999927e+03 1.950129462941797961e+36
3.508900000000000091e+03 1.906397269111320091e+36
3.510210000000000036e+03 1.895870399510479153e+36
3.511530000000000200e+03 1.899835787428375693e+36
3.512849999999999909e+03 1.914422411866658159e+36
3.514159999999999854e+03 1.947386863804629385e+36
3.515480000000000018e+03 1.930396740168590460e+36
3.516800000000000182e+03 1.912818192155088254e+36
3.518119999999999891e+03 1.956598988076026060e+36
3.519440000000000055e+03 1.977619652262047903e+36
3.520760000000000218e+03 1.974967314740388301e+36
3.522079999999999927e+03 1.992946884953926629e+36
3.523400000000000091e+03 2.012471035910042273e+36
3.524719999999999800e+03 2.029887476125475821e+36
3.526039999999999964e+03 2.034501402576969185e+36
3.527369999999999891e+03 2.071136044464456235e+36
3.528690000000000055e+03 2.097801169749796582e+36
3.530010000000000218e+03 2.058757676636771633e+36
3.531340000000000146e+03 2.077188204047684565e+36
3.532659999999999854e+03 2.151696168412333830e+36
3.533980000000000018e+03 2.154165234877948379e+36
3.535309999999999945e+03 2.149030827917380564e+36
3.536639999999999873e+03 2.169797164802576853e+36
3.537960000000000036e+03 2.168811838546885254e+36
3.539289999999999964e+03 2.164160468773833610e+36
3.540619999999999891e+03 2.218964266276787029e+36
3.541940000000000055e+03 2.301885359317479150e+36
3.543269999999999982e+03 2.326475378804861616e+36
3.544599999999999909e+03 2.342016118987798366e+36
3.545929999999999836e+03 2.414098940947504632e+36
3.547260000000000218e+03 2.477606844233943641e+36
3.548590000000000146e+03 2.479351442901660338e+36
3.549920000000000073e+03 2.484322568468553831e+36
3.551250000000000000e+03 2.528352209456351201e+36
3.552579999999999927e+03 2.606586002266052109e+36
3.553920000000000073e+03 2.704592263289346725e+36
3.555250000000000000e+03 2.789852816269930741e+36
3.556579999999999927e+03 2.833734349027427376e+36
3.557909999999999854e+03 2.858706614755367879e+36
3.559250000000000000e+03 2.887684152846767531e+36
3.560579999999999927e+03 2.885923124896930096e+36
3.561920000000000073e+03 2.915802864149734004e+36
3.563250000000000000e+03 3.053560044201995658e+36
3.564590000000000146e+03 3.187108035183971830e+36
3.565929999999999836e+03 3.216219125605942794e+36
3.567260000000000218e+03 3.252853044147171607e+36
3.568599999999999909e+03 3.296590245925411426e+36
3.569940000000000055e+03 3.297323671250665616e+36
3.571280000000000200e+03 3.311197681254290463e+36
3.572619999999999891e+03 3.395758306844194705e+36
3.573960000000000036e+03 3.507834814947327447e+36
3.575300000000000182e+03 3.574377025711716749e+36
3.576639999999999873e+03 3.600409645138963652e+36
3.577980000000000018e+03 3.608857618100188592e+36
3.579320000000000164e+03 3.597864335196137158e+36
3.580659999999999854e+03 3.636799787564776487e+36
3.582010000000000218e+03 3.764060497270143542e+36
3.583349999999999909e+03 3.876561512590769498e+36
3.584690000000000055e+03 3.872441427982264581e+36
3.586039999999999964e+03 3.855476323184105215e+36
3.587380000000000109e+03 3.912333161641582934e+36
3.588730000000000018e+03 3.957098365773547111e+36
3.590070000000000164e+03 3.974920029172678083e+36
3.591420000000000073e+03 4.042742604417928486e+36
3.592769999999999982e+03 4.113797369081045833e+36
3.594110000000000127e+03 4.160175313111460949e+36
3.595460000000000036e+03 4.200976534595574879e+36
3.596809999999999945e+03 4.181622574490414670e+36
3.598159999999999854e+03 4.201051887418543450e+36
3.599510000000000218e+03 4.302668560366137595e+36
3.600860000000000127e+03 4.374245462223956320e+36
3.602210000000000036e+03 4.371399539016301824e+36
3.603559999999999945e+03 4.358421044406430923e+36
3.604909999999999854e+03 4.348568483335539674e+36
3.606260000000000218e+03 4.363791607120073825e+36
3.607619999999999891e+03 4.374057462086619642e+36
3.608969999999999800e+03 4.311293716476533405e+36
3.610320000000000164e+03 4.205808381401353568e+36
3.611679999999999836e+03 4.185588831672720448e+36
3.613030000000000200e+03 4.236185696122782035e+36
3.614380000000000109e+03 4.202915847677210335e+36
3.615739999999999782e+03 4.126454216082180678e+36
3.617099999999999909e+03 4.061531636866686282e+36
3.618449999999999818e+03 3.999656629378534036e+36
3.619809999999999945e+03 3.954082626544340839e+36
3.621170000000000073e+03 3.886108020517168162e+36
3.622519999999999982e+03 3.760169671343991508e+36
3.623880000000000109e+03 3.653919732549836663e+36
3.625239999999999782e+03 3.542590831406046771e+36
3.626599999999999909e+03 3.387929273943305581e+36
3.627960000000000036e+03 3.238879062702118193e+36
3.629320000000000164e+03 3.114369404759901629e+36
3.630679999999999836e+03 2.984450919606057684e+36
3.632039999999999964e+03 2.835315943644717747e+36
3.633409999999999854e+03 2.670639892393367988e+36
3.634769999999999982e+03 2.526805966219571842e+36
3.636130000000000109e+03 2.441967899829538726e+36
3.637500000000000000e+03 2.357542080886256541e+36
3.638860000000000127e+03 2.241694511850523479e+36
3.640219999999999800e+03 2.103161402367956346e+36
3.641590000000000146e+03 1.971342881504840492e+36
3.642960000000000036e+03 1.841106113448611334e+36
3.644320000000000164e+03 1.705561779326707892e+36
3.645690000000000055e+03 1.612540045132881377e+36
3.647050000000000182e+03 1.525847818000251745e+36
3.648420000000000073e+03 1.418144108599624487e+36
3.649789999999999964e+03 1.329217368819930416e+36
3.651159999999999854e+03 1.227887110737924037e+36
3.652530000000000200e+03 1.102782022345697089e+36
3.653900000000000091e+03 1.020550395954772186e+36
3.655269999999999982e+03 9.688872953685256794e+35
3.656639999999999873e+03 9.085666572538351817e+35
3.658010000000000218e+03 8.407049447298927765e+35
3.659380000000000109e+03 7.615381665904786653e+35
3.660750000000000000e+03 6.916213238667072331e+35
3.662130000000000109e+03 6.422797604865211508e+35
3.663500000000000000e+03 5.970329210552691916e+35
3.664869999999999891e+03 5.424573758573132048e+35
3.666250000000000000e+03 4.993780273172626641e+35
3.667619999999999891e+03 4.774770417701205445e+35
3.669000000000000000e+03 4.474494997444154206e+35
3.670369999999999891e+03 4.040126571380809810e+35
3.671750000000000000e+03 3.780950967289636771e+35
3.673130000000000109e+03 3.738780058488567669e+35
3.674510000000000218e+03 3.568997430243709863e+35
3.675880000000000109e+03 3.276131303368358983e+35
3.677260000000000218e+03 3.115944462256043836e+35
3.678639999999999873e+03 3.092643195404979521e+35
3.680019999999999982e+03 3.050374938162234047e+35
3.681400000000000091e+03 2.941532342790999136e+35
3.682780000000000200e+03 2.815553546551748348e+35
3.684159999999999854e+03 2.716599585353395931e+35
3.685539999999999964e+03 2.700025778807148444e+35
3.686929999999999836e+03 2.736590662958736721e+35
3.688309999999999945e+03 2.733241950274114110e+35
3.689690000000000055e+03 2.763265625537255506e+35
3.691070000000000164e+03 2.831239382827040053e+35
3.692460000000000036e+03 2.815340013730623609e+35
3.693840000000000146e+03 2.802807001368029701e+35
3.695230000000000018e+03 2.893061535905551199e+35
3.696610000000000127e+03 2.923907146580433631e+35
3.698000000000000000e+03 2.862570362117655485e+35
3.699389999999999873e+03 3.000018326173113957e+35
3.700769999999999982e+03 3.173028553810587061e+35
3.702159999999999854e+03 3.186497094152439617e+35
3.703550000000000182e+03 3.277890225397432022e+35
3.704940000000000055e+03 3.365656002766138608e+35
3.706329999999999927e+03 3.211094284832908347e+35
3.707719999999999800e+03 3.078817336166109186e+35
3.709110000000000127e+03 3.258824146986176326e+35
3.710500000000000000e+03 3.501590209036719793e+35
3.711889999999999873e+03 3.593622511450563241e+35
3.713280000000000200e+03 3.669477310165431854e+35
3.714679999999999836e+03 3.784053583015911175e+35
3.716070000000000164e+03 3.804186504633218337e+35
3.717460000000000036e+03 3.822876312699243513e+35
3.718860000000000127e+03 3.862538765353911413e+35
3.720250000000000000e+03 3.970227481097256605e+35
3.721650000000000091e+03 4.196592288625001423e+35
3.723039999999999964e+03 4.352623914063296481e+35
3.724440000000000055e+03 4.212873311197338689e+35
3.725829999999999927e+03 4.072648764621145738e+35
3.727230000000000018e+03 4.187930493733925093e+35
3.728630000000000109e+03 4.470273536681013748e+35
3.730030000000000200e+03 4.665276281927726372e+35
3.731429999999999836e+03 4.627627124159738090e+35
3.732829999999999927e+03 4.594308650314400199e+35
3.734230000000000018e+03 4.823364579710363382e+35
3.735630000000000109e+03 5.084666156977561963e+35
3.737030000000000200e+03 4.937699881463602172e+35
3.738429999999999836e+03 4.697591592661100159e+35
3.739829999999999927e+03 4.992898010758946420e+35
3.741230000000000018e+03 5.430579180444138170e+35
3.742639999999999873e+03 5.395741324558826342e+35
3.744039999999999964e+03 5.196553523140973585e+35
3.745440000000000055e+03 5.242770266163782403e+35
3.746849999999999909e+03 5.445362668691547576e+35
3.748250000000000000e+03 5.628680890231763961e+35
3.749659999999999854e+03 5.625317735336398216e+35
3.751059999999999945e+03 5.529492090026334934e+35
3.752469999999999800e+03 5.669609598664883878e+35
3.753880000000000109e+03 5.956289094134406544e+35
3.755289999999999964e+03 5.909022517444744768e+35
3.756690000000000055e+03 5.810866632919329813e+35
3.758099999999999909e+03 5.958642441375896334e+35
3.759510000000000218e+03 6.109553290597770900e+35
3.760920000000000073e+03 6.215017389406604417e+35
3.762329999999999927e+03 6.268219452384594985e+35
3.763739999999999782e+03 6.279525455187300757e+35
3.765150000000000091e+03 6.455453094453675471e+35
3.766570000000000164e+03 6.497752858581815289e+35
3.767980000000000018e+03 6.344154275922452006e+35
3.769389999999999873e+03 6.380195000406851645e+35
3.770809999999999945e+03 6.455617310920258488e+35
3.772219999999999800e+03 6.423027919355009986e+35
3.773630000000000109e+03 6.466121508341631082e+35
3.775050000000000182e+03 6.700146138841473324e+35
3.776469999999999800e+03 6.768799103325959047e+35
3.777880000000000109e+03 6.627829665227848031e+35
3.779300000000000182e+03 6.791627109382717345e+35
3.780719999999999800e+03 7.145126002014918712e+35
3.782130000000000109e+03 7.098884495404573402e+35
3.783550000000000182e+03 6.977818483170709408e+35
3.784969999999999800e+03 6.959785198859036252e+35
3.786389999999999873e+03 6.888679181227880913e+35
3.787809999999999945e+03 7.067923479368594930e+35
3.789230000000000018e+03 7.168714199362741611e+35
3.790650000000000091e+03 6.893798652838371723e+35
3.792070000000000164e+03 6.872121674689357896e+35
3.793489999999999782e+03 6.903377554342312079e+35
3.794920000000000073e+03 6.496631692603612038e+35
3.796340000000000146e+03 6.636957494100643536e+35
3.797760000000000218e+03 7.194070238964062692e+35
3.799190000000000055e+03 7.019706964370142899e+35
3.800610000000000127e+03 6.801371005022881120e+35
3.802039999999999964e+03 6.953004230244967280e+35
3.803460000000000036e+03 6.966697888957240426e+35
3.804889999999999873e+03 7.076079157016708314e+35
3.806320000000000164e+03 7.114087522562637851e+35
3.807739999999999782e+03 6.905258403043689925e+35
3.809170000000000073e+03 6.827229568628576564e+35
3.810599999999999909e+03 6.948743943346485387e+35
3.812030000000000200e+03 7.001952170222160720e+35
3.813460000000000036e+03 6.855658851171969087e+35
3.814889999999999873e+03 6.873137652412535099e+35
3.816320000000000164e+03 7.068420364213913576e+35
3.817750000000000000e+03 7.012815793701102120e+35
3.819179999999999836e+03 6.945869598322855151e+35
3.820610000000000127e+03 7.127141281487918386e+35
3.822050000000000182e+03 7.260296237966303930e+35
3.823480000000000018e+03 7.131276775751627165e+35
3.824909999999999854e+03 7.080193664495254103e+35
3.826349999999999909e+03 7.144715341685574323e+35
3.827780000000000200e+03 7.218149301988066215e+35
3.829219999999999800e+03 7.389633440767865386e+35
3.830650000000000091e+03 7.467662547746476126e+35
3.832090000000000146e+03 7.429829064514729496e+35
3.833530000000000200e+03 7.323939188444118197e+35
3.834969999999999800e+03 7.271357348568321228e+35
3.836400000000000091e+03 7.404237442261490223e+35
3.837840000000000146e+03 7.490922221254471391e+35
3.839280000000000200e+03 7.524876839076173820e+35
3.840719999999999800e+03 7.547644516300065410e+35
3.842159999999999854e+03 7.399293725502090294e+35
3.843599999999999909e+03 7.294310857440731022e+35
3.845039999999999964e+03 7.566012755637712981e+35
3.846489999999999782e+03 8.060364958955028060e+35
3.847929999999999836e+03 8.385782312204666479e+35
3.849369999999999891e+03 8.444204337926392341e+35
3.850809999999999945e+03 8.442449922053360661e+35
3.852260000000000218e+03 8.697462825422868120e+35
3.853699999999999818e+03 9.230097527115080825e+35
3.855150000000000091e+03 9.661073943725790067e+35
3.856590000000000146e+03 9.791584273565961478e+35
3.858039999999999964e+03 9.864458980463318077e+35
3.859489999999999782e+03 1.048212553007984638e+36
3.860929999999999836e+03 1.125343052642766776e+36
3.862380000000000109e+03 1.139102998695016047e+36
3.863829999999999927e+03 1.154802709601433933e+36
3.865280000000000200e+03 1.215601728102919878e+36
3.866730000000000018e+03 1.299538974522857667e+36
3.868179999999999836e+03 1.372920356273214291e+36
3.869630000000000109e+03 1.424177440627194628e+36
3.871079999999999927e+03 1.487554967023270073e+36
3.872530000000000200e+03 1.560529355784381733e+36
3.873980000000000018e+03 1.628610502200001551e+36
3.875440000000000055e+03 1.693375421640400260e+36
3.876889999999999873e+03 1.791926294145659467e+36
3.878340000000000146e+03 1.912134692700755416e+36
3.879800000000000182e+03 2.059919022128531376e+36
3.881250000000000000e+03 2.227423374964962231e+36
3.882710000000000036e+03 2.346651518183633857e+36
3.884170000000000073e+03 2.494732468584195093e+36
3.885619999999999891e+03 2.712322893180448350e+36
3.887079999999999927e+03 2.870815489944804529e+36
3.888539999999999964e+03 2.986316713737145395e+36
3.890000000000000000e+03 3.130615543711232293e+36
3.891449999999999818e+03 3.275440143132935254e+36
3.892909999999999854e+03 3.377131300824059758e+36
3.894369999999999891e+03 3.511723349282964269e+36
3.895829999999999927e+03 3.715787640456970257e+36
3.897289999999999964e+03 3.839210234157980794e+36
3.898760000000000218e+03 3.875963032910467515e+36
3.900219999999999800e+03 3.940860227948672589e+36
3.901679999999999836e+03 4.068965773580344123e+36
3.903139999999999873e+03 4.212461255597252080e+36
3.904610000000000127e+03 4.297923523679251984e+36
3.906070000000000164e+03 4.364569760020356599e+36
3.907539999999999964e+03 4.432665277961503210e+36
3.909000000000000000e+03 4.520284519713806497e+36
3.910469999999999800e+03 4.656704976617555758e+36
3.911929999999999836e+03 4.790712903132105774e+36
3.913400000000000091e+03 4.918263447463990368e+36
3.914869999999999891e+03 5.054296760815048461e+36
3.916340000000000146e+03 5.113121540833870254e+36
3.917800000000000182e+03 5.142186314679530732e+36
3.919269999999999982e+03 5.190851678830172657e+36
3.920739999999999782e+03 5.222845916672650412e+36
3.922210000000000036e+03 5.266838187826041273e+36
3.923679999999999836e+03 5.326409919317653356e+36
3.925159999999999854e+03 5.459334468840788071e+36
3.926630000000000109e+03 5.648003390599981966e+36
3.928099999999999909e+03 5.782882964887056396e+36
3.929570000000000164e+03 5.852368514752120619e+36
3.931050000000000182e+03 5.911401859166289907e+36
3.932519999999999982e+03 6.010325881593019180e+36
3.934000000000000000e+03 6.111975355369315516e+36
3.935469999999999800e+03 6.198830561556592304e+36
3.936949999999999818e+03 6.278490180421924979e+36
3.938420000000000073e+03 6.386014685224793623e+36
3.939900000000000091e+03 6.505762127493100319e+36
3.941380000000000109e+03 6.573913979144671271e+36
3.942860000000000127e+03 6.611046537993831571e+36
3.944329999999999927e+03 6.734971898447126594e+36
3.945809999999999945e+03 6.914362440433263674e+36
3.947289999999999964e+03 7.091308636303106884e+36
3.948769999999999982e+03 7.285062015445987438e+36
3.950250000000000000e+03 7.438308263938960672e+36
3.951739999999999782e+03 7.629586145627052753e+36
3.953219999999999800e+03 7.810499530933180243e+36
3.954699999999999818e+03 7.805493589338083131e+36
3.956179999999999836e+03 7.786296351802877625e+36
3.957670000000000073e+03 7.924612581796415451e+36
3.959150000000000091e+03 8.177170350747566384e+36
3.960639999999999873e+03 8.364110479847287297e+36
3.962119999999999891e+03 8.377218253124397719e+36
3.963610000000000127e+03 8.479633436719058747e+36
3.965090000000000146e+03 8.664485452242308600e+36
3.966579999999999927e+03 8.663845500892804293e+36
3.968070000000000164e+03 8.669391055120246598e+36
3.969559999999999945e+03 8.865196967430961579e+36
3.971039999999999964e+03 9.006500698215879221e+36
3.972530000000000200e+03 9.030829721299127860e+36
3.974019999999999982e+03 9.135402871100943081e+36
3.975510000000000218e+03 9.190029986873653757e+36
3.977000000000000000e+03 9.077983930327644750e+36
3.978500000000000000e+03 9.068268283569933320e+36
3.979989999999999782e+03 9.312271124666457981e+36
3.981480000000000018e+03 9.549878895005285502e+36
3.982969999999999800e+03 9.634120803887468870e+36
3.984469999999999800e+03 9.670166592865249380e+36
3.985960000000000036e+03 9.661277566197237708e+36
3.987460000000000036e+03 9.597700067918236029e+36
3.988949999999999818e+03 9.590124368685520708e+36
3.990449999999999818e+03 9.612200295724898415e+36
3.991940000000000055e+03 9.569934570150117660e+36
3.993440000000000055e+03 9.536770779470411742e+36
3.994940000000000055e+03 9.548821281998049021e+36
3.996440000000000055e+03 9.613707764459956545e+36
3.997929999999999836e+03 9.696675541879126128e+36
3.999429999999999836e+03 9.647520032803470612e+36
4.000929999999999836e+03 9.546239654658476961e+36
4.002429999999999836e+03 9.488516197366327610e+36
4.003929999999999836e+03 9.503972175738692551e+36
4.005440000000000055e+03 9.577223543223369806e+36
4.006940000000000055e+03 9.510717100716812396e+36
4.008440000000000055e+03 9.369252529352275485e+36
4.009940000000000055e+03 9.224252995459978649e+36
4.011449999999999818e+03 9.049548567132655739e+36
4.012949999999999818e+03 8.969939722552591909e+36
4.014460000000000036e+03 9.007699793782468875e+36
4.015960000000000036e+03 8.984117097387322734e+36
4.017469999999999800e+03 8.830844558092529823e+36
4.018969999999999800e+03 8.612603245839756071e+36
4.020480000000000018e+03 8.454657749086997047e+36
4.021989999999999782e+03 8.380759547057061531e+36
4.023500000000000000e+03 8.312976417449496541e+36
4.025010000000000218e+03 8.254559079730777966e+36
4.026519999999999982e+03 8.162554920401488841e+36
4.028030000000000200e+03 8.037635943181819885e+36
4.029539999999999964e+03 7.960433366277521075e+36
4.031050000000000182e+03 7.880522424090146372e+36
4.032559999999999945e+03 7.761603828316918486e+36
4.034070000000000164e+03 7.624691516104393472e+36
4.035579999999999927e+03 7.509870310416033243e+36
4.037099999999999909e+03 7.489961668486274605e+36
4.038610000000000127e+03 7.465221415962368301e+36
4.040130000000000109e+03 7.390080104221022850e+36
4.041639999999999873e+03 7.335729804904329682e+36
4.043159999999999854e+03 7.280485026777476920e+36
4.044670000000000073e+03 7.261128028320356092e+36
4.046190000000000055e+03 7.268722194750714321e+36
4.047710000000000036e+03 7.221309623096172804e+36
4.049219999999999800e+03 7.205168583854430855e+36
4.050739999999999782e+03 7.290551530583650690e+36
4.052260000000000218e+03 7.313168692350162764e+36
4.053780000000000200e+03 7.187118682702057022e+36
4.055300000000000182e+03 7.118749324721696608e+36
4.056820000000000164e+03 7.209794793669375106e+36
4.058340000000000146e+03 7.363948287384452182e+36
4.059869999999999891e+03 7.484599756313984023e+36
4.061389999999999873e+03 7.445381691120969951e+36
4.062909999999999854e+03 7.317418810629186677e+36
4.064429999999999836e+03 7.356348163656503160e+36
4.065960000000000036e+03 7.554467927225694144e+36
4.067480000000000018e+03 7.597265237738083964e+36
4.069010000000000218e+03 7.547308516657969959e+36
4.070530000000000200e+03 7.703491608054916041e+36
4.072059999999999945e+03 7.906642302249665835e+36
4.073590000000000146e+03 8.041201896861732854e+36
4.075119999999999891e+03 8.164151376860146547e+36
4.076639999999999873e+03 8.227822438942682549e+36
4.078170000000000073e+03 8.262365120344487318e+36
4.079699999999999818e+03 8.278555858304014045e+36
4.081230000000000018e+03 8.327475444249142260e+36
4.082760000000000218e+03 8.525964787569799529e+36
4.084289999999999964e+03 8.783058621031775774e+36
4.085829999999999927e+03 8.893852861944025657e+36
4.087360000000000127e+03 8.932235645631980885e+36
4.088889999999999873e+03 9.039764545706823386e+36
4.090420000000000073e+03 9.096755604047485730e+36
4.091960000000000036e+03 9.140736402541968221e+36
4.093489999999999782e+03 9.310471345662662848e+36
4.095030000000000200e+03 9.449332105833294867e+36
4.096560000000000400e+03 9.465362756378025567e+36
4.098100000000000364e+03 9.559462403966391958e+36
4.099640000000000327e+03 9.736338252411017350e+36
4.101170000000000073e+03 9.779811251019789060e+36
4.102710000000000036e+03 9.723624417851655319e+36
4.104250000000000000e+03 9.727670907123913788e+36
4.105789999999999964e+03 9.812491326067683798e+36
4.107329999999999927e+03 9.961711204747435241e+36
4.108869999999999891e+03 1.007247114537834875e+37
4.110409999999999854e+03 1.011348016462255814e+37
4.111949999999999818e+03 1.016798513161751184e+37
4.113489999999999782e+03 1.022164975323547244e+37
4.115029999999999745e+03 1.020901033894875899e+37
4.116579999999999927e+03 1.012024786892975196e+37
4.118119999999999891e+03 1.020610800187348707e+37
4.119670000000000073e+03 1.040839237936634157e+37
4.121210000000000036e+03 1.039036836224168952e+37
4.122760000000000218e+03 1.035572566277628685e+37
4.124300000000000182e+03 1.045587309347973442e+37
4.125850000000000364e+03 1.048674707459323736e+37
4.127399999999999636e+03 1.052927992819430263e+37
4.128939999999999600e+03 1.059825348614772897e+37
4.130489999999999782e+03 1.056745017918178788e+37
4.132039999999999964e+03 1.051976627822556927e+37
4.133590000000000146e+03 1.067532764007251369e+37
4.135140000000000327e+03 1.090397877846177157e+37
4.136689999999999600e+03 1.089480371586424928e+37
4.138239999999999782e+03 1.081107789940681637e+37
4.139789999999999964e+03 1.081827722053266534e+37
4.141350000000000364e+03 1.084897034038104679e+37
4.142899999999999636e+03 1.090124407612001890e+37
4.144449999999999818e+03 1.097583934760810471e+37
4.146010000000000218e+03 1.109245741777777662e+37
4.147560000000000400e+03 1.110191089432307560e+37
4.149119999999999891e+03 1.091885287302258859e+37
4.150670000000000073e+03 1.095051988388340823e+37
4.152229999999999563e+03 1.116863606780696815e+37
4.153789999999999964e+03 1.130406947430170187e+37
4.155350000000000364e+03 1.122709824540886142e+37
4.156899999999999636e+03 1.110529833641625143e+37
4.158460000000000036e+03 1.121360521010809795e+37
4.160020000000000437e+03 1.139433205555992794e+37
4.161579999999999927e+03 1.141002118368459137e+37
4.163140000000000327e+03 1.134918447477300141e+37
4.164699999999999818e+03 1.137629736498326283e+37
4.166270000000000437e+03 1.148238827425449930e+37
4.167829999999999927e+03 1.165815811152026940e+37
4.169390000000000327e+03 1.177042635400633901e+37
4.170949999999999818e+03 1.182004911155567542e+37
4.172520000000000437e+03 1.183891945752918011e+37
4.174079999999999927e+03 1.196530737754031223e+37
4.175649999999999636e+03 1.229232034100415077e+37
4.177210000000000036e+03 1.244256682870652850e+37
4.178779999999999745e+03 1.231005489891741940e+37
4.180350000000000364e+03 1.257859155777275793e+37
4.181920000000000073e+03 1.322856123827042396e+37
4.183479999999999563e+03 1.354961223061016423e+37
4.185050000000000182e+03 1.349195285663791283e+37
4.186619999999999891e+03 1.366526805217590397e+37
4.188189999999999600e+03 1.416254294903718843e+37
4.189760000000000218e+03 1.458989166091105734e+37
4.191329999999999927e+03 1.453811084423368184e+37
4.192909999999999854e+03 1.435322252593597005e+37
4.194479999999999563e+03 1.498119984439356147e+37
4.196050000000000182e+03 1.583318422461196174e+37
4.197619999999999891e+03 1.606698630194146856e+37
4.199199999999999818e+03 1.600447337534845973e+37
4.200770000000000437e+03 1.623891281054270840e+37
4.202350000000000364e+03 1.665552209119828143e+37
4.203920000000000073e+03 1.701274563851388064e+37
4.205500000000000000e+03 1.724766067040282206e+37
4.207079999999999927e+03 1.757895660813950059e+37
4.208659999999999854e+03 1.803058592182186968e+37
4.210229999999999563e+03 1.820284804234070670e+37
4.211810000000000400e+03 1.839511368368696094e+37
4.213390000000000327e+03 1.882797710164012905e+37
4.214970000000000255e+03 1.915652475825458211e+37
4.216550000000000182e+03 1.941928286042059918e+37
4.218130000000000109e+03 1.985139159606855811e+37
4.219720000000000255e+03 2.009021467169596603e+37
4.221300000000000182e+03 2.012997209584770647e+37
4.222880000000000109e+03 2.039645017014424801e+37
4.224460000000000036e+03 2.073558769197889656e+37
4.226050000000000182e+03 2.082952236713077632e+37
4.227630000000000109e+03 2.094706667462015246e+37
4.229220000000000255e+03 2.119665471528398944e+37
4.230800000000000182e+03 2.139637390903020784e+37
4.232390000000000327e+03 2.124398242282219049e+37
4.233979999999999563e+03 2.093789534670814890e+37
4.235569999999999709e+03 2.111571826343087654e+37
4.237149999999999636e+03 2.151514157107884518e+37
4.238739999999999782e+03 2.165489852041620757e+37
4.240329999999999927e+03 2.145593579616011354e+37
4.241920000000000073e+03 2.117928873806255814e+37
4.243510000000000218e+03 2.116917122288616547e+37
4.245100000000000364e+03 2.126415611750668760e+37
4.246699999999999818e+03 2.120513927294409233e+37
4.248289999999999964e+03 2.123400359180754003e+37
4.249880000000000109e+03 2.124774767348074663e+37
4.251479999999999563e+03 2.095294064927323788e+37
4.253069999999999709e+03 2.064971667618043675e+37
4.254670000000000073e+03 2.059544955264355519e+37
4.256260000000000218e+03 2.052606953032667519e+37
4.257859999999999673e+03 2.023900024020831314e+37
4.259449999999999818e+03 2.001549547909451828e+37
4.261050000000000182e+03 1.999775534740110178e+37
4.262649999999999636e+03 1.994754552791216563e+37
4.264250000000000000e+03 1.966573557930280695e+37
4.265850000000000364e+03 1.928834750919531196e+37
4.267449999999999818e+03 1.911948885821521120e+37
4.269050000000000182e+03 1.924993593358431282e+37
4.270649999999999636e+03 1.933483268683903684e+37
4.272250000000000000e+03 1.919187813884292376e+37
4.273850000000000364e+03 1.900510591385479970e+37
4.275449999999999818e+03 1.885588273986057431e+37
4.277060000000000400e+03 1.870671679228264727e+37
4.278659999999999854e+03 1.854669331209999273e+37
4.280270000000000437e+03 1.845598069131473566e+37
4.281869999999999891e+03 1.838026002025992697e+37
4.283479999999999563e+03 1.829237656004133501e+37
4.285079999999999927e+03 1.821459894113606340e+37
4.286689999999999600e+03 1.820688593582870718e+37
4.288300000000000182e+03 1.819652827723245893e+37
4.289899999999999636e+03 1.802713806297260203e+37
4.291510000000000218e+03 1.787246870370176421e+37
4.293119999999999891e+03 1.808621196387443258e+37
4.294729999999999563e+03 1.834831073495307421e+37
4.296340000000000146e+03 1.811282911691377858e+37
4.297949999999999818e+03 1.786687155813867120e+37
4.299569999999999709e+03 1.818014050128170529e+37
4.301180000000000291e+03 1.856389323243527817e+37
4.302789999999999964e+03 1.866971475750568792e+37
4.304399999999999636e+03 1.852751075366077081e+37
4.306020000000000437e+03 1.831953001357164128e+37
4.307630000000000109e+03 1.837021261340849437e+37
4.309250000000000000e+03 1.860988580209984645e+37
4.310869999999999891e+03 1.882681720071003803e+37
4.312479999999999563e+03 1.905497014146407534e+37
4.314100000000000364e+03 1.931644599972888803e+37
4.315720000000000255e+03 1.939935014156049432e+37
4.317340000000000146e+03 1.937954285661738218e+37
4.318949999999999818e+03 1.952420077486213429e+37
4.320569999999999709e+03 1.969747721814515541e+37
4.322189999999999600e+03 1.996958591314355749e+37
4.323810000000000400e+03 2.042680672321677958e+37
4.325439999999999600e+03 2.071709881579078971e+37
4.327060000000000400e+03 2.070493229075620915e+37
4.328680000000000291e+03 2.091304046709106667e+37
4.330300000000000182e+03 2.131939729234389042e+37
4.331930000000000291e+03 2.122500518238291147e+37
4.333550000000000182e+03 2.104217084239651993e+37
4.335180000000000291e+03 2.152608036904573732e+37
4.336800000000000182e+03 2.207401194737177003e+37
4.338430000000000291e+03 2.222130475030303947e+37
4.340060000000000400e+03 2.242780542714725060e+37
4.341680000000000291e+03 2.260358808474246030e+37
4.343310000000000400e+03 2.265617876920455381e+37
4.344939999999999600e+03 2.289529458326002380e+37
4.346569999999999709e+03 2.328277961569984272e+37
4.348199999999999818e+03 2.346644841525348861e+37
4.349829999999999927e+03 2.343824136481646360e+37
4.351460000000000036e+03 2.348544556419159364e+37
4.353090000000000146e+03 2.357688276017357176e+37
4.354729999999999563e+03 2.372457931267436689e+37
4.356359999999999673e+03 2.400227049200958942e+37
4.357989999999999782e+03 2.432179012712043245e+37
4.359630000000000109e+03 2.461336855272992826e+37
4.361260000000000218e+03 2.466891389806551035e+37
4.362899999999999636e+03 2.453490575590036540e+37
4.364529999999999745e+03 2.459105378835419336e+37
4.366170000000000073e+03 2.478749362612442036e+37
4.367810000000000400e+03 2.500619894536249619e+37
4.369449999999999818e+03 2.517693765795390745e+37
4.371079999999999927e+03 2.519631285938818753e+37
4.372720000000000255e+03 2.524736340430828002e+37
4.374359999999999673e+03 2.538103159631207953e+37
4.376000000000000000e+03 2.529130458141407417e+37
4.377640000000000327e+03 2.518322241921507925e+37
4.379289999999999964e+03 2.552564689160068686e+37
4.380930000000000291e+03 2.581700330508099977e+37
4.382569999999999709e+03 2.573829012512604435e+37
4.384210000000000036e+03 2.560972773853454552e+37
4.385859999999999673e+03 2.571779055486612747e+37
4.387500000000000000e+03 2.567614654695629830e+37
4.389149999999999636e+03 2.541405019398722683e+37
4.390789999999999964e+03 2.528827140809323915e+37
4.392439999999999600e+03 2.520283348459078405e+37
4.394090000000000146e+03 2.515161954322611092e+37
4.395739999999999782e+03 2.507961685876098150e+37
4.397380000000000109e+03 2.481822723265055285e+37
4.399029999999999745e+03 2.421099236038465034e+37
4.400680000000000291e+03 2.380876266107239342e+37
4.402329999999999927e+03 2.382926558991411898e+37
4.403979999999999563e+03 2.372459255936364429e+37
4.405640000000000327e+03 2.336298376682816012e+37
4.407289999999999964e+03 2.294570477650428809e+37
4.408939999999999600e+03 2.252223408965892354e+37
4.410590000000000146e+03 2.209958108117801590e+37
4.412250000000000000e+03 2.163403741988203553e+37
4.413899999999999636e+03 2.108112769264649404e+37
4.415560000000000400e+03 2.053176130883143337e+37
4.417210000000000036e+03 2.011201803112668650e+37
4.418869999999999891e+03 1.955675268128500456e+37
4.420529999999999745e+03 1.892110069633044118e+37
4.422180000000000291e+03 1.852290768941876153e+37
4.423840000000000146e+03 1.806204222113680844e+37
4.425500000000000000e+03 1.740392309997958610e+37
4.427159999999999854e+03 1.679868912931520674e+37
4.428819999999999709e+03 1.628459498115463739e+37
4.430479999999999563e+03 1.569827772603558082e+37
4.432140000000000327e+03 1.513991355446422658e+37
4.433810000000000400e+03 1.482027573277666477e+37
4.435470000000000255e+03 1.452913795891345805e+37
4.437130000000000109e+03 1.405151449961590585e+37
4.438800000000000182e+03 1.353334948891841469e+37
4.440460000000000036e+03 1.319994873012277592e+37
4.442130000000000109e+03 1.302047712063495005e+37
4.443789999999999964e+03 1.275918075782600698e+37
4.445460000000000036e+03 1.239907748882561990e+37
4.447119999999999891e+03 1.208216440780954120e+37
4.448789999999999964e+03 1.185027940980034384e+37
4.450460000000000036e+03 1.175476036739895603e+37
4.452130000000000109e+03 1.173265692182560800e+37
4.453800000000000182e+03 1.166753033773218160e+37
4.455470000000000255e+03 1.158818693005964281e+37
4.457140000000000327e+03 1.143487435961277144e+37
4.458810000000000400e+03 1.112032669006925082e+37
4.460479999999999563e+03 1.103830828287447296e+37
4.462159999999999854e+03 1.129377520885770826e+37
4.463829999999999927e+03 1.133291000568125143e+37
4.465500000000000000e+03 1.118083172097735497e+37
4.467180000000000291e+03 1.123988040639424218e+37
4.468850000000000364e+03 1.132762263096326727e+37
4.470529999999999745e+03 1.135785893945522832e+37
4.472210000000000036e+03 1.142042422051253958e+37
4.473880000000000109e+03 1.152137809365180413e+37
4.475560000000000400e+03 1.159592705754744369e+37
4.477239999999999782e+03 1.167494423646814499e+37
4.478920000000000073e+03 1.180980925573616619e+37
4.480600000000000364e+03 1.185542749305248780e+37
4.482279999999999745e+03 1.194666085943272770e+37
4.483960000000000036e+03 1.211468395027861149e+37
4.485640000000000327e+03 1.222880304363143414e+37
4.487319999999999709e+03 1.239216463257440721e+37
4.489000000000000000e+03 1.249045672969802982e+37
4.490689999999999600e+03 1.242937706772938928e+37
4.492369999999999891e+03 1.262331351002847956e+37
4.494060000000000400e+03 1.299063696183109701e+37
4.495739999999999782e+03 1.317538643632621148e+37
4.497430000000000291e+03 1.344237263889495916e+37
4.499109999999999673e+03 1.361927546864670381e+37
4.500800000000000182e+03 1.351917392929551946e+37
4.502489999999999782e+03 1.357528690451687936e+37
4.504180000000000291e+03 1.386471913264594798e+37
4.505869999999999891e+03 1.414928247885753689e+37
4.507560000000000400e+03 1.437419368260752397e+37
4.509250000000000000e+03 1.457590664575324246e+37
4.510939999999999600e+03 1.482550777651886585e+37
4.512630000000000109e+03 1.512641815956542566e+37
4.514319999999999709e+03 1.544101767080677674e+37
4.516010000000000218e+03 1.561955299416370209e+37
4.517710000000000036e+03 1.573955685326682972e+37
4.519399999999999636e+03 1.614533943117061149e+37
4.521100000000000364e+03 1.656409481967951014e+37
4.522789999999999964e+03 1.662846455154940723e+37
4.524489999999999782e+03 1.707573470191176740e+37
4.526189999999999600e+03 1.777241060017861850e+37
4.527880000000000109e+03 1.800334042810853310e+37
4.529579999999999927e+03 1.837866228260099067e+37
4.531279999999999745e+03 1.901069073316557886e+37
4.532979999999999563e+03 1.939916545543030175e+37
4.534680000000000291e+03 1.969394818872898730e+37
4.536380000000000109e+03 2.039332057421209575e+37
4.538079999999999927e+03 2.119493006478504324e+37
4.539779999999999745e+03 2.166194301730358140e+37
4.541479999999999563e+03 2.229179067399399055e+37
4.543189999999999600e+03 2.305361600671689768e+37
4.544890000000000327e+03 2.370063778983813220e+37
4.546600000000000364e+03 2.431739963379002426e+37
4.548300000000000182e+03 2.505339705828071010e+37
4.550010000000000218e+03 2.601372790059304290e+37
4.551710000000000036e+03 2.690999188984937080e+37
4.553420000000000073e+03 2.760651933447763369e+37
4.555130000000000109e+03 2.846545927448563350e+37
4.556829999999999927e+03 2.928517448805694473e+37
4.558539999999999964e+03 3.016230201245924897e+37
4.560250000000000000e+03 3.101008941032061147e+37
4.561960000000000036e+03 3.135308840988219433e+37
4.563670000000000073e+03 3.206789298786340119e+37
4.565390000000000327e+03 3.383323260940460380e+37
4.567100000000000364e+03 3.534177513064337343e+37
4.568810000000000400e+03 3.612599422016079313e+37
4.570520000000000437e+03 3.712103328517764097e+37
4.572239999999999782e+03 3.779248021367770417e+37
4.573949999999999818e+03 3.851307895463476814e+37
4.575670000000000073e+03 3.998925183608638036e+37
4.577380000000000109e+03 4.092910716897417471e+37
4.579100000000000364e+03 4.144039355973608647e+37
4.580819999999999709e+03 4.289432323263856117e+37
4.582529999999999745e+03 4.460028786893751333e+37
4.584250000000000000e+03 4.540736284939793756e+37
4.585970000000000255e+03 4.561722905238423410e+37
4.587689999999999600e+03 4.653816269217375962e+37
4.589409999999999854e+03 4.843476301581710179e+37
4.591130000000000109e+03 5.030002409161986803e+37
4.592850000000000364e+03 5.212804049628740312e+37
4.594579999999999927e+03 5.348594042094132050e+37
4.596300000000000182e+03 5.408441028045930323e+37
4.598020000000000437e+03 5.528086161110314656e+37
4.599750000000000000e+03 5.674069226069917056e+37
4.601470000000000255e+03 5.781872671784923874e+37
4.603199999999999818e+03 5.989889244603414387e+37
4.604920000000000073e+03 6.191619716495699673e+37
4.606649999999999636e+03 6.246062800875229841e+37
4.608380000000000109e+03 6.266963713821280913e+37
4.610109999999999673e+03 6.439797743837333461e+37
4.611840000000000146e+03 6.745220084643911550e+37
4.613569999999999709e+03 6.941360655820593047e+37
4.615300000000000182e+03 7.010457266174660784e+37
4.617029999999999745e+03 7.047772565350203605e+37
4.618760000000000218e+03 7.185250257128385849e+37
4.620489999999999782e+03 7.397478168578976413e+37
4.622220000000000255e+03 7.547234406960716879e+37
4.623960000000000036e+03 7.663618162821836141e+37
4.625689999999999600e+03 7.754382584356186890e+37
4.627420000000000073e+03 7.908471118731339164e+37
4.629159999999999854e+03 8.135405261451336300e+37
4.630899999999999636e+03 8.194681351454807287e+37
4.632630000000000109e+03 8.198141830759685140e+37
4.634369999999999891e+03 8.346505592860691401e+37
4.636109999999999673e+03 8.497227876971546503e+37
4.637850000000000364e+03 8.598072884963962978e+37
4.639579999999999927e+03 8.693406316117344401e+37
4.641319999999999709e+03 8.786302528218878702e+37
4.643060000000000400e+03 8.914948558258261894e+37
4.644810000000000400e+03 9.058701173696282702e+37
4.646550000000000182e+03 9.121319304325683341e+37
4.648289999999999964e+03 9.126903781665831794e+37
4.650029999999999745e+03 9.172389606106142425e+37
4.651779999999999745e+03 9.272364425241249775e+37
4.653520000000000437e+03 9.412725294175856380e+37
4.655270000000000437e+03 9.477036261221179706e+37
4.657010000000000218e+03 9.398974657933627649e+37
4.658760000000000218e+03 9.391985301767317149e+37
4.660510000000000218e+03 9.511062239151931416e+37
4.662250000000000000e+03 9.622513505102477145e+37
4.664000000000000000e+03 9.662625334255523240e+37
4.665750000000000000e+03 9.709658983223472685e+37
4.667500000000000000e+03 9.784129504044803289e+37
4.669250000000000000e+03 9.766439321783135277e+37
4.671000000000000000e+03 9.661916421728159504e+37
4.672750000000000000e+03 9.645474917424451564e+37
4.674510000000000218e+03 9.688506674841244714e+37
4.676260000000000218e+03 9.623519869226946179e+37
4.678010000000000218e+03 9.576046859769525396e+37
4.679770000000000437e+03 9.681057094213170315e+37
4.681520000000000437e+03 9.727262822726243925e+37
4.683279999999999745e+03 9.568437185707320992e+37
4.685029999999999745e+03 9.457182881247717023e+37
4.686789999999999964e+03 9.465096536922325338e+37
4.688550000000000182e+03 9.449976321529604701e+37
4.690310000000000400e+03 9.424120033832202610e+37
4.692060000000000400e+03 9.442388701988211742e+37
4.693819999999999709e+03 9.406252751829209231e+37
4.695579999999999927e+03 9.354035690874489623e+37
4.697350000000000364e+03 9.362377489229340485e+37
4.699109999999999673e+03 9.326279899395489110e+37
4.700869999999999891e+03 9.217535540358282647e+37
4.702630000000000109e+03 9.098531424170508888e+37
4.704399999999999636e+03 9.005918285379853974e+37
4.706159999999999854e+03 8.951775709395249772e+37
4.707920000000000073e+03 8.943872125522770587e+37
4.709689999999999600e+03 8.915004030516937439e+37
4.711460000000000036e+03 8.838460181145363380e+37
4.713220000000000255e+03 8.695005767556061175e+37
4.714989999999999782e+03 8.628643683163301776e+37
4.716760000000000218e+03 8.640523227917283852e+37
4.718529999999999745e+03 8.622842864492943196e+37
4.720300000000000182e+03 8.546363968605342981e+37
4.722069999999999709e+03 8.474051082044886191e+37
4.723840000000000146e+03 8.398423455485833974e+37
4.725609999999999673e+03 8.292313069999681576e+37
4.727380000000000109e+03 8.284122251334293024e+37
4.729149999999999636e+03 8.247140746324865344e+37
4.730930000000000291e+03 8.036380079733564627e+37
4.732699999999999818e+03 7.935091369849070551e+37
4.734479999999999563e+03 7.983349490234733358e+37
4.736250000000000000e+03 7.922695169629504308e+37
4.738029999999999745e+03 7.802946317077075050e+37
4.739800000000000182e+03 7.724621335520238005e+37
4.741579999999999927e+03 7.659009913272777549e+37
4.743359999999999673e+03 7.558726423777892205e+37
4.745140000000000327e+03 7.441089039298469383e+37
4.746920000000000073e+03 7.358368573969436843e+37
4.748699999999999818e+03 7.292288368080823420e+37
4.750479999999999563e+03 7.255149624582903256e+37
4.752260000000000218e+03 7.199011226240992258e+37
4.754039999999999964e+03 7.011406396063620623e+37
4.755829999999999927e+03 6.869546046105762296e+37
4.757609999999999673e+03 6.890196314745380431e+37
4.759390000000000327e+03 6.830862512549216987e+37
4.761180000000000291e+03 6.633702524493353384e+37
4.762960000000000036e+03 6.485599461613666201e+37
4.764750000000000000e+03 6.416611847242983609e+37
4.766539999999999964e+03 6.307376943859253098e+37
4.768319999999999709e+03 6.146624291649316633e+37
4.770109999999999673e+03 6.020004003385143106e+37
4.771899999999999636e+03 5.925258179036553623e+37
4.773689999999999600e+03 5.804936843985478870e+37
4.775479999999999563e+03 5.654482854548042383e+37
4.777270000000000437e+03 5.466069311680392901e+37
4.779060000000000400e+03 5.317125229152484019e+37
4.780850000000000364e+03 5.270868372788811939e+37
4.782649999999999636e+03 5.169808514967783351e+37
4.784439999999999600e+03 4.940296327462795811e+37
4.786229999999999563e+03 4.758880546159902637e+37
4.788029999999999745e+03 4.659025966820436463e+37
4.789819999999999709e+03 4.506174579552422388e+37
4.791619999999999891e+03 4.332569007360465557e+37
4.793420000000000073e+03 4.199435756561028863e+37
4.795220000000000255e+03 4.061309449608745420e+37
4.797010000000000218e+03 3.896812009316927060e+37
4.798810000000000400e+03 3.776687489553470570e+37
4.800609999999999673e+03 3.684335787705027913e+37
4.802409999999999854e+03 3.520299878917972889e+37
4.804210000000000036e+03 3.338927893892130154e+37
4.806010000000000218e+03 3.209471164341814905e+37
4.807819999999999709e+03 3.100860619241249057e+37
4.809619999999999891e+03 2.981191907910525099e+37
4.811420000000000073e+03 2.871636146271717048e+37
4.813229999999999563e+03 2.784568225394223958e+37
4.815029999999999745e+03 2.678267306758440550e+37
4.816840000000000146e+03 2.543747246689855398e+37
4.818640000000000327e+03 2.416941361770330041e+37
4.820449999999999818e+03 2.330633823048201959e+37
4.822260000000000218e+03 2.286635864417599478e+37
4.824069999999999709e+03 2.246653575471985075e+37
4.825880000000000109e+03 2.162196153815131332e+37
4.827689999999999600e+03 2.080220782035275837e+37
4.829500000000000000e+03 2.043572183853514851e+37
4.831310000000000400e+03 2.005299578313874534e+37
4.833119999999999891e+03 1.955710491796970158e+37
4.834930000000000291e+03 1.927835820333121820e+37
4.836750000000000000e+03 1.888965458392750151e+37
4.838560000000000400e+03 1.844192586643002447e+37
4.840369999999999891e+03 1.833105121892355323e+37
4.842189999999999600e+03 1.834276299288795569e+37
4.844000000000000000e+03 1.811739785355211169e+37
4.845819999999999709e+03 1.783528249706468574e+37
4.847640000000000327e+03 1.808306054113816139e+37
4.849460000000000036e+03 1.839723970606307443e+37
4.851270000000000437e+03 1.847323168760178926e+37
4.853090000000000146e+03 1.850255915902823663e+37
4.854909999999999854e+03 1.863505627985205972e+37
4.856729999999999563e+03 1.915322509238969233e+37
4.858560000000000400e+03 1.954327388970843046e+37
4.860380000000000109e+03 1.930279216335916082e+37
4.862199999999999818e+03 1.913939523473669709e+37
4.864020000000000437e+03 1.963825564706365894e+37
4.865850000000000364e+03 2.044739070114408857e+37
4.867670000000000073e+03 2.095736014275289130e+37
4.869500000000000000e+03 2.103649169673207650e+37
4.871319999999999709e+03 2.110627754121424330e+37
4.873149999999999636e+03 2.143917858568347002e+37
4.874979999999999563e+03 2.180007793149297744e+37
4.876810000000000400e+03 2.223642535382221147e+37
4.878630000000000109e+03 2.293112819492778281e+37
4.880460000000000036e+03 2.343601771325382547e+37
4.882289999999999964e+03 2.357390270189672392e+37
4.884130000000000109e+03 2.362020202138702241e+37
4.885960000000000036e+03 2.418870543031812434e+37
4.887789999999999964e+03 2.474954016827107853e+37
4.889619999999999891e+03 2.489082282662339853e+37
4.891460000000000036e+03 2.499999790138443346e+37
4.893289999999999964e+03 2.509257981704814659e+37
4.895119999999999891e+03 2.521870374165358067e+37
4.896960000000000036e+03 2.534743699429932349e+37
4.898800000000000182e+03 2.564784586830054451e+37
4.900630000000000109e+03 2.565766910869956756e+37
4.902470000000000255e+03 2.545290774222099879e+37
4.904310000000000400e+03 2.574595163674419830e+37
4.906149999999999636e+03 2.639502252961250729e+37
4.907989999999999782e+03 2.678070808204427596e+37
4.909829999999999927e+03 2.666784716736881006e+37
4.911670000000000073e+03 2.619896000354798429e+37
4.913510000000000218e+03 2.586820271629638897e+37
4.915359999999999673e+03 2.631291759205506340e+37
4.917199999999999818e+03 2.678825266132062542e+37
4.919039999999999964e+03 2.638356441131289150e+37
4.920890000000000327e+03 2.585835774670089528e+37
4.922729999999999563e+03 2.570263573456407123e+37
4.924579999999999927e+03 2.568879805159552778e+37
4.926430000000000291e+03 2.571217012987629443e+37
4.928270000000000437e+03 2.585086339679347169e+37
4.930119999999999891e+03 2.629043812408508907e+37
4.931970000000000255e+03 2.649203478142061288e+37
4.933819999999999709e+03 2.606319200468811213e+37
4.935670000000000073e+03 2.552608421906465006e+37
4.937520000000000437e+03 2.551632750899960124e+37
4.939369999999999891e+03 2.613082310145571566e+37
4.941220000000000255e+03 2.669163296339074363e+37
4.943079999999999927e+03 2.653260417530777083e+37
4.944930000000000291e+03 2.623575292457947700e+37
4.946779999999999745e+03 2.624495739186258411e+37
4.948640000000000327e+03 2.651049401872295811e+37
4.950500000000000000e+03 2.735909403411797760e+37
4.952350000000000364e+03 2.782536624828271754e+37
4.954210000000000036e+03 2.723460934209918709e+37
4.956069999999999709e+03 2.717475940141102147e+37
4.957930000000000291e+03 2.800723734346186896e+37
4.959779999999999745e+03 2.839473041875668908e+37
4.961640000000000327e+03 2.831483795645963593e+37
4.963510000000000218e+03 2.899800388154446344e+37
4.965369999999999891e+03 3.002128247728953770e+37
4.967229999999999563e+03 3.039738496896026725e+37
4.969090000000000146e+03 3.005573638591321531e+37
4.970949999999999818e+03 2.987638038424379062e+37
4.972819999999999709e+03 3.117844027602474838e+37
4.974680000000000291e+03 3.264265814057986692e+37
4.976550000000000182e+03 3.283895134618472821e+37
4.978420000000000073e+03 3.260920409764926457e+37
4.980279999999999745e+03 3.294817215714980760e+37
4.982149999999999636e+03 3.368625676090316884e+37
4.984020000000000437e+03 3.439605051249258748e+37
4.985890000000000327e+03 3.467306594863876478e+37
4.987760000000000218e+03 3.471131800867080565e+37
4.989630000000000109e+03 3.518809978799249505e+37
4.991500000000000000e+03 3.584340716526547273e+37
4.993369999999999891e+03 3.644098054174094634e+37
4.995239999999999782e+03 3.693726034421722933e+37
4.997119999999999891e+03 3.715837852474971997e+37
4.998989999999999782e+03 3.732274071891698255e+37
5.000859999999999673e+03 3.776945533471830666e+37
5.002739999999999782e+03 3.810566811023812947e+37
5.004619999999999891e+03 3.818528588719584346e+37
5.006489999999999782e+03 3.828032087957392928e+37
5.008369999999999891e+03 3.835004795793675993e+37
5.010250000000000000e+03 3.827746952428078163e+37
5.012130000000000109e+03 3.820094303104152480e+37
5.014010000000000218e+03 3.819007981190288901e+37
5.015890000000000327e+03 3.783961395794677316e+37
5.017770000000000437e+03 3.663492834078805355e+37
5.019649999999999636e+03 3.519378389871238482e+37
5.021529999999999745e+03 3.478016555281811973e+37
5.023409999999999854e+03 3.482488589534158901e+37
5.025300000000000182e+03 3.420559812908205187e+37
5.027180000000000291e+03 3.281765597797435730e+37
5.029069999999999709e+03 3.149989321081348973e+37
5.030949999999999818e+03 3.070355054617251469e+37
5.032840000000000146e+03 2.992261289862759659e+37
5.034729999999999563e+03 2.873198670508494168e+37
5.036619999999999891e+03 2.729414012679178926e+37
5.038500000000000000e+03 2.611909141423527909e+37
5.040390000000000327e+03 2.523280388469149526e+37
5.042279999999999745e+03 2.390394613645991080e+37
5.044180000000000291e+03 2.269544270046062001e+37
5.046069999999999709e+03 2.231295064856201997e+37
5.047960000000000036e+03 2.183978328180028127e+37
5.049850000000000364e+03 2.066835458811408008e+37
5.051750000000000000e+03 1.932296202059232556e+37
5.053640000000000327e+03 1.840726764452336893e+37
5.055539999999999964e+03 1.801577667864244941e+37
5.057430000000000291e+03 1.771276738044784372e+37
5.059329999999999927e+03 1.692796949007447241e+37
5.061220000000000255e+03 1.599603274964484168e+37
5.063119999999999891e+03 1.560193748290216155e+37
5.065020000000000437e+03 1.566091429563438007e+37
5.066920000000000073e+03 1.545893321241557802e+37
5.068819999999999709e+03 1.483788170542011001e+37
5.070720000000000255e+03 1.457989842627972166e+37
5.072619999999999891e+03 1.458242875384105859e+37
5.074529999999999745e+03 1.439902898615455869e+37
5.076430000000000291e+03 1.408754008301004114e+37
5.078329999999999927e+03 1.399196245193853977e+37
5.080239999999999782e+03 1.434427152787174273e+37
5.082140000000000327e+03 1.475431696380080502e+37
5.084050000000000182e+03 1.478704996202441719e+37
5.085949999999999818e+03 1.456732168837211140e+37
5.087859999999999673e+03 1.446915239387397482e+37
5.089770000000000437e+03 1.483306055746386176e+37
5.091680000000000291e+03 1.547682137603994178e+37
5.093590000000000146e+03 1.565403515863170261e+37
5.095500000000000000e+03 1.577542085635891697e+37
5.097409999999999854e+03 1.613135852073617634e+37
5.099319999999999709e+03 1.653042952915115138e+37
5.101229999999999563e+03 1.741212705217072293e+37
5.103140000000000327e+03 1.795177664426996263e+37
5.105060000000000400e+03 1.762231436895580814e+37
5.106970000000000255e+03 1.791360109171420597e+37
5.108890000000000327e+03 1.887828804806630615e+37
5.110800000000000182e+03 1.942769748831510085e+37
5.112720000000000255e+03 1.959271989235335457e+37
5.114640000000000327e+03 2.020013635773658102e+37
5.116560000000000400e+03 2.118801883520459521e+37
5.118470000000000255e+03 2.184894306162763509e+37
5.120390000000000327e+03 2.193025696185019851e+37
5.122310000000000400e+03 2.205478382457826755e+37
5.124229999999999563e+03 2.335689287833275064e+37
5.126159999999999854e+03 2.469126373388710140e+37
5.128079999999999927e+03 2.513234832879694737e+37
5.130000000000000000e+03 2.533124598877224023e+37
5.131930000000000291e+03 2.585942118793589315e+37
5.133850000000000364e+03 2.668144956880542963e+37
5.135779999999999745e+03 2.773075466654588075e+37
5.137699999999999818e+03 2.847995623545129641e+37
5.139630000000000109e+03 2.859613650287374334e+37
5.141560000000000400e+03 2.885687382774222028e+37
5.143479999999999563e+03 2.974040352015830300e+37
5.145409999999999854e+03 3.091580109670011372e+37
5.147340000000000146e+03 3.180990022786120926e+37
5.149270000000000437e+03 3.234744474522148409e+37
5.151199999999999818e+03 3.305696973705394884e+37
5.153130000000000109e+03 3.402784085844746312e+37
5.155069999999999709e+03 3.472397240501070384e+37
5.157000000000000000e+03 3.471584056463296696e+37
5.158930000000000291e+03 3.479862771077219169e+37
5.160869999999999891e+03 3.586980474085948925e+37
5.162800000000000182e+03 3.730621807996148241e+37
5.164739999999999782e+03 3.802176082596659765e+37
5.166680000000000291e+03 3.833079943986005624e+37
5.168609999999999673e+03 3.883020615031372258e+37
5.170550000000000182e+03 3.872232989269899838e+37
5.172489999999999782e+03 3.821719194746382295e+37
5.174430000000000291e+03 3.878686799315592894e+37
5.176369999999999891e+03 3.989292188636405951e+37
5.178310000000000400e+03 4.074816390365288129e+37
5.180250000000000000e+03 4.140329514681918979e+37
5.182199999999999818e+03 4.169703309579741571e+37
5.184140000000000327e+03 4.173388776551862532e+37
5.186079999999999927e+03 4.185249851964430781e+37
5.188029999999999745e+03 4.239413475805291569e+37
5.189970000000000255e+03 4.315043363797929586e+37
5.191920000000000073e+03 4.378182863785666903e+37
5.193869999999999891e+03 4.461392823827525439e+37
5.195819999999999709e+03 4.488425503868234151e+37
5.197760000000000218e+03 4.441804967866648392e+37
5.199710000000000036e+03 4.462699596943291486e+37
5.201659999999999854e+03 4.525802219050083492e+37
5.203609999999999673e+03 4.551311577857185669e+37
5.205569999999999709e+03 4.593540129429304463e+37
5.207520000000000437e+03 4.662639568794652301e+37
5.209470000000000255e+03 4.687616556639385505e+37
5.211420000000000073e+03 4.648347342092978226e+37
5.213380000000000109e+03 4.628775919614424059e+37
5.215329999999999927e+03 4.710459735622932377e+37
5.217289999999999964e+03 4.812500531054726356e+37
5.219250000000000000e+03 4.846872893466774888e+37
5.221199999999999818e+03 4.848550707987673012e+37
5.223159999999999854e+03 4.871091550516395872e+37
5.225119999999999891e+03 4.895349027596600304e+37
5.227079999999999927e+03 4.910080374226492628e+37
5.229039999999999964e+03 4.925406776404500103e+37
5.231000000000000000e+03 4.951484406229744256e+37
5.232960000000000036e+03 4.991632387552560917e+37
5.234920000000000073e+03 5.009225214815756074e+37
5.236890000000000327e+03 4.979154217973429780e+37
5.238850000000000364e+03 4.992830673047182741e+37
5.240810000000000400e+03 5.034559861280862455e+37
5.242779999999999745e+03 5.032401040558115987e+37
5.244750000000000000e+03 5.060162349853907865e+37
5.246710000000000036e+03 5.109250262903712913e+37
5.248680000000000291e+03 5.105930636060147620e+37
5.250649999999999636e+03 5.114977200951175236e+37
5.252619999999999891e+03 5.157028133470097471e+37
5.254590000000000146e+03 5.137215687700506305e+37
5.256560000000000400e+03 5.089426158130244729e+37
5.258529999999999745e+03 5.077757604664338658e+37
5.260500000000000000e+03 5.128600133715103820e+37
5.262470000000000255e+03 5.203201412505180529e+37
5.264449999999999818e+03 5.188386752480768720e+37
5.266420000000000073e+03 5.095201937023085384e+37
5.268399999999999636e+03 5.070265544884765094e+37
5.270369999999999891e+03 5.128893363901900593e+37
5.272350000000000364e+03 5.204038759166018579e+37
5.274329999999999927e+03 5.226311108291449392e+37
5.276300000000000182e+03 5.223138458463938498e+37
5.278279999999999745e+03 5.254726475036567941e+37
5.280260000000000218e+03 5.262782567958471406e+37
5.282239999999999782e+03 5.201324836675444846e+37
5.284220000000000255e+03 5.163937033005836385e+37
5.286199999999999818e+03 5.195388517667614809e+37
5.288189999999999600e+03 5.219863791530670256e+37
5.290170000000000073e+03 5.218533258044440653e+37
5.292149999999999636e+03 5.235783071161689050e+37
5.294140000000000327e+03 5.259262269185613416e+37
5.296119999999999891e+03 5.239989302899593755e+37
5.298109999999999673e+03 5.224878440825895809e+37
5.300100000000000364e+03 5.225905316278762538e+37
5.302079999999999927e+03 5.198484383748611444e+37
5.304069999999999709e+03 5.201445316906131034e+37
5.306060000000000400e+03 5.241821086632881496e+37
5.308050000000000182e+03 5.215283174771036292e+37
5.310039999999999964e+03 5.168836508608619121e+37
5.312029999999999745e+03 5.175980996122793648e+37
5.314020000000000437e+03 5.184303761284592624e+37
5.316020000000000437e+03 5.160222005924812975e+37
5.318010000000000218e+03 5.117234048371090867e+37
5.320000000000000000e+03 5.098381296226965192e+37
5.322000000000000000e+03 5.105026663059481190e+37
5.324000000000000000e+03 5.103959033245521071e+37
5.325989999999999782e+03 5.065421658878929953e+37
5.327989999999999782e+03 5.032067372931133411e+37
5.329989999999999782e+03 4.982349707280748290e+37
5.331989999999999782e+03 4.896167426996925733e+37
5.333989999999999782e+03 4.837579605422807557e+37
5.335989999999999782e+03 4.818873040682585576e+37
5.337989999999999782e+03 4.783423250971270950e+37
5.339989999999999782e+03 4.710393051491086155e+37
5.341989999999999782e+03 4.625782341912349228e+37
5.343989999999999782e+03 4.541772004366249332e+37
5.346000000000000000e+03 4.478358605779516494e+37
5.348000000000000000e+03 4.404358879443927514e+37
5.350010000000000218e+03 4.295129178073419137e+37
5.352010000000000218e+03 4.239289685017821622e+37
5.354020000000000437e+03 4.204040817062812782e+37
5.356029999999999745e+03 4.098921457025318383e+37
5.358039999999999964e+03 3.994943105974412367e+37
5.360050000000000182e+03 3.915852577674713947e+37
5.362060000000000400e+03 3.844402984053758440e+37
5.364069999999999709e+03 3.767869344157735517e+37
5.366079999999999927e+03 3.681413032720843877e+37
5.368090000000000146e+03 3.614880861492796420e+37
5.370100000000000364e+03 3.554854683380445234e+37
5.372119999999999891e+03 3.492491743956523766e+37
5.374130000000000109e+03 3.416740616104528107e+37
5.376149999999999636e+03 3.297380419116987006e+37
5.378159999999999854e+03 3.200734864837212098e+37
5.380180000000000291e+03 3.169434841069778181e+37
5.382199999999999818e+03 3.113738930507302137e+37
5.384220000000000255e+03 3.000174178348783745e+37
5.386239999999999782e+03 2.910608072159603705e+37
5.388260000000000218e+03 2.855841978717561286e+37
5.390279999999999745e+03 2.780743202730737298e+37
5.392300000000000182e+03 2.700088404150119326e+37
5.394319999999999709e+03 2.640754632253030414e+37
5.396340000000000146e+03 2.585030130613524247e+37
5.398369999999999891e+03 2.520134745465413023e+37
5.400390000000000327e+03 2.440714620026527781e+37
5.402420000000000073e+03 2.362021544861546360e+37
5.404439999999999600e+03 2.317479032468261587e+37
5.406470000000000255e+03 2.300834463020145326e+37
5.408500000000000000e+03 2.265047162061851814e+37
5.410520000000000437e+03 2.194673778828227934e+37
5.412550000000000182e+03 2.126591206130821184e+37
5.414579999999999927e+03 2.078724601021903377e+37
5.416609999999999673e+03 2.042633654174894768e+37
5.418640000000000327e+03 2.001349719329259441e+37
5.420680000000000291e+03 1.964570638295905414e+37
5.422710000000000036e+03 1.938215906869398597e+37
5.424739999999999782e+03 1.891510601504082949e+37
5.426779999999999745e+03 1.833626003053695485e+37
5.428810000000000400e+03 1.804154676062792224e+37
5.430850000000000364e+03 1.786027684326406909e+37
5.432880000000000109e+03 1.748437044930878074e+37
5.434920000000000073e+03 1.703854797663830835e+37
5.436960000000000036e+03 1.652188126129873434e+37
5.439000000000000000e+03 1.605378487291195423e+37
5.441039999999999964e+03 1.585980931065555011e+37
5.443079999999999927e+03 1.570627881212901388e+37
5.445119999999999891e+03 1.538504451796490977e+37
5.447159999999999854e+03 1.509313574347184214e+37
5.449199999999999818e+03 1.481761159259623504e+37
5.451250000000000000e+03 1.447457105720811079e+37
5.453289999999999964e+03 1.418955783431389786e+37
5.455340000000000146e+03 1.396139632893187115e+37
5.457380000000000109e+03 1.365121488341282128e+37
5.459430000000000291e+03 1.336226523325850207e+37
5.461479999999999563e+03 1.324578063939462026e+37
5.463529999999999745e+03 1.312420585933579984e+37
5.465569999999999709e+03 1.289759743460287454e+37
5.467619999999999891e+03 1.258799187915985681e+37
5.469670000000000073e+03 1.233756619634195260e+37
5.471729999999999563e+03 1.223701114734104424e+37
5.473779999999999745e+03 1.223186072640309193e+37
5.475829999999999927e+03 1.220622118366984114e+37
5.477880000000000109e+03 1.208639934545738815e+37
5.479939999999999600e+03 1.186720392295314815e+37
5.481989999999999782e+03 1.161356974802804840e+37
5.484050000000000182e+03 1.152762024368118501e+37
5.486100000000000364e+03 1.165078777085921396e+37
5.488159999999999854e+03 1.171186177677502500e+37
5.490220000000000255e+03 1.161978858239282140e+37
5.492279999999999745e+03 1.155794416278410818e+37
5.494340000000000146e+03 1.155758864710704729e+37
5.496399999999999636e+03 1.155492554465083224e+37
5.498460000000000036e+03 1.157978141282071010e+37
5.500520000000000437e+03 1.161582147793971072e+37
5.502579999999999927e+03 1.162414281841929643e+37
5.504649999999999636e+03 1.165971283291471196e+37
5.506710000000000036e+03 1.169890431888047286e+37
5.508779999999999745e+03 1.169294504331859492e+37
5.510840000000000146e+03 1.172251952403296930e+37
5.512909999999999854e+03 1.184337342698624936e+37
5.514979999999999563e+03 1.192913388926224284e+37
5.517039999999999964e+03 1.193149799154599829e+37
5.519109999999999673e+03 1.194308749673100591e+37
5.521180000000000291e+03 1.199449631829871373e+37
5.523250000000000000e+03 1.204161435905970655e+37
5.525329999999999927e+03 1.206303918571935437e+37
5.527399999999999636e+03 1.205720012380068130e+37
5.529470000000000255e+03 1.205249898186460676e+37
5.531539999999999964e+03 1.214554728666413398e+37
5.533619999999999891e+03 1.220791785875629977e+37
5.535689999999999600e+03 1.212698924083017343e+37
5.537770000000000437e+03 1.204019317767424552e+37
5.539850000000000364e+03 1.195102703335575655e+37
5.541920000000000073e+03 1.181376433853167192e+37
5.544000000000000000e+03 1.168117355335307589e+37
5.546079999999999927e+03 1.163261777574412268e+37
5.548159999999999854e+03 1.160103290575900278e+37
5.550239999999999782e+03 1.136719001783084563e+37
5.552319999999999709e+03 1.105078975395907760e+37
5.554399999999999636e+03 1.089599296252182891e+37
5.556489999999999782e+03 1.083015078680096370e+37
5.558569999999999709e+03 1.064140172451397683e+37
5.560649999999999636e+03 1.037062240746071145e+37
5.562739999999999782e+03 1.022645027885341068e+37
5.564829999999999927e+03 1.010744206836725332e+37
5.566909999999999854e+03 9.891267774324921568e+36
5.569000000000000000e+03 9.721746080589059631e+36
5.571090000000000146e+03 9.575378848197828026e+36
5.573180000000000291e+03 9.325316738461686770e+36
5.575270000000000437e+03 9.073418587313588378e+36
5.577359999999999673e+03 8.939683184538505956e+36
5.579449999999999818e+03 8.793164017253462762e+36
5.581539999999999964e+03 8.567770481075898529e+36
5.583640000000000327e+03 8.392868689533077450e+36
5.585729999999999563e+03 8.287298848006422462e+36
5.587819999999999709e+03 8.125782744566551899e+36
5.589920000000000073e+03 7.903285632837833147e+36
5.592020000000000437e+03 7.686477513155263560e+36
5.594109999999999673e+03 7.559190020698110359e+36
5.596210000000000036e+03 7.451699599465795355e+36
5.598310000000000400e+03 7.285276740208798106e+36
5.600409999999999854e+03 7.129025361037745363e+36
5.602510000000000218e+03 7.027519762378427697e+36
5.604609999999999673e+03 6.915856975014471576e+36
5.606710000000000036e+03 6.745638116766048227e+36
5.608810000000000400e+03 6.584776831577399101e+36
5.610920000000000073e+03 6.451317649536940308e+36
5.613020000000000437e+03 6.306239183067899291e+36
5.615130000000000109e+03 6.175183265357026073e+36
5.617229999999999563e+03 6.088794201569818712e+36
5.619340000000000146e+03 5.990520525430036902e+36
5.621449999999999818e+03 5.853503209400510071e+36
5.623550000000000182e+03 5.714934881484597224e+36
5.625659999999999854e+03 5.591915896362849380e+36
5.627770000000000437e+03 5.463410391843004526e+36
5.629880000000000109e+03 5.358370151624454643e+36
5.631989999999999782e+03 5.256526475141914444e+36
5.634109999999999673e+03 5.138692297460801494e+36
5.636220000000000255e+03 5.040483802477676538e+36
5.638329999999999927e+03 4.912531384998692504e+36
5.640449999999999818e+03 4.737981029407933783e+36
5.642560000000000400e+03 4.638720222982074125e+36
5.644680000000000291e+03 4.635147353017248639e+36
5.646789999999999964e+03 4.544844889444908338e+36
5.648909999999999854e+03 4.383400742601412888e+36
5.651029999999999745e+03 4.284581331644588926e+36
5.653149999999999636e+03 4.226688625178129759e+36
5.655270000000000437e+03 4.145228178291278519e+36
5.657390000000000327e+03 4.019294536740218485e+36
5.659510000000000218e+03 3.881649793877025708e+36
5.661630000000000109e+03 3.779752270443962690e+36
5.663760000000000218e+03 3.725030711821301713e+36
5.665880000000000109e+03 3.676760104450421878e+36
5.668010000000000218e+03 3.581683826070475259e+36
5.670130000000000109e+03 3.466729993686573076e+36
5.672260000000000218e+03 3.394587484665782135e+36
5.674380000000000109e+03 3.327810809277697533e+36
5.676510000000000218e+03 3.237375204437882849e+36
5.678640000000000327e+03 3.163831733337881032e+36
5.680770000000000437e+03 3.117290294428894300e+36
5.682899999999999636e+03 3.052436267872009260e+36
5.685029999999999745e+03 2.951514057363604505e+36
5.687159999999999854e+03 2.887979921062116285e+36
5.689300000000000182e+03 2.864711226811254679e+36
5.691430000000000291e+03 2.827376566260761024e+36
5.693560000000000400e+03 2.788825612507638031e+36
5.695699999999999818e+03 2.761919888298138226e+36
5.697840000000000146e+03 2.722207974896566319e+36
5.699970000000000255e+03 2.669818736210465483e+36
5.702109999999999673e+03 2.642554797913086277e+36
5.704250000000000000e+03 2.635904587692323047e+36
5.706390000000000327e+03 2.624275165104229040e+36
5.708529999999999745e+03 2.629379111219311284e+36
5.710670000000000073e+03 2.653788590184685770e+36
5.712810000000000400e+03 2.648433676400021920e+36
5.714949999999999818e+03 2.634300320184275884e+36
5.717090000000000146e+03 2.660563082663574249e+36
5.719239999999999782e+03 2.682467676152334557e+36
5.721380000000000109e+03 2.661095784103846600e+36
5.723529999999999745e+03 2.662145569018981123e+36
5.725670000000000073e+03 2.697858733780644909e+36
5.727819999999999709e+03 2.739175321054894913e+36
5.729970000000000255e+03 2.787874349803415153e+36
5.732119999999999891e+03 2.814343142118702715e+36
5.734270000000000437e+03 2.820642178587303213e+36
5.736420000000000073e+03 2.845868784905027553e+36
5.738569999999999709e+03 2.899696177733296930e+36
5.740720000000000255e+03 2.963015184981275863e+36
5.742869999999999891e+03 3.008831185995539804e+36
5.745029999999999745e+03 3.049825938329746257e+36
5.747180000000000291e+03 3.081928210095733279e+36
5.749340000000000146e+03 3.111758313096369799e+36
5.751489999999999782e+03 3.174127417221177256e+36
5.753649999999999636e+03 3.202878565795546197e+36
5.755810000000000400e+03 3.214093173428425112e+36
5.757970000000000255e+03 3.298429905262045440e+36
5.760130000000000109e+03 3.397863138868367716e+36
5.762289999999999964e+03 3.418377429517927548e+36
5.764449999999999818e+03 3.422430912112870456e+36
5.766609999999999673e+03 3.519016146998536411e+36
5.768770000000000437e+03 3.607265344436085082e+36
5.770930000000000291e+03 3.586119198350514897e+36
5.773100000000000364e+03 3.613178381069408995e+36
5.775260000000000218e+03 3.738018157037738835e+36
5.777430000000000291e+03 3.807191738565584805e+36
5.779600000000000364e+03 3.823513243598671122e+36
5.781760000000000218e+03 3.908544316320014828e+36
5.783930000000000291e+03 4.014801529007241332e+36
5.786100000000000364e+03 4.051516312660349241e+36
5.788270000000000437e+03 4.107575484048990791e+36
5.790439999999999600e+03 4.240344197152458029e+36
5.792609999999999673e+03 4.358209049599291987e+36
5.794779999999999745e+03 4.413342135531010931e+36
5.796960000000000036e+03 4.505174279391253305e+36
5.799130000000000109e+03 4.666877233071742648e+36
5.801310000000000400e+03 4.799786089490767789e+36
5.803479999999999563e+03 4.805049055513123265e+36
5.805659999999999854e+03 4.773175412338268672e+36
5.807829999999999927e+03 4.903759818984539707e+36
5.810010000000000218e+03 5.159842862533167450e+36
5.812189999999999600e+03 5.301165355257279446e+36
5.814369999999999891e+03 5.329809578743383422e+36
5.816550000000000182e+03 5.500060930824765947e+36
5.818729999999999563e+03 5.728438157668710181e+36
5.820909999999999854e+03 5.799370542267242061e+36
5.823100000000000364e+03 5.818313076647553371e+36
5.825279999999999745e+03 6.014933046911696443e+36
5.827470000000000255e+03 6.286213664603752106e+36
5.829649999999999636e+03 6.396482141577057713e+36
5.831840000000000146e+03 6.428585064069411740e+36
5.834020000000000437e+03 6.594872189866569341e+36
5.836210000000000036e+03 6.836103628326920947e+36
5.838399999999999636e+03 6.929377170502749093e+36
5.840590000000000146e+03 6.960812753811342543e+36
5.842779999999999745e+03 7.139103628191766815e+36
5.844970000000000255e+03 7.312419678381482363e+36
5.847159999999999854e+03 7.403016352966485531e+36
5.849359999999999673e+03 7.582052818701567458e+36
5.851550000000000182e+03 7.807227657324308731e+36
5.853739999999999782e+03 7.996458490234156021e+36
5.855939999999999600e+03 8.173233745140588832e+36
5.858130000000000109e+03 8.296517367953814458e+36
5.860329999999999927e+03 8.326515400991397694e+36
5.862529999999999745e+03 8.419625635796582947e+36
5.864729999999999563e+03 8.627715644858464976e+36
5.866930000000000291e+03 8.778467032168044884e+36
5.869130000000000109e+03 8.823026435961361000e+36
5.871329999999999927e+03 8.851780348829582488e+36
5.873529999999999745e+03 8.898973232493340179e+36
5.875729999999999563e+03 9.016247889282158117e+36
5.877930000000000291e+03 9.136652573631410530e+36
5.880140000000000327e+03 9.267949688679480908e+36
5.882340000000000146e+03 9.394042870604371795e+36
5.884550000000000182e+03 9.388147819446870732e+36
5.886760000000000218e+03 9.261149811058534259e+36
5.888960000000000036e+03 9.215999778745636126e+36
5.891170000000000073e+03 9.353299593330061743e+36
5.893380000000000109e+03 9.456835424527987747e+36
5.895590000000000146e+03 9.434652481882486532e+36
5.897800000000000182e+03 9.383933640202078814e+36
5.900010000000000218e+03 9.322606287123324921e+36
5.902229999999999563e+03 9.202249267173019294e+36
5.904439999999999600e+03 8.997231864004677124e+36
5.906649999999999636e+03 8.900025077541878197e+36
5.908869999999999891e+03 9.003127331678588964e+36
5.911090000000000146e+03 9.021922233412116751e+36
5.913300000000000182e+03 8.836554450664147787e+36
5.915520000000000437e+03 8.619032005669991062e+36
5.917739999999999782e+03 8.433636280276576342e+36
5.919960000000000036e+03 8.256707239232757435e+36
5.922180000000000291e+03 8.131901822724660330e+36
5.924399999999999636e+03 7.995945575894521053e+36
5.926619999999999891e+03 7.811430242518883555e+36
5.928840000000000146e+03 7.729644958641981451e+36
5.931069999999999709e+03 7.688447507020962659e+36
5.933289999999999964e+03 7.568997764967449728e+36
5.935510000000000218e+03 7.370030590972245524e+36
5.937739999999999782e+03 7.188250907833814588e+36
5.939970000000000255e+03 7.127124638986243339e+36
5.942189999999999600e+03 7.008376550575973601e+36
5.944420000000000073e+03 6.693479271329680582e+36
5.946649999999999636e+03 6.421502649477163370e+36
5.948880000000000109e+03 6.405181189589799099e+36
5.951109999999999673e+03 6.400089577408349678e+36
5.953340000000000146e+03 6.259875095450921864e+36
5.955579999999999927e+03 6.027046665737726008e+36
5.957810000000000400e+03 5.859320914266031147e+36
5.960039999999999964e+03 5.805568545635343451e+36
5.962279999999999745e+03 5.707053257595319278e+36
5.964520000000000437e+03 5.491870562526221845e+36
5.966750000000000000e+03 5.347676873316024575e+36
5.968989999999999782e+03 5.343367675838788581e+36
5.971229999999999563e+03 5.232150648253078302e+36
5.973470000000000255e+03 5.038157362791504112e+36
5.975710000000000036e+03 4.917156963432102856e+36
5.977949999999999818e+03 4.808270063776323558e+36
5.980189999999999600e+03 4.707706821964060577e+36
5.982430000000000291e+03 4.636852334850587434e+36
5.984680000000000291e+03 4.540142853420115113e+36
5.986920000000000073e+03 4.444053449222499607e+36
5.989159999999999854e+03 4.330028456550876994e+36
5.991409999999999854e+03 4.216945432080812373e+36
5.993659999999999854e+03 4.144981388402377963e+36
5.995909999999999854e+03 4.092437086209559050e+36
5.998149999999999636e+03 3.997320614481685578e+36
6.000399999999999636e+03 3.888025168163671066e+36
6.002649999999999636e+03 3.826855530333800984e+36
6.004899999999999636e+03 3.717863720139308814e+36
6.007159999999999854e+03 3.518649123205956397e+36
6.009409999999999854e+03 3.400444439110730750e+36
6.011659999999999854e+03 3.418654253117958190e+36
6.013920000000000073e+03 3.385457012986957795e+36
6.016170000000000073e+03 3.275550728471567162e+36
6.018430000000000291e+03 3.201194062774216107e+36
6.020680000000000291e+03 3.173211269223859716e+36
6.022939999999999600e+03 3.106886380995121716e+36
6.025199999999999818e+03 3.006096288673626641e+36
6.027460000000000036e+03 2.946993708611394193e+36
6.029720000000000255e+03 2.941735672851895123e+36
6.031979999999999563e+03 2.915296139689313884e+36
6.034239999999999782e+03 2.833579132229242396e+36
6.036510000000000218e+03 2.776362456513340426e+36
6.038770000000000437e+03 2.776766292158154257e+36
6.041039999999999964e+03 2.787534765608705377e+36
6.043300000000000182e+03 2.779245274216992157e+36
6.045569999999999709e+03 2.770917184878196740e+36
6.047829999999999927e+03 2.783921673032669265e+36
6.050100000000000364e+03 2.795090373509387906e+36
6.052369999999999891e+03 2.798931790230067281e+36
6.054640000000000327e+03 2.790448685147130355e+36
6.056909999999999854e+03 2.803793572540748340e+36
6.059180000000000291e+03 2.857925380251056051e+36
6.061449999999999818e+03 2.935778190441900380e+36
6.063729999999999563e+03 2.976177692760578065e+36
6.066000000000000000e+03 2.987337756781748297e+36
6.068279999999999745e+03 3.024865874584848448e+36
6.070550000000000182e+03 3.070104855548402646e+36
6.072829999999999927e+03 3.132913355644883872e+36
6.075109999999999673e+03 3.206071943983471540e+36
6.077380000000000109e+03 3.277376751155803602e+36
6.079659999999999854e+03 3.334516334707963096e+36
6.081939999999999600e+03 3.380704726231955700e+36
6.084220000000000255e+03 3.434383164694765641e+36
6.086500000000000000e+03 3.495431989013277969e+36
6.088789999999999964e+03 3.550038240818710528e+36
6.091069999999999709e+03 3.598931116217189598e+36
6.093350000000000364e+03 3.653263075378092655e+36
6.095640000000000327e+03 3.719567011632736227e+36
6.097930000000000291e+03 3.785706953655144465e+36
6.100210000000000036e+03 3.840831693684548256e+36
6.102500000000000000e+03 3.894361661731789176e+36
6.104789999999999964e+03 3.966108601896966397e+36
6.107079999999999927e+03 4.033838984635825362e+36
6.109369999999999891e+03 4.067178515073394335e+36
6.111659999999999854e+03 4.126137785071177122e+36
6.113949999999999818e+03 4.202614204183621069e+36
6.116239999999999782e+03 4.242998972262079462e+36
6.118539999999999964e+03 4.302253116195410606e+36
6.120829999999999927e+03 4.401339627554963149e+36
6.123130000000000109e+03 4.471799113217368119e+36
6.125420000000000073e+03 4.509813082568252807e+36
6.127720000000000255e+03 4.519342024888062342e+36
6.130020000000000437e+03 4.516388817408738638e+36
6.132319999999999709e+03 4.589623454667551083e+36
6.134619999999999891e+03 4.711530744292149871e+36
6.136920000000000073e+03 4.786825011803964429e+36
6.139220000000000255e+03 4.820537174123329304e+36
6.141520000000000437e+03 4.838354306933440169e+36
6.143819999999999709e+03 4.858426305402174094e+36
6.146130000000000109e+03 4.896979405981138862e+36
6.148430000000000291e+03 4.950255026930565746e+36
6.150739999999999782e+03 4.963389684300114149e+36
6.153039999999999964e+03 4.965525108310501506e+36
6.155350000000000364e+03 5.007380842466913337e+36
6.157659999999999854e+03 5.010671431464680153e+36
6.159970000000000255e+03 4.984971213573703680e+36
6.162279999999999745e+03 4.987920134607510395e+36
6.164590000000000146e+03 5.001599655817020435e+36
6.166899999999999636e+03 4.966542564090637483e+36
6.169210000000000036e+03 4.874462008927608643e+36
6.171529999999999745e+03 4.819276639375601899e+36
6.173840000000000146e+03 4.845791278769309353e+36
6.176159999999999854e+03 4.879673542315437659e+36
6.178470000000000255e+03 4.814281013333869416e+36
6.180789999999999964e+03 4.697272331332249882e+36
6.183109999999999673e+03 4.658048276510175399e+36
6.185430000000000291e+03 4.674412305369067735e+36
6.187750000000000000e+03 4.668729527428210532e+36
6.190069999999999709e+03 4.622593982601198962e+36
6.192390000000000327e+03 4.569151909101822836e+36
6.194710000000000036e+03 4.520202862747840527e+36
6.197029999999999745e+03 4.484075406558321401e+36
6.199359999999999673e+03 4.482378563115268775e+36
6.201680000000000291e+03 4.466811755549523218e+36
6.204010000000000218e+03 4.445971834944891293e+36
6.206329999999999927e+03 4.420146139380746943e+36
6.208659999999999854e+03 4.376418951677056402e+36
6.210989999999999782e+03 4.339044685114452184e+36
6.213319999999999709e+03 4.301082880223863553e+36
6.215649999999999636e+03 4.319207701193019257e+36
6.217979999999999563e+03 4.372351402371404516e+36
6.220310000000000400e+03 4.348378572059408753e+36
6.222640000000000327e+03 4.236659409819450123e+36
6.224979999999999563e+03 4.194497303078289720e+36
6.227310000000000400e+03 4.254915599806423492e+36
6.229649999999999636e+03 4.252308037925007212e+36
6.231979999999999563e+03 4.185275216962065932e+36
6.234319999999999709e+03 4.166069319522656253e+36
6.236659999999999854e+03 4.170878059350691108e+36
6.239000000000000000e+03 4.182843691514278760e+36
6.241340000000000146e+03 4.198134952185745802e+36
6.243680000000000291e+03 4.188934578199785795e+36
6.246020000000000437e+03 4.145340359385727107e+36
6.248359999999999673e+03 4.113617156489762567e+36
6.250699999999999818e+03 4.084403449278766742e+36
6.253050000000000182e+03 4.041503982572105506e+36
6.255390000000000327e+03 3.991933298158459365e+36
6.257739999999999782e+03 3.908515693669650885e+36
6.260079999999999927e+03 3.849755933079395034e+36
6.262430000000000291e+03 3.826435653533177283e+36
6.264779999999999745e+03 3.773966509144132545e+36
6.267130000000000109e+03 3.657751781860188352e+36
6.269479999999999563e+03 3.551798080956822030e+36
6.271829999999999927e+03 3.506823003402028494e+36
6.274180000000000291e+03 3.456248134789997050e+36
6.276539999999999964e+03 3.387665108137915932e+36
6.278890000000000327e+03 3.309065606105589296e+36
6.281239999999999782e+03 3.241934298441267136e+36
6.283600000000000364e+03 3.214026523187322919e+36
6.285960000000000036e+03 3.175145940884247340e+36
6.288310000000000400e+03 3.084757422993398203e+36
6.290670000000000073e+03 2.986452209924434250e+36
6.293029999999999745e+03 2.915224193707400143e+36
6.295390000000000327e+03 2.867536467218348360e+36
6.297750000000000000e+03 2.833413189607405041e+36
6.300109999999999673e+03 2.838583083314557727e+36
6.302479999999999563e+03 2.835467244583852909e+36
6.304840000000000146e+03 2.780706888211129166e+36
6.307199999999999818e+03 2.714550883466539809e+36
6.309569999999999709e+03 2.670121971881243218e+36
6.311930000000000291e+03 2.647289211630078665e+36
6.314300000000000182e+03 2.646984694585849321e+36
6.316670000000000073e+03 2.684974162673856015e+36
6.319039999999999964e+03 2.689805827747752846e+36
6.321409999999999854e+03 2.659269995781249390e+36
6.323779999999999745e+03 2.695103229558616962e+36
6.326149999999999636e+03 2.766407119727709637e+36
6.328520000000000437e+03 2.755131215713674238e+36
6.330890000000000327e+03 2.706723728912348008e+36
6.333270000000000437e+03 2.721693339988190519e+36
6.335640000000000327e+03 2.788972129376980943e+36
6.338020000000000437e+03 2.867445073606487760e+36
6.340399999999999636e+03 2.898393990640512152e+36
6.342770000000000437e+03 2.913974632474657757e+36
6.345149999999999636e+03 2.973764703414449506e+36
6.347529999999999745e+03 3.050677114125717444e+36
6.349909999999999854e+03 3.090155078922695690e+36
6.352289999999999964e+03 3.106142697036903287e+36
6.354680000000000291e+03 3.167178016822275458e+36
6.357060000000000400e+03 3.248553771737275379e+36
6.359439999999999600e+03 3.289751548752559994e+36
6.361829999999999927e+03 3.307413532137703396e+36
6.364210000000000036e+03 3.354722052252607412e+36
6.366600000000000364e+03 3.440660576083142429e+36
6.368989999999999782e+03 3.494738171021960729e+36
6.371380000000000109e+03 3.534573752678074040e+36
6.373760000000000218e+03 3.598241259753977466e+36
6.376149999999999636e+03 3.645447741450795542e+36
6.378550000000000182e+03 3.672584663641783907e+36
6.380939999999999600e+03 3.738313526673747677e+36
6.383329999999999927e+03 3.833256780601930353e+36
6.385720000000000255e+03 3.886520841382177584e+36
6.388119999999999891e+03 3.904267676899402717e+36
6.390510000000000218e+03 3.958864432852522716e+36
6.392909999999999854e+03 4.040092788922418426e+36
6.395310000000000400e+03 4.103835575242092350e+36
6.397710000000000036e+03 4.129830197436430747e+36
6.400109999999999673e+03 4.165985677791940636e+36
6.402510000000000218e+03 4.293234662207681480e+36
6.404909999999999854e+03 4.424323137386861442e+36
6.407310000000000400e+03 4.469246093052024106e+36
6.409710000000000036e+03 4.507962687702944287e+36
6.412119999999999891e+03 4.612657164466797558e+36
6.414520000000000437e+03 4.727459645810912488e+36
6.416930000000000291e+03 4.805192035140892856e+36
6.419329999999999927e+03 4.856205139913893321e+36
6.421739999999999782e+03 4.901025121153466360e+36
6.424149999999999636e+03 5.002851756516709145e+36
6.426560000000000400e+03 5.129125599898250027e+36
6.428970000000000255e+03 5.206992713686062778e+36
6.431380000000000109e+03 5.265684318605436363e+36
6.433789999999999964e+03 5.325100868150754523e+36
6.436199999999999818e+03 5.417651611846856954e+36
6.438609999999999673e+03 5.553055931789066516e+36
6.441029999999999745e+03 5.639892213946725614e+36
6.443439999999999600e+03 5.664394156039772849e+36
6.445859999999999673e+03 5.698852849573502822e+36
6.448279999999999745e+03 5.792368480941505492e+36
6.450699999999999818e+03 5.927898054131763915e+36
6.453119999999999891e+03 6.043877507742936593e+36
6.455539999999999964e+03 6.072161731354611892e+36
6.457960000000000036e+03 6.078591928333720426e+36
6.460380000000000109e+03 6.203675116622907839e+36
6.462800000000000182e+03 6.330959817371688107e+36
6.465220000000000255e+03 6.352812108815719687e+36
6.467649999999999636e+03 6.333468750533269102e+36
6.470069999999999709e+03 6.353542716447420472e+36
6.472500000000000000e+03 6.402383062362640088e+36
6.474930000000000291e+03 6.441582699799410914e+36
6.477359999999999673e+03 6.449313013278634029e+36
6.479779999999999745e+03 6.405150924764421174e+36
6.482210000000000036e+03 6.385901650160659034e+36
6.484649999999999636e+03 6.416872279753130079e+36
6.487079999999999927e+03 6.453932712196715440e+36
6.489510000000000218e+03 6.499434860894723274e+36
6.491939999999999600e+03 6.529926604060190649e+36
6.494380000000000109e+03 6.487297594599868642e+36
6.496810000000000400e+03 6.437961015595921478e+36
6.499250000000000000e+03 6.435801567570889871e+36
6.501689999999999600e+03 6.493427678520707105e+36
6.504119999999999891e+03 6.552950665963661061e+36
6.506560000000000400e+03 6.504643336982039488e+36
6.509000000000000000e+03 6.423202810117939069e+36
6.511439999999999600e+03 6.422810121136802968e+36
6.513890000000000327e+03 6.419795913849794703e+36
6.516329999999999927e+03 6.406584724788795414e+36
6.518770000000000437e+03 6.426505689474319143e+36
6.521220000000000255e+03 6.408814832196616096e+36
6.523659999999999854e+03 6.337099749785276516e+36
6.526109999999999673e+03 6.253487982081354488e+36
6.528560000000000400e+03 6.218773682150514677e+36
6.531000000000000000e+03 6.188594558292974294e+36
6.533449999999999818e+03 6.138077047321070647e+36
6.535899999999999636e+03 6.051254022304447681e+36
6.538350000000000364e+03 5.941288788542675479e+36
6.540810000000000400e+03 5.897132476686116687e+36
6.543260000000000218e+03 5.862939065838841104e+36
6.545710000000000036e+03 5.809088038961482028e+36
6.548170000000000073e+03 5.674769371828488302e+36
6.550619999999999891e+03 5.524708811236376471e+36
6.553079999999999927e+03 5.508975300955483037e+36
6.555539999999999964e+03 5.500797739566299621e+36
6.558000000000000000e+03 5.397704188948436494e+36
6.560449999999999818e+03 5.289035240648988645e+36
6.562909999999999854e+03 5.215717059056058635e+36
6.565380000000000109e+03 5.144373409797825843e+36
6.567840000000000146e+03 5.087448642499857901e+36
6.570300000000000182e+03 5.037102056174954478e+36
6.572760000000000218e+03 4.919314754741651850e+36
6.575229999999999563e+03 4.779524317257854370e+36
6.577699999999999818e+03 4.642010947978808718e+36
6.580159999999999854e+03 4.502925017353496925e+36
6.582630000000000109e+03 4.436514372200987586e+36
6.585100000000000364e+03 4.422274542395200460e+36
6.587569999999999709e+03 4.421766749614076365e+36
6.590039999999999964e+03 4.337817794443519402e+36
6.592510000000000218e+03 4.117451269711843624e+36
6.594979999999999563e+03 3.946890160890542660e+36
6.597449999999999818e+03 3.912392399311356759e+36
6.599930000000000291e+03 3.885066603261053841e+36
6.602399999999999636e+03 3.791505900504839234e+36
6.604880000000000109e+03 3.678123555914440637e+36
6.607359999999999673e+03 3.548384337167796921e+36
6.609829999999999927e+03 3.424119507251300873e+36
6.612310000000000400e+03 3.394513203645594604e+36
6.614789999999999964e+03 3.365422222991944595e+36
6.617270000000000437e+03 3.250112768467226719e+36
6.619750000000000000e+03 3.146019420922608686e+36
6.622239999999999782e+03 3.043733648880417754e+36
6.624720000000000255e+03 2.919768766024137681e+36
6.627199999999999818e+03 2.847657464516169808e+36
6.629689999999999600e+03 2.819950340043679166e+36
6.632180000000000291e+03 2.753268061439959547e+36
6.634659999999999854e+03 2.648228155630702618e+36
6.637149999999999636e+03 2.587818029213505904e+36
6.639640000000000327e+03 2.553366250986483288e+36
6.642130000000000109e+03 2.478078267076627489e+36
6.644619999999999891e+03 2.372462929597558940e+36
6.647109999999999673e+03 2.296815492751106695e+36
6.649600000000000364e+03 2.236965536725691150e+36
6.652100000000000364e+03 2.172454035769669656e+36
6.654590000000000146e+03 2.132103190442848188e+36
6.657090000000000146e+03 2.105976520485785728e+36
6.659579999999999927e+03 2.046328988910324340e+36
6.662079999999999927e+03 1.948206652623910139e+36
6.664579999999999927e+03 1.864255188420784680e+36
6.667079999999999927e+03 1.840016375207299890e+36
6.669579999999999927e+03 1.825473962801426722e+36
6.672079999999999927e+03 1.763121144708810772e+36
6.674579999999999927e+03 1.691397384010667736e+36
6.677090000000000146e+03 1.669388238393073989e+36
6.679590000000000146e+03 1.671752061638080394e+36
6.682090000000000146e+03 1.642609984288103759e+36
6.684600000000000364e+03 1.575514299671161645e+36
6.687109999999999673e+03 1.520512535390845483e+36
6.689609999999999673e+03 1.494775202105950265e+36
6.692119999999999891e+03 1.460161886893523148e+36
6.694630000000000109e+03 1.406793012900990273e+36
6.697140000000000327e+03 1.371684381017385852e+36
6.699649999999999636e+03 1.375834912565487804e+36
6.702170000000000073e+03 1.373002192655735417e+36
6.704680000000000291e+03 1.341798335534542942e+36
6.707189999999999600e+03 1.316933352463397923e+36
6.709710000000000036e+03 1.290503846005806619e+36
6.712229999999999563e+03 1.261360665073360547e+36
6.714739999999999782e+03 1.247241088703633589e+36
6.717260000000000218e+03 1.244386435738520609e+36
6.719779999999999745e+03 1.239349796723037240e+36
6.722300000000000182e+03 1.226898468151747619e+36
6.724819999999999709e+03 1.214503938146876165e+36
6.727340000000000146e+03 1.199398941121162867e+36
6.729869999999999891e+03 1.197275376508344327e+36
6.732390000000000327e+03 1.215611625146333064e+36
6.734909999999999854e+03 1.228231709368696800e+36
6.737439999999999600e+03 1.213799285847452319e+36
6.739970000000000255e+03 1.201614045305337622e+36
6.742489999999999782e+03 1.213359919735149229e+36
6.745020000000000437e+03 1.225738172259191935e+36
6.747550000000000182e+03 1.239633283183806705e+36
6.750079999999999927e+03 1.262316916890274317e+36
6.752609999999999673e+03 1.276973501256098077e+36
6.755140000000000327e+03 1.277837187118116251e+36
6.757680000000000291e+03 1.285155329395134720e+36
6.760210000000000036e+03 1.324296980070948266e+36
6.762750000000000000e+03 1.362155191434031636e+36
6.765279999999999745e+03 1.365211420966726897e+36
6.767819999999999709e+03 1.381902442485428480e+36
6.770359999999999673e+03 1.424221354052480000e+36
6.772899999999999636e+03 1.461730270567985352e+36
6.775439999999999600e+03 1.488055114666007590e+36
6.777979999999999563e+03 1.519657611760896243e+36
6.780520000000000437e+03 1.559128434845690377e+36
6.783060000000000400e+03 1.596196980778820362e+36
6.785609999999999673e+03 1.618097866681290278e+36
6.788149999999999636e+03 1.646442930568439866e+36
6.790699999999999818e+03 1.714412431818593814e+36
6.793239999999999782e+03 1.778308529787537931e+36
6.795789999999999964e+03 1.818019223742704184e+36
6.798340000000000146e+03 1.853710999332444107e+36
6.800890000000000327e+03 1.904541932878395273e+36
6.803439999999999600e+03 1.958037783123448358e+36
6.805989999999999782e+03 1.987584571090322145e+36
6.808539999999999964e+03 2.014531987009354292e+36
6.811090000000000146e+03 2.076204730614778770e+36
6.813649999999999636e+03 2.142951796227849838e+36
6.816199999999999818e+03 2.179491817021808529e+36
6.818760000000000218e+03 2.226104599689133279e+36
6.821319999999999709e+03 2.270858784559104454e+36
6.823880000000000109e+03 2.309089131625124496e+36
6.826430000000000291e+03 2.375199463435396889e+36
6.828989999999999782e+03 2.443382015496279597e+36
6.831550000000000182e+03 2.481495049274155292e+36
6.834119999999999891e+03 2.510737910860234812e+36
6.836680000000000291e+03 2.547700258724355099e+36
6.839239999999999782e+03 2.590406214465434272e+36
6.841810000000000400e+03 2.635746428435537336e+36
6.844369999999999891e+03 2.670379055663152027e+36
6.846939999999999600e+03 2.715020486804519033e+36
6.849510000000000218e+03 2.773103822246160228e+36
6.852079999999999927e+03 2.803057983520947272e+36
6.854649999999999636e+03 2.819943713244928072e+36
6.857220000000000255e+03 2.860095597618500570e+36
6.859789999999999964e+03 2.914425648485891269e+36
6.862359999999999673e+03 2.961349039435291217e+36
6.864930000000000291e+03 2.998951972328710959e+36
6.867510000000000218e+03 3.032265121349724725e+36
6.870079999999999927e+03 3.061559521519532906e+36
6.872659999999999854e+03 3.078367307651198897e+36
6.875239999999999782e+03 3.112867639196343686e+36
6.877819999999999709e+03 3.154727097955148171e+36
6.880390000000000327e+03 3.167117268161584280e+36
6.882970000000000255e+03 3.161338624719237180e+36
6.885560000000000400e+03 3.194621457438507619e+36
6.888140000000000327e+03 3.274289025047833459e+36
6.890720000000000255e+03 3.306787593869235046e+36
6.893300000000000182e+03 3.271771106201289828e+36
6.895890000000000327e+03 3.248912251287016953e+36
6.898479999999999563e+03 3.263555101036865371e+36
6.901060000000000400e+03 3.280574236047155034e+36
6.903649999999999636e+03 3.290211344390180066e+36
6.906239999999999782e+03 3.313241220081965282e+36
6.908829999999999927e+03 3.331098432907554349e+36
6.911420000000000073e+03 3.321299377751516721e+36
6.914010000000000218e+03 3.323333595396563883e+36
6.916600000000000364e+03 3.330222773743576966e+36
6.919199999999999818e+03 3.306558576773721451e+36
6.921789999999999964e+03 3.279960904399129978e+36
6.924390000000000327e+03 3.269666755787487255e+36
6.926989999999999782e+03 3.272942928065164747e+36
6.929579999999999927e+03 3.259758633676866024e+36
6.932180000000000291e+03 3.241553349090505784e+36
6.934779999999999745e+03 3.247246509696832503e+36
6.937380000000000109e+03 3.259788239064823231e+36
6.939979999999999563e+03 3.241815268593953262e+36
6.942590000000000146e+03 3.204995351477481071e+36
6.945189999999999600e+03 3.181183961332571211e+36
6.947789999999999964e+03 3.158661184267342779e+36
6.950399999999999636e+03 3.147283728965050141e+36
6.953010000000000218e+03 3.159511684367384008e+36
6.955609999999999673e+03 3.152779096732240460e+36
6.958220000000000255e+03 3.120318420025965611e+36
6.960829999999999927e+03 3.110551893891696634e+36
6.963439999999999600e+03 3.126130111956615606e+36
6.966050000000000182e+03 3.127682319921108483e+36
6.968659999999999854e+03 3.122617198562973239e+36
6.971279999999999745e+03 3.143934948107625708e+36
6.973890000000000327e+03 3.166441015116957400e+36
6.976510000000000218e+03 3.169906051033111486e+36
6.979119999999999891e+03 3.183565607338787126e+36
6.981739999999999782e+03 3.221627640246394688e+36
6.984359999999999673e+03 3.281826622149257881e+36
6.986979999999999563e+03 3.323602352902990201e+36
6.989600000000000364e+03 3.331634342602980539e+36
6.992220000000000255e+03 3.348158672730389807e+36
6.994840000000000146e+03 3.438163680063408809e+36
6.997460000000000036e+03 3.551236190754866153e+36
7.000090000000000146e+03 3.578674433284078474e+36
7.002710000000000036e+03 3.588497847361871014e+36
7.005340000000000146e+03 3.703466782886320408e+36
7.007970000000000255e+03 3.899695224808331077e+36
7.010590000000000146e+03 3.993459012474979936e+36
7.013220000000000255e+03 3.978080743729000093e+36
7.015850000000000364e+03 4.068684924855584211e+36
7.018479999999999563e+03 4.252776040529995595e+36
7.021119999999999891e+03 4.427265047278915937e+36
7.023750000000000000e+03 4.538474082590192920e+36
7.026380000000000109e+03 4.614517755840045346e+36
7.029020000000000437e+03 4.762632088321551493e+36
7.031649999999999636e+03 4.983126798649597470e+36
7.034289999999999964e+03 5.186501791265684186e+36
7.036930000000000291e+03 5.278785092611777899e+36
7.039569999999999709e+03 5.339052267766159512e+36
7.042210000000000036e+03 5.578784664080490801e+36
7.044850000000000364e+03 5.911206268200715269e+36
7.047489999999999782e+03 6.110064267750807555e+36
7.050130000000000109e+03 6.270013626773936349e+36
7.052779999999999745e+03 6.455005579186111509e+36
7.055420000000000073e+03 6.665336419627564603e+36
7.058069999999999709e+03 7.032681909881081173e+36
7.060710000000000036e+03 7.337910235622594901e+36
7.063359999999999673e+03 7.384381210871148504e+36
7.066010000000000218e+03 7.564772639568362331e+36
7.068659999999999854e+03 7.961791658377758099e+36
7.071310000000000400e+03 8.269580778180369652e+36
7.073960000000000036e+03 8.461748800586917915e+36
7.076619999999999891e+03 8.784435953229532356e+36
7.079270000000000437e+03 9.175735125303721446e+36
7.081920000000000073e+03 9.440100739356563873e+36
7.084579999999999927e+03 9.582767421701733398e+36
7.087239999999999782e+03 9.759989180464865013e+36
7.089890000000000327e+03 1.027017233978451808e+37
7.092550000000000182e+03 1.073635133915679695e+37
7.095210000000000036e+03 1.084623177605961953e+37
7.097869999999999891e+03 1.101200857369158096e+37
7.100529999999999745e+03 1.141819396253627594e+37
7.103199999999999818e+03 1.182556290496626850e+37
7.105859999999999673e+03 1.215774515397889155e+37
7.108529999999999745e+03 1.237575379524839854e+37
7.111189999999999600e+03 1.253004229377174392e+37
7.113859999999999673e+03 1.283514081233375369e+37
7.116529999999999745e+03 1.326804593414645938e+37
7.119189999999999600e+03 1.363901104258028686e+37
7.121859999999999673e+03 1.392299165725536589e+37
7.124529999999999745e+03 1.417961618266950695e+37
7.127210000000000036e+03 1.445041447560908242e+37
7.129880000000000109e+03 1.470061063419901390e+37
7.132550000000000182e+03 1.481432263328741654e+37
7.135229999999999563e+03 1.492471498590431562e+37
7.137899999999999636e+03 1.514997266792303513e+37
7.140579999999999927e+03 1.541096938359549934e+37
7.143260000000000218e+03 1.560405647437107915e+37
7.145939999999999600e+03 1.575751452448198655e+37
7.148619999999999891e+03 1.597575932094861357e+37
7.151300000000000182e+03 1.613932218322187755e+37
7.153979999999999563e+03 1.592630014914314835e+37
7.156659999999999854e+03 1.554238574726450875e+37
7.159350000000000364e+03 1.562875465224520764e+37
7.162029999999999745e+03 1.596951163139117867e+37
7.164720000000000255e+03 1.601450235283012506e+37
7.167399999999999636e+03 1.569141932957327189e+37
7.170090000000000146e+03 1.531861325443064667e+37
7.172779999999999745e+03 1.508343895419135846e+37
7.175470000000000255e+03 1.491257357204958107e+37
7.178159999999999854e+03 1.476394714562571937e+37
7.180850000000000364e+03 1.458607864603390363e+37
7.183539999999999964e+03 1.437701052676627861e+37
7.186239999999999782e+03 1.408004597188272009e+37
7.188930000000000291e+03 1.360295014810613874e+37
7.191630000000000109e+03 1.330986266496007435e+37
7.194329999999999927e+03 1.323436422295589488e+37
7.197020000000000437e+03 1.294795937795624559e+37
7.199720000000000255e+03 1.256418282809136118e+37
7.202420000000000073e+03 1.229033261790272279e+37
7.205119999999999891e+03 1.201776007508835608e+37
7.207829999999999927e+03 1.167729465499151122e+37
7.210529999999999745e+03 1.138044269441811165e+37
7.213229999999999563e+03 1.100543132119972552e+37
7.215939999999999600e+03 1.059514169485739718e+37
7.218640000000000327e+03 1.034082928517046410e+37
7.221350000000000364e+03 1.020111625299950780e+37
7.224060000000000400e+03 1.006459446635489636e+37
7.226770000000000437e+03 9.874057153019198813e+36
7.229479999999999563e+03 9.546842624474915122e+36
7.232189999999999600e+03 9.147327297557982200e+36
7.234899999999999636e+03 8.793858066947829022e+36
7.237609999999999673e+03 8.568001256761551184e+36
7.240329999999999927e+03 8.467925708643963316e+36
7.243039999999999964e+03 8.315050828707398267e+36
7.245760000000000218e+03 7.992414001889571610e+36
7.248479999999999563e+03 7.687663274823183026e+36
7.251189999999999600e+03 7.539317153171475267e+36
7.253909999999999854e+03 7.352037151901752954e+36
7.256630000000000109e+03 7.155175712476946177e+36
7.259350000000000364e+03 7.080034452808512581e+36
7.262079999999999927e+03 6.950789692645120715e+36
7.264800000000000182e+03 6.666514840018460363e+36
7.267520000000000437e+03 6.480550745901880187e+36
7.270250000000000000e+03 6.404254296038852856e+36
7.272979999999999563e+03 6.308121052849664037e+36
7.275699999999999818e+03 6.194463830074342725e+36
7.278430000000000291e+03 6.078199656414441417e+36
7.281159999999999854e+03 5.951545749180830740e+36
7.283890000000000327e+03 5.827494011803607324e+36
7.286619999999999891e+03 5.728363393628133861e+36
7.289359999999999673e+03 5.633336871973879103e+36
7.292090000000000146e+03 5.566310332452806461e+36
7.294819999999999709e+03 5.570581444333859247e+36
7.297560000000000400e+03 5.579779365260995232e+36
7.300300000000000182e+03 5.501843510651122677e+36
7.303029999999999745e+03 5.428384205400602978e+36
7.305770000000000437e+03 5.408265628026855509e+36
7.308510000000000218e+03 5.380400472327448126e+36
7.311250000000000000e+03 5.363370419681884091e+36
7.313989999999999782e+03 5.341530332613214189e+36
7.316739999999999782e+03 5.312396843121970888e+36
7.319479999999999563e+03 5.311972448655670894e+36
7.322229999999999563e+03 5.302722786415598303e+36
7.324970000000000255e+03 5.270002466054765619e+36
7.327720000000000255e+03 5.220669141431753029e+36
7.330470000000000255e+03 5.181788791701262895e+36
7.333220000000000255e+03 5.164969337283192535e+36
7.335970000000000255e+03 5.204364870617706620e+36
7.338720000000000255e+03 5.256752534192382540e+36
7.341470000000000255e+03 5.274057183010065924e+36
7.344220000000000255e+03 5.320344472854205985e+36
7.346979999999999563e+03 5.354454486696014445e+36
7.349729999999999563e+03 5.356470776139350888e+36
7.352489999999999782e+03 5.344735446151110535e+36
7.355239999999999782e+03 5.318895304292017251e+36
7.358000000000000000e+03 5.345782518763476969e+36
7.360760000000000218e+03 5.478201549784181522e+36
7.363520000000000437e+03 5.584742736831902748e+36
7.366279999999999745e+03 5.558167974371039430e+36
7.369050000000000182e+03 5.525309776980960636e+36
7.371810000000000400e+03 5.605960372116439500e+36
7.374569999999999709e+03 5.742942265257395985e+36
7.377340000000000146e+03 5.838063636917698831e+36
7.380100000000000364e+03 5.882165253100365388e+36
7.382869999999999891e+03 5.917187494794819609e+36
7.385640000000000327e+03 5.922689525125319648e+36
7.388409999999999854e+03 5.928751226283490190e+36
7.391180000000000291e+03 6.009987515602524889e+36
7.393949999999999818e+03 6.113894770460904500e+36
7.396729999999999563e+03 6.175615694127818661e+36
7.399500000000000000e+03 6.227928347944413205e+36
7.402270000000000437e+03 6.280923689612696938e+36
7.405050000000000182e+03 6.294223288583821620e+36
7.407829999999999927e+03 6.329772317157548245e+36
7.410600000000000364e+03 6.463607949783464924e+36
7.413380000000000109e+03 6.571039071348520444e+36
7.416159999999999854e+03 6.538860540409613544e+36
7.418939999999999600e+03 6.495177003279890464e+36
7.421729999999999563e+03 6.547751219862483867e+36
7.424510000000000218e+03 6.610465598174875194e+36
7.427289999999999964e+03 6.615330090353077275e+36
7.430079999999999927e+03 6.637630874525630723e+36
7.432869999999999891e+03 6.695444992233472198e+36
7.435649999999999636e+03 6.699166628035110723e+36
7.438439999999999600e+03 6.691834865183866484e+36
7.441229999999999563e+03 6.766718254601861731e+36
7.444020000000000437e+03 6.851156856617862455e+36
7.446810000000000400e+03 6.841407516450598880e+36
7.449609999999999673e+03 6.784549868123641793e+36
7.452399999999999636e+03 6.760838103396708343e+36
7.455189999999999600e+03 6.789362656170613839e+36
7.457989999999999782e+03 6.797148461913700320e+36
7.460789999999999964e+03 6.744354035100233807e+36
7.463579999999999927e+03 6.718775737895885001e+36
7.466380000000000109e+03 6.718265960488256767e+36
7.469180000000000291e+03 6.682616306896062695e+36
7.471979999999999563e+03 6.593942069307350445e+36
7.474789999999999964e+03 6.487527958063980055e+36
7.477590000000000146e+03 6.430616218009678100e+36
7.480390000000000327e+03 6.388819799443920519e+36
7.483199999999999818e+03 6.301031148767757014e+36
7.486000000000000000e+03 6.233405359585644198e+36
7.488810000000000400e+03 6.206966278833248703e+36
7.491619999999999891e+03 6.111189609160528215e+36
7.494430000000000291e+03 5.968038358483988016e+36
7.497239999999999782e+03 5.892773731957549984e+36
7.500050000000000182e+03 5.845487076233301058e+36
7.502859999999999673e+03 5.785154218604924373e+36
7.505680000000000291e+03 5.724018972673896514e+36
7.508489999999999782e+03 5.621213055422827152e+36
7.511310000000000400e+03 5.520757999512296856e+36
7.514119999999999891e+03 5.459084288264174232e+36
7.516939999999999600e+03 5.414410546001949747e+36
7.519760000000000218e+03 5.327238700954785165e+36
7.522579999999999927e+03 5.154233117478798933e+36
7.525399999999999636e+03 5.028592995614100470e+36
7.528220000000000255e+03 5.048520424158545800e+36
7.531050000000000182e+03 5.060025891972818620e+36
7.533869999999999891e+03 4.932063282666659524e+36
7.536699999999999818e+03 4.744114492376481403e+36
7.539520000000000437e+03 4.679992854794888197e+36
7.542350000000000364e+03 4.674692451352230723e+36
7.545180000000000291e+03 4.542830178651806616e+36
7.548010000000000218e+03 4.363601248898342703e+36
7.550840000000000146e+03 4.310249945474358245e+36
7.553670000000000073e+03 4.335637916346266762e+36
7.556500000000000000e+03 4.231952061312948735e+36
7.559340000000000146e+03 4.062350875130917186e+36
7.562170000000000073e+03 3.981257192684461123e+36
7.565010000000000218e+03 3.950569098162033996e+36
7.567840000000000146e+03 3.896813593539971217e+36
7.570680000000000291e+03 3.800029875657974983e+36
7.573520000000000437e+03 3.695018381625655434e+36
7.576359999999999673e+03 3.623967652993208536e+36
7.579199999999999818e+03 3.570580258717510347e+36
7.582039999999999964e+03 3.511650346463481929e+36
7.584890000000000327e+03 3.476111149930608019e+36
7.587729999999999563e+03 3.438646424653161748e+36
7.590579999999999927e+03 3.368806014585720109e+36
7.593420000000000073e+03 3.300353984086635372e+36
7.596270000000000437e+03 3.256273167213764389e+36
7.599119999999999891e+03 3.248166247679421403e+36
7.601970000000000255e+03 3.231306331366340823e+36
7.604819999999999709e+03 3.206495098868186303e+36
7.607670000000000073e+03 3.179719762021973847e+36
7.610520000000000437e+03 3.120186417203357659e+36
7.613380000000000109e+03 3.100036168832566971e+36
7.616229999999999563e+03 3.158992635973388650e+36
7.619090000000000146e+03 3.185408536629213939e+36
7.621949999999999818e+03 3.136397210131195907e+36
7.624800000000000182e+03 3.069898683168849303e+36
7.627659999999999854e+03 3.081252991822167361e+36
7.630520000000000437e+03 3.152284300519671561e+36
7.633390000000000327e+03 3.159069611920668921e+36
7.636250000000000000e+03 3.105582497074000261e+36
7.639109999999999673e+03 3.092974612906928055e+36
7.641979999999999563e+03 3.120717690329631810e+36
7.644840000000000146e+03 3.130209198911303670e+36
7.647710000000000036e+03 3.136365972580659333e+36
7.650579999999999927e+03 3.144782385473191957e+36
7.653449999999999818e+03 3.159070109797453251e+36
7.656319999999999709e+03 3.199386683079730170e+36
7.659189999999999600e+03 3.231373142984218788e+36
7.662060000000000400e+03 3.200313747759833749e+36
7.664930000000000291e+03 3.157707008946609531e+36
7.667810000000000400e+03 3.162742486674501828e+36
7.670680000000000291e+03 3.198911895878439331e+36
7.673560000000000400e+03 3.228652903906514715e+36
7.676439999999999600e+03 3.232606708821747896e+36
7.679319999999999709e+03 3.248401415128199752e+36
7.682199999999999818e+03 3.283562967728233863e+36
7.685079999999999927e+03 3.293441336637732642e+36
7.687960000000000036e+03 3.256332079470352820e+36
7.690840000000000146e+03 3.251664495539219700e+36
7.693720000000000255e+03 3.288409301956254247e+36
7.696609999999999673e+03 3.287689458467483268e+36
7.699500000000000000e+03 3.252272935631438773e+36
7.702380000000000109e+03 3.232970574445252939e+36
7.705270000000000437e+03 3.219875441239739147e+36
7.708159999999999854e+03 3.198439219966274608e+36
7.711050000000000182e+03 3.177005354252743679e+36
7.713939999999999600e+03 3.169256838895408293e+36
7.716840000000000146e+03 3.152926413816876882e+36
7.719729999999999563e+03 3.098718182231665796e+36
7.722630000000000109e+03 3.038055578683268664e+36
7.725520000000000437e+03 2.994504696708301053e+36
7.728420000000000073e+03 2.955871811490553267e+36
7.731319999999999709e+03 2.895537917739794513e+36
7.734220000000000255e+03 2.826797778428541300e+36
7.737119999999999891e+03 2.780320588890142111e+36
7.740020000000000437e+03 2.733427539947358092e+36
7.742920000000000073e+03 2.665014158314721370e+36
7.745819999999999709e+03 2.593176615299823228e+36
7.748729999999999563e+03 2.503629821996027195e+36
7.751630000000000109e+03 2.415174034102623194e+36
7.754539999999999964e+03 2.342278238171306753e+36
7.757449999999999818e+03 2.272946378272649960e+36
7.760359999999999673e+03 2.221209331705222576e+36
7.763270000000000437e+03 2.188317359332243488e+36
7.766180000000000291e+03 2.126848463097714916e+36
7.769090000000000146e+03 2.040947068921458339e+36
7.772000000000000000e+03 1.967824004700149153e+36
7.774920000000000073e+03 1.898032087548269591e+36
7.777829999999999927e+03 1.818769380949821636e+36
7.780750000000000000e+03 1.732370769432680670e+36
7.783670000000000073e+03 1.655505913379220106e+36
7.786590000000000146e+03 1.594110871004899429e+36
7.789510000000000218e+03 1.555387643912412530e+36
7.792430000000000291e+03 1.538164117652622246e+36
7.795350000000000364e+03 1.480062176311543684e+36
7.798270000000000437e+03 1.369992134592745701e+36
7.801199999999999818e+03 1.302086714174008283e+36
7.804119999999999891e+03 1.280779369743465979e+36
7.807050000000000182e+03 1.237534171553074063e+36
7.809979999999999563e+03 1.168083879239103403e+36
7.812909999999999854e+03 1.124387511752468024e+36
7.815840000000000146e+03 1.100103805796565702e+36
7.818770000000000437e+03 1.045331139574651854e+36
7.821699999999999818e+03 9.906841661389026295e+35
7.824630000000000109e+03 9.588731304698924395e+35
7.827569999999999709e+03 9.280505470340071450e+35
7.830500000000000000e+03 8.949795877018460740e+35
7.833439999999999600e+03 8.661940675850124929e+35
7.836380000000000109e+03 8.382389068772080028e+35
7.839319999999999709e+03 8.025812238109051650e+35
7.842260000000000218e+03 7.657405345384028756e+35
7.845199999999999818e+03 7.449054866615726013e+35
7.848140000000000327e+03 7.285368944389276758e+35
7.851079999999999927e+03 7.038036648462912322e+35
7.854029999999999745e+03 6.760714744531729470e+35
7.856970000000000255e+03 6.485233016973772503e+35
7.859920000000000073e+03 6.259603236847119389e+35
7.862859999999999673e+03 6.091317957714953298e+35
7.865810000000000400e+03 5.928238577672216178e+35
7.868760000000000218e+03 5.781565831383977114e+35
7.871710000000000036e+03 5.660821329172456726e+35
7.874670000000000073e+03 5.479644759196422061e+35
7.877619999999999891e+03 5.295145726140786288e+35
7.880569999999999709e+03 5.191655294711595850e+35
7.883529999999999745e+03 5.099076276400004720e+35
7.886479999999999563e+03 5.017578344071242338e+35
7.889439999999999600e+03 4.977353887176477468e+35
7.892399999999999636e+03 4.928981612116475978e+35
7.895359999999999673e+03 4.862028811615660417e+35
7.898319999999999709e+03 4.813115568555635627e+35
7.901279999999999745e+03 4.848213358388599610e+35
7.904250000000000000e+03 4.889418123305803727e+35
7.907210000000000036e+03 4.833919997573071831e+35
7.910170000000000073e+03 4.820777753540664762e+35
7.913140000000000327e+03 4.943285713789518647e+35
7.916109999999999673e+03 5.050474342967215078e+35
7.919079999999999927e+03 5.115302420162484967e+35
7.922050000000000182e+03 5.196739911171288569e+35
7.925020000000000437e+03 5.306975109025907442e+35
7.927989999999999782e+03 5.523135332405925955e+35
7.930960000000000036e+03 5.718707450312810272e+35
7.933939999999999600e+03 5.773069042469175742e+35
7.936909999999999854e+03 5.777342906170793395e+35
7.939890000000000327e+03 6.000300002088661877e+35
7.942869999999999891e+03 6.424161578055132940e+35
7.945840000000000146e+03 6.589931175598930265e+35
7.948819999999999709e+03 6.528673464452394110e+35
7.951800000000000182e+03 6.615185694387347172e+35
7.954789999999999964e+03 6.976725770304707251e+35
7.957770000000000437e+03 7.337308001250534694e+35
7.960750000000000000e+03 7.543371360535770405e+35
7.963739999999999782e+03 7.788364782774822152e+35
7.966729999999999563e+03 8.007868408358560991e+35
7.969710000000000036e+03 8.202474217856472619e+35
7.972699999999999818e+03 8.481730689034842242e+35
7.975689999999999600e+03 8.633099537156114732e+35
7.978680000000000291e+03 8.711265075544813592e+35
7.981670000000000073e+03 8.948226051526369176e+35
7.984670000000000073e+03 9.233413322352928925e+35
7.987659999999999854e+03 9.456069641582714945e+35
7.990659999999999854e+03 9.658551601381672173e+35
7.993649999999999636e+03 9.901914667353768522e+35
7.996649999999999636e+03 1.014523903885345386e+36
7.999649999999999636e+03 1.035482293879336256e+36
8.002649999999999636e+03 1.059753659814351690e+36
8.005649999999999636e+03 1.085513277092729907e+36
8.008649999999999636e+03 1.105765116748344508e+36
8.011659999999999854e+03 1.118422054053837344e+36
8.014659999999999854e+03 1.122140363688148337e+36
8.017670000000000073e+03 1.125906311771452431e+36
8.020670000000000073e+03 1.149153719035619543e+36
8.023680000000000291e+03 1.173292613539859200e+36
8.026689999999999600e+03 1.169364846184900967e+36
8.029699999999999818e+03 1.154566194970734326e+36
8.032710000000000036e+03 1.170382706099392177e+36
8.035720000000000255e+03 1.211697010491203820e+36
8.038739999999999782e+03 1.220857036871056052e+36
8.041750000000000000e+03 1.200541065680378723e+36
8.044770000000000437e+03 1.191393851949666711e+36
8.047779999999999745e+03 1.194660397682988482e+36
8.050800000000000182e+03 1.190978508862276005e+36
8.053819999999999709e+03 1.177038757383071895e+36
8.056840000000000146e+03 1.170550107687113924e+36
8.059859999999999673e+03 1.173152837955630858e+36
8.062880000000000109e+03 1.183106748216934533e+36
8.065909999999999854e+03 1.189198532776863059e+36
8.068930000000000291e+03 1.162410539526492564e+36
8.071960000000000036e+03 1.127604002552904291e+36
8.074979999999999563e+03 1.124612925192550747e+36
8.078010000000000218e+03 1.135523007159257365e+36
8.081039999999999964e+03 1.124623396415646320e+36
8.084069999999999709e+03 1.103968244119758840e+36
8.087100000000000364e+03 1.103439538500245406e+36
8.090140000000000327e+03 1.107438990313632262e+36
8.093170000000000073e+03 1.093820850253248162e+36
8.096210000000000036e+03 1.072457253255340027e+36
8.099239999999999782e+03 1.062089631890927050e+36
8.102279999999999745e+03 1.053571625773744405e+36
8.105319999999999709e+03 1.030578764554200653e+36
8.108359999999999673e+03 1.015629582323553115e+36
8.111399999999999636e+03 1.012238307205766023e+36
8.114439999999999600e+03 1.000442422930751598e+36
8.117479999999999563e+03 9.685143014034145767e+35
8.120529999999999745e+03 9.383340026674804716e+35
8.123569999999999709e+03 9.282570839623937129e+35
8.126619999999999891e+03 9.150127059631924018e+35
8.129659999999999854e+03 8.894270576389859693e+35
8.132710000000000036e+03 8.736182936026800404e+35
8.135760000000000218e+03 8.541104078279435967e+35
8.138810000000000400e+03 8.154879199038460135e+35
8.141869999999999891e+03 7.879231205057276636e+35
8.144920000000000073e+03 7.751166206952783745e+35
8.147970000000000255e+03 7.584769937493394142e+35
8.151029999999999745e+03 7.375562763161923250e+35
8.154090000000000146e+03 7.155604711354226456e+35
8.157140000000000327e+03 6.906778678714015643e+35
8.160199999999999818e+03 6.780377434963250278e+35
8.163260000000000218e+03 6.760207038308146009e+35
8.166319999999999709e+03 6.510541869430253691e+35
8.169390000000000327e+03 6.138274375262546305e+35
8.172449999999999818e+03 6.034132936341857194e+35
8.175510000000000218e+03 6.045435763122877540e+35
8.178579999999999927e+03 5.888235315596979680e+35
8.181649999999999636e+03 5.714829233441446627e+35
8.184720000000000255e+03 5.589927299915781307e+35
8.187779999999999745e+03 5.497491639792462095e+35
8.190859999999999673e+03 5.502241834926419970e+35
8.193930000000000291e+03 5.444114825797186203e+35
8.197000000000000000e+03 5.167774323930321966e+35
8.200069999999999709e+03 5.050871822580364407e+35
8.203149999999999636e+03 5.245817267927890903e+35
8.206219999999999345e+03 5.233029413166271555e+35
8.209299999999999272e+03 4.991323683798154778e+35
8.212379999999999200e+03 4.899109095044208057e+35
8.215459999999999127e+03 4.837637906382289507e+35
8.218540000000000873e+03 4.746777717381464876e+35
8.221620000000000800e+03 4.818782047274087871e+35
8.224709999999999127e+03 4.912216406326894864e+35
8.227790000000000873e+03 4.789689743023908637e+35
8.230879999999999200e+03 4.646167061670777478e+35
8.233959999999999127e+03 4.590456639366375432e+35
8.237049999999999272e+03 4.627512252145976224e+35
8.240139999999999418e+03 4.711488941414536871e+35
8.243229999999999563e+03 4.713270800435781204e+35
8.246319999999999709e+03 4.706338787934608611e+35
8.249409999999999854e+03 4.777797548950895576e+35
8.252510000000000218e+03 4.842464837108294826e+35
8.255600000000000364e+03 4.942137589152921091e+35
8.258700000000000728e+03 5.017492321832593073e+35
8.261790000000000873e+03 4.919376293250497009e+35
8.264889999999999418e+03 4.878901016797252389e+35
8.267989999999999782e+03 5.100438374862771031e+35
8.271090000000000146e+03 5.244352439369544850e+35
8.274190000000000509e+03 5.155704240322011392e+35
8.277299999999999272e+03 5.122762266065407039e+35
8.280399999999999636e+03 5.250194258867201207e+35
8.283510000000000218e+03 5.365383659117566906e+35
8.286610000000000582e+03 5.431923177520791401e+35
8.289719999999999345e+03 5.463626214786920799e+35
8.292829999999999927e+03 5.470877221021851311e+35
8.295940000000000509e+03 5.586783994314518306e+35
8.299049999999999272e+03 5.779897764840473689e+35
8.302159999999999854e+03 5.899324445977176131e+35
8.305270000000000437e+03 5.890759944871402386e+35
8.308389999999999418e+03 5.988661678006876933e+35
8.311500000000000000e+03 6.102916955718178692e+35
8.314620000000000800e+03 6.077579845975224662e+35
8.317739999999999782e+03 6.137786768407350976e+35
8.320860000000000582e+03 6.310372218261356433e+35
8.323979999999999563e+03 6.379122513403475948e+35
8.327100000000000364e+03 6.451839313168982847e+35
8.330219999999999345e+03 6.655078485537303172e+35
8.333350000000000364e+03 6.759778955476279330e+35
8.336469999999999345e+03 6.695299444594896119e+35
8.339600000000000364e+03 6.759290435704498222e+35
8.342719999999999345e+03 6.963423323070048877e+35
8.345850000000000364e+03 7.237641933889037025e+35
8.348979999999999563e+03 7.427674770317260501e+35
8.352110000000000582e+03 7.473949278406428876e+35
8.355250000000000000e+03 7.590411946018236665e+35
8.358379999999999200e+03 7.762635132891910701e+35
8.361510000000000218e+03 7.861009080771789890e+35
8.364649999999999636e+03 7.919599049333552106e+35
8.367790000000000873e+03 8.037083495444697492e+35
8.370920000000000073e+03 8.168882028411281539e+35
8.374059999999999491e+03 8.352587399593205189e+35
8.377200000000000728e+03 8.436807574302538580e+35
8.380340000000000146e+03 8.437579455539145850e+35
8.383489999999999782e+03 8.673512820649825323e+35
8.386629999999999200e+03 8.891258034357005144e+35
8.389780000000000655e+03 8.853621546456925823e+35
8.392920000000000073e+03 8.941741966267756036e+35
8.396069999999999709e+03 9.311785086413905332e+35
8.399219999999999345e+03 9.612874154519210624e+35
8.402370000000000800e+03 9.604359518430135065e+35
8.405520000000000437e+03 9.639596424970890017e+35
8.408670000000000073e+03 9.984233160890341520e+35
8.411819999999999709e+03 1.025869101104820885e+36
8.414979999999999563e+03 1.026933281070618164e+36
8.418129999999999200e+03 1.043812924275598626e+36
8.421290000000000873e+03 1.094965006024841236e+36
8.424450000000000728e+03 1.170066612468486617e+36
8.427610000000000582e+03 1.240146648787122134e+36
8.430770000000000437e+03 1.249377258251067995e+36
8.433930000000000291e+03 1.250712254897089557e+36
8.437090000000000146e+03 1.322331959780477446e+36
8.440260000000000218e+03 1.413245569472591510e+36
8.443420000000000073e+03 1.454957282505873847e+36
8.446590000000000146e+03 1.496137029639709040e+36
8.449760000000000218e+03 1.567710523922549889e+36
8.452920000000000073e+03 1.637960994160415125e+36
8.456090000000000146e+03 1.713601595600526013e+36
8.459260000000000218e+03 1.809855677643029259e+36
8.462440000000000509e+03 1.909248778666358521e+36
8.465610000000000582e+03 1.962991897382354709e+36
8.468780000000000655e+03 2.023242546405700479e+36
8.471959999999999127e+03 2.141819941527665231e+36
8.475139999999999418e+03 2.238627148602114951e+36
8.478319999999999709e+03 2.289941473610833590e+36
8.481500000000000000e+03 2.366653640827302054e+36
8.484680000000000291e+03 2.465489460742484193e+36
8.487860000000000582e+03 2.538330492718873183e+36
8.491040000000000873e+03 2.618921409599001581e+36
8.494219999999999345e+03 2.685094018262644606e+36
8.497409999999999854e+03 2.713807102433511873e+36
8.500600000000000364e+03 2.826926664936254942e+36
8.503780000000000655e+03 2.970207435135626126e+36
8.506969999999999345e+03 3.025332258775760444e+36
8.510159999999999854e+03 3.133107293973708620e+36
8.513350000000000364e+03 3.257445406137288694e+36
8.516549999999999272e+03 3.303438715374743758e+36
8.519739999999999782e+03 3.306615715602020735e+36
8.522940000000000509e+03 3.403607105823116298e+36
8.526129999999999200e+03 3.617308294990818432e+36
8.529329999999999927e+03 3.732809790714461671e+36
8.532530000000000655e+03 3.739868991661090660e+36
8.535729999999999563e+03 3.762399929625500650e+36
8.538930000000000291e+03 3.872393722075408790e+36
8.542129999999999200e+03 4.034198485687855371e+36
8.545329999999999927e+03 4.175593427429970650e+36
8.548540000000000873e+03 4.257684493685325784e+36
8.551739999999999782e+03 4.326863282060621191e+36
8.554950000000000728e+03 4.405649784153451313e+36
8.558159999999999854e+03 4.510671298326606603e+36
8.561370000000000800e+03 4.596765357281066318e+36
8.564579999999999927e+03 4.634825979530413924e+36
8.567790000000000873e+03 4.702223130947542780e+36
8.571000000000000000e+03 4.783494723056030865e+36
8.574219999999999345e+03 4.832887848450610483e+36
8.577430000000000291e+03 4.902117629698252251e+36
8.580649999999999636e+03 4.987070189876353605e+36
8.583870000000000800e+03 5.014886205622474727e+36
8.587090000000000146e+03 5.036047231922869325e+36
8.590309999999999491e+03 5.097500916561649152e+36
8.593530000000000655e+03 5.189432456502308955e+36
8.596750000000000000e+03 5.260028716332354677e+36
8.599969999999999345e+03 5.292856320002597069e+36
8.603200000000000728e+03 5.330674380631599797e+36
8.606430000000000291e+03 5.359621831835322164e+36
8.609649999999999636e+03 5.368141474935538491e+36
8.612879999999999200e+03 5.393909117534427008e+36
8.616110000000000582e+03 5.384841765747447263e+36
8.619340000000000146e+03 5.336325125873566180e+36
8.622569999999999709e+03 5.340503090348080939e+36
8.625809999999999491e+03 5.372872831797573061e+36
8.629040000000000873e+03 5.326689692423492005e+36
8.632280000000000655e+03 5.234222230326939705e+36
8.635520000000000437e+03 5.192272231153386187e+36
8.638750000000000000e+03 5.186949292740791151e+36
8.641989999999999782e+03 5.161044131650454238e+36
8.645229999999999563e+03 5.111562278760621786e+36
8.648479999999999563e+03 5.042239079549710116e+36
8.651719999999999345e+03 5.012355412058019768e+36
8.654959999999999127e+03 4.984971837810814189e+36
8.658209999999999127e+03 4.827724038259464706e+36
8.661459999999999127e+03 4.667458715163376834e+36
8.664700000000000728e+03 4.643857354315427237e+36
8.667950000000000728e+03 4.652041923055549882e+36
8.671200000000000728e+03 4.630613053328356577e+36
8.674459999999999127e+03 4.656982178255102576e+36
8.677709999999999127e+03 4.669749483154173132e+36
8.680959999999999127e+03 4.601186837677253453e+36
8.684219999999999345e+03 4.517573103611585522e+36
8.687469999999999345e+03 4.446363430057323699e+36
8.690729999999999563e+03 4.418030636624947378e+36
8.693989999999999782e+03 4.404752375928698648e+36
8.697250000000000000e+03 4.338824416323681067e+36
8.700510000000000218e+03 4.239675194805425509e+36
8.703780000000000655e+03 4.192475459642339118e+36
8.707040000000000873e+03 4.247124362515636401e+36
8.710299999999999272e+03 4.245288943744888453e+36
8.713569999999999709e+03 4.074222812355444017e+36
8.716840000000000146e+03 3.981884429777204923e+36
8.720110000000000582e+03 4.046042179440420399e+36
8.723379999999999200e+03 4.070054002113829094e+36
8.726649999999999636e+03 4.001314414993802346e+36
8.729920000000000073e+03 3.972330012428408090e+36
8.733200000000000728e+03 3.980033570121032274e+36
8.736469999999999345e+03 3.920681224368811282e+36
8.739750000000000000e+03 3.900645390137412866e+36
8.743020000000000437e+03 3.942036830099132139e+36
8.746299999999999272e+03 3.912734809112082521e+36
8.749579999999999927e+03 3.896824146803514242e+36
8.752860000000000582e+03 3.965361021701378810e+36
8.756149999999999636e+03 3.975059194581414670e+36
8.759430000000000291e+03 3.971096876400924364e+36
8.762709999999999127e+03 4.033019431764974534e+36
8.766000000000000000e+03 4.084439978259078308e+36
8.769290000000000873e+03 4.061816254124917468e+36
8.772579999999999927e+03 4.041125692527207996e+36
8.775870000000000800e+03 4.142298458389902627e+36
8.779159999999999854e+03 4.298999216439880752e+36
8.782450000000000728e+03 4.410825194534205831e+36
8.785739999999999782e+03 4.461274016430714477e+36
8.789040000000000873e+03 4.503993998332284233e+36
8.792329999999999927e+03 4.611299476148682773e+36
8.795629999999999200e+03 4.707170156889824066e+36
8.798930000000000291e+03 4.690840018630832305e+36
8.802229999999999563e+03 4.695897744242917403e+36
8.805530000000000655e+03 4.846674505995157033e+36
8.808829999999999927e+03 4.997628813429249994e+36
8.812129999999999200e+03 5.099054256763892767e+36
8.815440000000000509e+03 5.155201463074444635e+36
8.818739999999999782e+03 5.191234751718884133e+36
8.822049999999999272e+03 5.347797213877258254e+36
8.825360000000000582e+03 5.540101899454141550e+36
8.828670000000000073e+03 5.491522431454546459e+36
8.831979999999999563e+03 5.373695712615002163e+36
8.835290000000000873e+03 5.536728426065426808e+36
8.838600000000000364e+03 5.832102202397742661e+36
8.841920000000000073e+03 5.896479030410571955e+36
8.845229999999999563e+03 5.830677961474491048e+36
8.848549999999999272e+03 5.845200765836788003e+36
8.851870000000000800e+03 5.902281793238823966e+36
8.855190000000000509e+03 5.938668485622013934e+36
8.858510000000000218e+03 5.981990031947243614e+36
8.861829999999999927e+03 6.018355427233414539e+36
8.865159999999999854e+03 5.881878447492536930e+36
8.868479999999999563e+03 5.830269421416298827e+36
8.871809999999999491e+03 6.085553613530599362e+36
8.875129999999999200e+03 6.128268018786052445e+36
8.878459999999999127e+03 5.957052520323677001e+36
8.881790000000000873e+03 5.988833114414754528e+36
8.885120000000000800e+03 6.019167152331537054e+36
8.888450000000000728e+03 5.933631360366411501e+36
8.891790000000000873e+03 5.915742192592838723e+36
8.895120000000000800e+03 6.002853509394707544e+36
8.898459999999999127e+03 6.010329575841898333e+36
8.901790000000000873e+03 6.026615994639357882e+36
8.905129999999999200e+03 6.094102463905236589e+36
8.908469999999999345e+03 6.067340030619750347e+36
8.911809999999999491e+03 5.994133729359727916e+36
8.915149999999999636e+03 5.776118020554682425e+36
8.918500000000000000e+03 5.696575336710462055e+36
8.921840000000000146e+03 5.867054589010258451e+36
8.925190000000000509e+03 5.932471355970431363e+36
8.928530000000000655e+03 5.920843917685489257e+36
8.931879999999999200e+03 5.827145790704076178e+36
8.935229999999999563e+03 5.716856301250309575e+36
8.938579999999999927e+03 5.679531307475992741e+36
8.941930000000000291e+03 5.663647090475552215e+36
8.945290000000000873e+03 5.562936553939065782e+36
8.948639999999999418e+03 5.510799064534984292e+36
8.952000000000000000e+03 5.599554248247091451e+36
8.955350000000000364e+03 5.674137878259305554e+36
8.958709999999999127e+03 5.609619343784090017e+36
8.962069999999999709e+03 5.594278433395759159e+36
8.965430000000000291e+03 5.603976484551900057e+36
8.968790000000000873e+03 5.535342702437392289e+36
8.972159999999999854e+03 5.518823256007203902e+36
8.975520000000000437e+03 5.523238688165752694e+36
8.978889999999999418e+03 5.421264999514886016e+36
8.982260000000000218e+03 5.398804995659389692e+36
8.985620000000000800e+03 5.489222558933135386e+36
8.988989999999999782e+03 5.474692667921900561e+36
8.992360000000000582e+03 5.411524325492888447e+36
8.995739999999999782e+03 5.386011193476970533e+36
8.999110000000000582e+03 5.373369336198506049e+36
9.002479999999999563e+03 5.372313781118186875e+36
9.005860000000000582e+03 5.366257928650089203e+36
9.009239999999999782e+03 5.414229411681786240e+36
9.012620000000000800e+03 5.470423185635235425e+36
9.016000000000000000e+03 5.385526918670164407e+36
9.019379999999999200e+03 5.323402045873798879e+36
9.022760000000000218e+03 5.450104450637229570e+36
9.026139999999999418e+03 5.613910619149731405e+36
9.029530000000000655e+03 5.633852086629793757e+36
9.032909999999999854e+03 5.526604131805383829e+36
9.036299999999999272e+03 5.348418839144371884e+36
9.039690000000000509e+03 5.156447433648140807e+36
9.043079999999999927e+03 5.121094606825741225e+36
9.046469999999999345e+03 5.397558051808800723e+36
9.049860000000000582e+03 5.784483100523452231e+36
9.053260000000000218e+03 5.802775445602074363e+36
9.056649999999999636e+03 5.442781820689835265e+36
9.060049999999999272e+03 5.244527519545685244e+36
9.063450000000000728e+03 5.361238937669692700e+36
9.066840000000000146e+03 5.292738786439408988e+36
9.070239999999999782e+03 5.069530984806712072e+36
9.073649999999999636e+03 5.184525497325260369e+36
9.077049999999999272e+03 5.341727031051450948e+36
9.080450000000000728e+03 5.292251274105362759e+36
9.083860000000000582e+03 5.425929933467368629e+36
9.087260000000000218e+03 5.712772660200205855e+36
9.090670000000000073e+03 5.720712676182890943e+36
9.094079999999999927e+03 5.406708777650911287e+36
9.097489999999999782e+03 5.123483570613043569e+36
9.100899999999999636e+03 5.166127244600071135e+36
9.104319999999999709e+03 5.379808458967495021e+36
9.107729999999999563e+03 5.525919068300901532e+36
9.111139999999999418e+03 5.595544605342533517e+36
9.114559999999999491e+03 5.581346266920096264e+36
9.117979999999999563e+03 5.580024396363808625e+36
9.121399999999999636e+03 5.677489544027078422e+36
9.124819999999999709e+03 5.681712888229244389e+36
9.128239999999999782e+03 5.476705256756391551e+36
9.131659999999999854e+03 5.342180707367792194e+36
9.135090000000000146e+03 5.470880162987715895e+36
9.138510000000000218e+03 5.707694443640902870e+36
9.141940000000000509e+03 5.849166582307591106e+36
9.145370000000000800e+03 5.832777380200015684e+36
9.148799999999999272e+03 5.760610001638607953e+36
9.152229999999999563e+03 5.864039803803029269e+36
9.155659999999999854e+03 6.075983304049525225e+36
9.159090000000000146e+03 6.130996368736241785e+36
9.162530000000000655e+03 6.180542671353871083e+36
9.165969999999999345e+03 6.371849100796384504e+36
9.169399999999999636e+03 6.516282564793167525e+36
9.172840000000000146e+03 6.518989297785071649e+36
9.176280000000000655e+03 6.542571533378916890e+36
9.179719999999999345e+03 6.686761757948105197e+36
9.183159999999999854e+03 6.812577942573636536e+36
9.186610000000000582e+03 6.883815931681702665e+36
9.190049999999999272e+03 7.006429269323411172e+36
9.193500000000000000e+03 7.148612729672239490e+36
9.196950000000000728e+03 7.334813510089265084e+36
9.200399999999999636e+03 7.628728553833877895e+36
9.203850000000000364e+03 7.794807564940937053e+36
9.207299999999999272e+03 7.876385613577377726e+36
9.210750000000000000e+03 8.157030245291808517e+36
9.214200000000000728e+03 8.554925933775949608e+36
9.217659999999999854e+03 8.865888392594902894e+36
9.221120000000000800e+03 9.035584404273667317e+36
9.224569999999999709e+03 9.203165863966561622e+36
9.228030000000000655e+03 9.561177901702103705e+36
9.231489999999999782e+03 9.801121682636141228e+36
9.234959999999999127e+03 9.955008356243202898e+36
9.238420000000000073e+03 1.035000093859343024e+37
9.241879999999999200e+03 1.100203939719844882e+37
9.245350000000000364e+03 1.147081568943935268e+37
9.248819999999999709e+03 1.132069403702676475e+37
9.252280000000000655e+03 1.123231740832514497e+37
9.255750000000000000e+03 1.177344227113966281e+37
9.259219999999999345e+03 1.239687349523520112e+37
9.262700000000000728e+03 1.256881524396908733e+37
9.266170000000000073e+03 1.251498756684607738e+37
9.269649999999999636e+03 1.279761399085870319e+37
9.273120000000000800e+03 1.350096445587243510e+37
9.276600000000000364e+03 1.416951774789590426e+37
9.280079999999999927e+03 1.419583862336982203e+37
9.283559999999999491e+03 1.396860595705383674e+37
9.287040000000000873e+03 1.439771043490697813e+37
9.290520000000000437e+03 1.503082518042187568e+37
9.294010000000000218e+03 1.497523297217767986e+37
9.297489999999999782e+03 1.481596316815610189e+37
9.300979999999999563e+03 1.498436585898484853e+37
9.304469999999999345e+03 1.523195246813932177e+37
9.307950000000000728e+03 1.544618698715649300e+37
9.311440000000000509e+03 1.547700624908960249e+37
9.314940000000000509e+03 1.555790520742861190e+37
9.318430000000000291e+03 1.543083145430507124e+37
9.321920000000000073e+03 1.516647638720853194e+37
9.325420000000000073e+03 1.540526267415671905e+37
9.328920000000000073e+03 1.553074500813610770e+37
9.332420000000000073e+03 1.528529116536044409e+37
9.335909999999999854e+03 1.527972070359763685e+37
9.339420000000000073e+03 1.510158737794823607e+37
9.342920000000000073e+03 1.474653655555352885e+37
9.346420000000000073e+03 1.493374877825262046e+37
9.349930000000000291e+03 1.513711271024201271e+37
9.353430000000000291e+03 1.476963969739743738e+37
9.356940000000000509e+03 1.453924626653181266e+37
9.360450000000000728e+03 1.454523737018078614e+37
9.363959999999999127e+03 1.446182962459802620e+37
9.367469999999999345e+03 1.435685903892164643e+37
9.370979999999999563e+03 1.385341526729534383e+37
9.374500000000000000e+03 1.352069376038463943e+37
9.378010000000000218e+03 1.367811432178947685e+37
9.381530000000000655e+03 1.361739503391407964e+37
9.385049999999999272e+03 1.333375841810621413e+37
9.388569999999999709e+03 1.296791174440229613e+37
9.392090000000000146e+03 1.263604338812801090e+37
9.395610000000000582e+03 1.235966502456971959e+37
9.399129999999999200e+03 1.227910883147732677e+37
9.402659999999999854e+03 1.220477622156973461e+37
9.406180000000000291e+03 1.212316579343486485e+37
9.409709999999999127e+03 1.200492501496087318e+37
9.413239999999999782e+03 1.198253691703250924e+37
9.416770000000000437e+03 1.180505142763654673e+37
9.420299999999999272e+03 1.144522165187423371e+37
9.423829999999999927e+03 1.118501390802720118e+37
9.427370000000000800e+03 1.105526135367473880e+37
9.430899999999999636e+03 1.104806366919290291e+37
9.434440000000000509e+03 1.102322590489259672e+37
9.437979999999999563e+03 1.089738945327536140e+37
9.441520000000000437e+03 1.069983124009095397e+37
9.445059999999999491e+03 1.048753393912999533e+37
9.448600000000000364e+03 1.021326772052997197e+37
9.452139999999999418e+03 9.951246608639874564e+36
9.455690000000000509e+03 9.891161611821149441e+36
9.459229999999999563e+03 9.960828982256805664e+36
9.462780000000000655e+03 9.926282757118571598e+36
9.466329999999999927e+03 9.873840563109284811e+36
9.469879999999999200e+03 9.831257092265394475e+36
9.473430000000000291e+03 9.626638792844895667e+36
9.476979999999999563e+03 9.462408341284491205e+36
9.480540000000000873e+03 9.537515036649185610e+36
9.484090000000000146e+03 9.578875636667581335e+36
9.487649999999999636e+03 9.612144705762193147e+36
9.491209999999999127e+03 9.700756263321729318e+36
9.494770000000000437e+03 9.582617695869206928e+36
9.498329999999999927e+03 9.064458059575490447e+36
9.501889999999999418e+03 8.559336194231568543e+36
9.505450000000000728e+03 8.508872510985954405e+36
9.509020000000000437e+03 9.009174807657292688e+36
9.512579999999999927e+03 9.703249750853108549e+36
9.516149999999999636e+03 9.766075371758267299e+36
9.519719999999999345e+03 9.112323697905454667e+36
9.523290000000000873e+03 8.683607093734474028e+36
9.526860000000000582e+03 8.681174341725810603e+36
9.530430000000000291e+03 8.361399065758302059e+36
9.534000000000000000e+03 8.051105225405796655e+36
9.537579999999999927e+03 8.467228784812450571e+36
9.541159999999999854e+03 8.729515569517478558e+36
9.544729999999999563e+03 8.621681789295220175e+36
9.548309999999999491e+03 8.984842028929636931e+36
9.551889999999999418e+03 9.398124377723259665e+36
9.555479999999999563e+03 9.008772390388989351e+36
9.559059999999999491e+03 8.243179483842185967e+36
9.562639999999999418e+03 7.918326315056555803e+36
9.566229999999999563e+03 8.212456768121254036e+36
9.569819999999999709e+03 8.664752550513613597e+36
9.573409999999999854e+03 8.899370618271361095e+36
9.577000000000000000e+03 9.007616052737182588e+36
9.580590000000000146e+03 8.949999224691140807e+36
9.584180000000000291e+03 8.801063878867522341e+36
9.587770000000000437e+03 8.764039700856951120e+36
9.591370000000000800e+03 8.703988822643193702e+36
9.594969999999999345e+03 8.504134005903444319e+36
9.598559999999999491e+03 8.292316677091505223e+36
9.602159999999999854e+03 8.278105452656399417e+36
9.605760000000000218e+03 8.449223181170061004e+36
9.609370000000000800e+03 8.538548734033208937e+36
9.612969999999999345e+03 8.558750316862139593e+36
9.616579999999999927e+03 8.575400557273381635e+36
9.620180000000000291e+03 8.613953466396322731e+36
9.623790000000000873e+03 8.753641402893643313e+36
9.627399999999999636e+03 8.768526801007152159e+36
9.631010000000000218e+03 8.726885424498279968e+36
9.634620000000000800e+03 8.871093042347166257e+36
9.638229999999999563e+03 8.813126475565067895e+36
9.641850000000000364e+03 8.687558832765286571e+36
9.645459999999999127e+03 8.726117988127823364e+36
9.649079999999999927e+03 8.690854425733677834e+36
9.652700000000000728e+03 8.478441453048998652e+36
9.656319999999999709e+03 8.316079660660427796e+36
9.659940000000000509e+03 8.320786839913700648e+36
9.663559999999999491e+03 8.414395929321617359e+36
9.667190000000000509e+03 8.481479888612790629e+36
9.670809999999999491e+03 8.564507561512512008e+36
9.674440000000000509e+03 8.616534544722532905e+36
9.678069999999999709e+03 8.564219956341044147e+36
9.681690000000000509e+03 8.451978128976327878e+36
9.685329999999999927e+03 8.290542450733619744e+36
9.688959999999999127e+03 8.378318938889205514e+36
9.692590000000000146e+03 8.612235543752280490e+36
9.696229999999999563e+03 8.461126646870963598e+36
9.699860000000000582e+03 8.251345374589324060e+36
9.703500000000000000e+03 8.075653661910032569e+36
9.707139999999999418e+03 8.217691274247350289e+36
9.710780000000000655e+03 8.483817527540423202e+36
9.714420000000000073e+03 8.447599794983007323e+36
9.718059999999999491e+03 8.444936505469420404e+36
9.721709999999999127e+03 8.092169618749281688e+36
9.725350000000000364e+03 7.736577784597355982e+36
9.729000000000000000e+03 8.026848709476036062e+36
9.732649999999999636e+03 8.273286534172537245e+36
9.736299999999999272e+03 8.024761069650659692e+36
9.739950000000000728e+03 7.764548637583478378e+36
9.743600000000000364e+03 8.005336066242920683e+36
9.747250000000000000e+03 8.105901867385137743e+36
9.750909999999999854e+03 7.721146230890161461e+36
9.754569999999999709e+03 7.799383815786646197e+36
9.758219999999999345e+03 8.242925386356776839e+36
9.761879999999999200e+03 8.072911246079688719e+36
9.765540000000000873e+03 7.676494596939272093e+36
9.769209999999999127e+03 7.797577048334722584e+36
9.772870000000000800e+03 7.819481301928232142e+36
9.776540000000000873e+03 7.439944058175603296e+36
9.780200000000000728e+03 7.321952008450059879e+36
9.783870000000000800e+03 7.405043242655536270e+36
9.787540000000000873e+03 7.277910560344879804e+36
9.791209999999999127e+03 7.149046581831064276e+36
9.794879999999999200e+03 7.028868796342581089e+36
9.798549999999999272e+03 6.718216903422351957e+36
9.802229999999999563e+03 6.310440768824205811e+36
9.805899999999999636e+03 6.124192685810356942e+36
9.809579999999999927e+03 6.252177614761354865e+36
9.813260000000000218e+03 6.293210225520634330e+36
9.816940000000000509e+03 5.999206697223739400e+36
9.820620000000000800e+03 5.623419984975123277e+36
9.824299999999999272e+03 5.488115663538660824e+36
9.827989999999999782e+03 5.571506407518513009e+36
9.831670000000000073e+03 5.276156092409229764e+36
9.835360000000000582e+03 4.723987966839412987e+36
9.839049999999999272e+03 4.480908898636671152e+36
9.842739999999999782e+03 4.589697787627320353e+36
9.846430000000000291e+03 4.550642170482093010e+36
9.850120000000000800e+03 4.174018395507094374e+36
9.853809999999999491e+03 3.957868120366157132e+36
9.857510000000000218e+03 4.077015364213560645e+36
9.861209999999999127e+03 4.056217578210742840e+36
9.864899999999999636e+03 3.718655450596611395e+36
9.868600000000000364e+03 3.443632869243903205e+36
9.872299999999999272e+03 3.437286521496608174e+36
9.876010000000000218e+03 3.523175168375962075e+36
9.879709999999999127e+03 3.455594089753660139e+36
9.883409999999999854e+03 3.241575045161288593e+36
9.887120000000000800e+03 3.098199891222599889e+36
9.890829999999999927e+03 3.160674278595272232e+36
9.894540000000000873e+03 3.229736838739126197e+36
9.898250000000000000e+03 3.103049319176650051e+36
9.901959999999999127e+03 2.941267748265712519e+36
9.905670000000000073e+03 2.970617391069715958e+36
9.909389999999999418e+03 3.066509569999142639e+36
9.913100000000000364e+03 2.979228078845807623e+36
9.916819999999999709e+03 2.814691784565606071e+36
9.920540000000000873e+03 2.822956706744102189e+36
9.924260000000000218e+03 2.944923614121847053e+36
9.927979999999999563e+03 2.991185972845024874e+36
9.931709999999999127e+03 2.926852233974672634e+36
9.935430000000000291e+03 2.894943403014377564e+36
9.939159999999999854e+03 2.915426935970487629e+36
9.942879999999999200e+03 2.900411940845110078e+36
9.946610000000000582e+03 2.850888816481106735e+36
9.950340000000000146e+03 2.838730453252987671e+36
9.954069999999999709e+03 2.898184309584725336e+36
9.957809999999999491e+03 2.924357906748373263e+36
9.961540000000000873e+03 2.852853253303071870e+36
9.965270000000000437e+03 2.771888477098462642e+36
9.969010000000000218e+03 2.764315065570552407e+36
9.972750000000000000e+03 2.782567387869702511e+36
9.976489999999999782e+03 2.759782478121250554e+36
9.980229999999999563e+03 2.732116267244024815e+36
9.983969999999999345e+03 2.745763277813641489e+36
9.987719999999999345e+03 2.749368603773739195e+36
9.991459999999999127e+03 2.701042271623117907e+36
9.995209999999999127e+03 2.639858396256953231e+36
9.998959999999999127e+03 2.616630962042153726e+36
1.000270000000000073e+04 2.636624714947982349e+36
1.000650000000000000e+04 2.660553912459341724e+36
1.001020000000000073e+04 2.642669262279026568e+36
1.001400000000000000e+04 2.601567714319219330e+36
1.001770000000000073e+04 2.616658975564892029e+36
1.002150000000000000e+04 2.667227958232216823e+36
1.002520000000000073e+04 2.665264376504851429e+36
1.002900000000000000e+04 2.630818069886368390e+36
1.003279999999999927e+04 2.671629575875130266e+36
1.003650000000000000e+04 2.759955331396293872e+36
1.004029999999999927e+04 2.760101958786921468e+36
1.004400000000000000e+04 2.724993036850268880e+36
1.004779999999999927e+04 2.739556332652918512e+36
1.005160000000000036e+04 2.809773627975347355e+36
1.005539999999999964e+04 2.926482838437187641e+36
1.005910000000000036e+04 2.991422801318920440e+36
1.006289999999999964e+04 2.952620919519932203e+36
1.006670000000000073e+04 2.973196656245914697e+36
1.007039999999999964e+04 3.081398183620888595e+36
1.007420000000000073e+04 3.132091347352417223e+36
1.007800000000000000e+04 3.121516311536558027e+36
1.008179999999999927e+04 3.201257925336088520e+36
1.008560000000000036e+04 3.392742553272002085e+36
1.008929999999999927e+04 3.504102063629618952e+36
1.009310000000000036e+04 3.472522729342352597e+36
1.009689999999999964e+04 3.438933802800739188e+36
1.010070000000000073e+04 3.573448457235094830e+36
1.010450000000000000e+04 3.778992327368563350e+36
1.010829999999999927e+04 3.916156210660256817e+36
1.011210000000000036e+04 3.985325546575411266e+36
1.011589999999999964e+04 4.049222803302205278e+36
1.011960000000000036e+04 4.162524553480520746e+36
1.012339999999999964e+04 4.291341063490148999e+36
1.012720000000000073e+04 4.354923198372469630e+36
1.013100000000000000e+04 4.402761219994202692e+36
1.013479999999999927e+04 4.509573983685785492e+36
1.013860000000000036e+04 4.641523729697050311e+36
1.014239999999999964e+04 4.758840996534890538e+36
1.014620000000000073e+04 4.888103253670983456e+36
1.015000000000000000e+04 5.062771063087784001e+36
1.015389999999999964e+04 5.190109259476203061e+36
1.015770000000000073e+04 5.268861348155722061e+36
1.016150000000000000e+04 5.348755274850624813e+36
1.016529999999999927e+04 5.458361157821605854e+36
1.016910000000000036e+04 5.569581661926056691e+36
1.017289999999999964e+04 5.658784376932734842e+36
1.017670000000000073e+04 5.738432375298231110e+36
1.018050000000000000e+04 5.824476867415670382e+36
1.018439999999999964e+04 5.963554290750863935e+36
1.018820000000000073e+04 6.105926019195515358e+36
1.019200000000000000e+04 6.134218560395424784e+36
1.019579999999999927e+04 6.045212232650221196e+36
1.019960000000000036e+04 6.054594589274049269e+36
1.020350000000000000e+04 6.180633244526096185e+36
1.020729999999999927e+04 6.225461676628775793e+36
1.021110000000000036e+04 6.157178293896269742e+36
1.021489999999999964e+04 6.111984669781939694e+36
1.021879999999999927e+04 6.099371922990601984e+36
1.022260000000000036e+04 6.060613068793171798e+36
1.022639999999999964e+04 6.029379990031972893e+36
1.023029999999999927e+04 6.007782033982684019e+36
1.023410000000000036e+04 5.980341068732440036e+36
1.023800000000000000e+04 5.909216827241890223e+36
1.024179999999999927e+04 5.786737801302445222e+36
1.024560000000000036e+04 5.725419638570405980e+36
1.024950000000000000e+04 5.691092226791463068e+36
1.025329999999999927e+04 5.566919536060424902e+36
1.025720000000000073e+04 5.444588673007116516e+36
1.026100000000000000e+04 5.432626817591527710e+36
1.026489999999999964e+04 5.397572684566193664e+36
1.026870000000000073e+04 5.226582240288063274e+36
1.027260000000000036e+04 5.067300801476970987e+36
1.027639999999999964e+04 4.962489158887530646e+36
1.028029999999999927e+04 4.884535989324364312e+36
1.028410000000000036e+04 4.771773210627859384e+36
1.028800000000000000e+04 4.574147960199326961e+36
1.029179999999999927e+04 4.404305186905951248e+36
1.029570000000000073e+04 4.346411744034267205e+36
1.029960000000000036e+04 4.308425545708403740e+36
1.030339999999999964e+04 4.155254698470953718e+36
1.030729999999999927e+04 3.927617716457889427e+36
1.031110000000000036e+04 3.778381693575367210e+36
1.031500000000000000e+04 3.731915371750906232e+36
1.031889999999999964e+04 3.656056031467669358e+36
1.032270000000000073e+04 3.464773815043830100e+36
1.032660000000000036e+04 3.264567470958480184e+36
1.033050000000000000e+04 3.176263866375500057e+36
1.033439999999999964e+04 3.108315330166170452e+36
1.033820000000000073e+04 2.995843409767390672e+36
1.034210000000000036e+04 2.860617972523870290e+36
1.034600000000000000e+04 2.709665463204873604e+36
1.034989999999999964e+04 2.607128138225470267e+36
1.035379999999999927e+04 2.534564176514758664e+36
1.035760000000000036e+04 2.418790064889065486e+36
1.036150000000000000e+04 2.295291416712120071e+36
1.036539999999999964e+04 2.209940870429707485e+36
1.036929999999999927e+04 2.132411653350570310e+36
1.037320000000000073e+04 2.032232275058927127e+36
1.037710000000000036e+04 1.937417536036213139e+36
1.038100000000000000e+04 1.871668613558168992e+36
1.038489999999999964e+04 1.815238587603927893e+36
1.038879999999999927e+04 1.749098277037878569e+36
1.039260000000000036e+04 1.684112956141389922e+36
1.039650000000000000e+04 1.601203469824041762e+36
1.040039999999999964e+04 1.497621355874741885e+36
1.040429999999999927e+04 1.441447591232405318e+36
1.040820000000000073e+04 1.394730232275014598e+36
1.041210000000000036e+04 1.306330307063334202e+36
1.041610000000000036e+04 1.240863658101801766e+36
1.042000000000000000e+04 1.224060701559227776e+36
1.042389999999999964e+04 1.201301294345882066e+36
1.042779999999999927e+04 1.145359980582846583e+36
1.043170000000000073e+04 1.096216719473684141e+36
1.043560000000000036e+04 1.051211087778280854e+36
1.043950000000000000e+04 1.000221567006376809e+36
1.044339999999999964e+04 9.614321927293935798e+35
1.044729999999999927e+04 9.189898761399483530e+35
1.045129999999999927e+04 8.796502013079827762e+35
1.045520000000000073e+04 8.689723874885210365e+35
1.045910000000000036e+04 8.599314459080343090e+35
1.046300000000000000e+04 8.187385989410988008e+35
1.046689999999999964e+04 7.716702046075251490e+35
1.047089999999999964e+04 7.496073907331665888e+35
1.047479999999999927e+04 7.487180740021044481e+35
1.047870000000000073e+04 7.403517342463284701e+35
1.048270000000000073e+04 7.199832614553053064e+35
1.048660000000000036e+04 7.000735356180921526e+35
1.049050000000000000e+04 6.785640578453212517e+35
1.049450000000000000e+04 6.630401835981368343e+35
1.049839999999999964e+04 6.542255653035652720e+35
1.050229999999999927e+04 6.471386061762235773e+35
1.050629999999999927e+04 6.411825251250932202e+35
1.051020000000000073e+04 6.308096442990350334e+35
1.051410000000000036e+04 6.266228106560691219e+35
1.051810000000000036e+04 6.179129305894504446e+35
1.052200000000000000e+04 5.988280272343580747e+35
1.052600000000000000e+04 6.004338471803318107e+35
1.052989999999999964e+04 6.123410240578014611e+35
1.053389999999999964e+04 6.110500340568402579e+35
1.053779999999999927e+04 6.047978124496137058e+35
1.054179999999999927e+04 5.974352418016551078e+35
1.054570000000000073e+04 5.926014837365927653e+35
1.054970000000000073e+04 5.959111484141105144e+35
1.055360000000000036e+04 5.943037092445950514e+35
1.055760000000000036e+04 5.875300478521768878e+35
1.056160000000000036e+04 5.920434413583414626e+35
1.056550000000000000e+04 6.001186431511510916e+35
1.056950000000000000e+04 5.965167492420472234e+35
1.057339999999999964e+04 5.879040209139290961e+35
1.057739999999999964e+04 5.857345441635214153e+35
1.058139999999999964e+04 5.896320306537420169e+35
1.058529999999999927e+04 5.917298237582293894e+35
1.058929999999999927e+04 5.895859044608952408e+35
1.059329999999999927e+04 5.920066932463716605e+35
1.059729999999999927e+04 5.975840190083985084e+35
1.060120000000000073e+04 5.889255549438462772e+35
1.060520000000000073e+04 5.706813592173796067e+35
1.060920000000000073e+04 5.629902476086727287e+35
1.061320000000000073e+04 5.662809660050430522e+35
1.061710000000000036e+04 5.654918607342322814e+35
1.062110000000000036e+04 5.635319023108054452e+35
1.062510000000000036e+04 5.610421349167549499e+35
1.062910000000000036e+04 5.509604740598079588e+35
1.063310000000000036e+04 5.345978849768372872e+35
1.063710000000000036e+04 5.252906374958838086e+35
1.064110000000000036e+04 5.249710009884528541e+35
1.064500000000000000e+04 5.199404545203091918e+35
1.064900000000000000e+04 5.065710736532696575e+35
1.065300000000000000e+04 4.941683660896220628e+35
1.065700000000000000e+04 4.874721086072159334e+35
1.066100000000000000e+04 4.813418604733402734e+35
1.066500000000000000e+04 4.714624063413899444e+35
1.066900000000000000e+04 4.608862622373970268e+35
1.067300000000000000e+04 4.545003909604858133e+35
1.067700000000000000e+04 4.515061735216137076e+35
1.068100000000000000e+04 4.458991193514276048e+35
1.068500000000000000e+04 4.345401722649402141e+35
1.068900000000000000e+04 4.248509227480039703e+35
1.069300000000000000e+04 4.198274998209591184e+35
1.069710000000000036e+04 4.184195163100007787e+35
1.070110000000000036e+04 4.184601242170621239e+35
1.070510000000000036e+04 4.138871185586996304e+35
1.070910000000000036e+04 4.009692679663852606e+35
1.071310000000000036e+04 3.917657762054026752e+35
1.071710000000000036e+04 3.947622692522371814e+35
1.072110000000000036e+04 3.963558588643204757e+35
1.072520000000000073e+04 3.914096516966768801e+35
1.072920000000000073e+04 3.797099481473402698e+35
1.073320000000000073e+04 3.707799442441350625e+35
1.073720000000000073e+04 3.734094511533737600e+35
1.074129999999999927e+04 3.810248443899090331e+35
1.074529999999999927e+04 3.798045729037491688e+35
1.074929999999999927e+04 3.771798059709620392e+35
1.075329999999999927e+04 3.825366764386039502e+35
1.075739999999999964e+04 3.809453212777362315e+35
1.076139999999999964e+04 3.769850192542956293e+35
1.076550000000000000e+04 3.779943441512743897e+35
1.076950000000000000e+04 3.755317646952049669e+35
1.077350000000000000e+04 3.777332338238590064e+35
1.077760000000000036e+04 3.825705266186395290e+35
1.078160000000000036e+04 3.791157378675561888e+35
1.078570000000000073e+04 3.783405181180831658e+35
1.078970000000000073e+04 3.825671841723084980e+35
1.079370000000000073e+04 3.832932648641116174e+35
1.079779999999999927e+04 3.837134046306635887e+35
1.080179999999999927e+04 3.895835451039771773e+35
1.080589999999999964e+04 3.939843090853855908e+35
1.080989999999999964e+04 3.926038706655780800e+35
1.081400000000000000e+04 3.919003988972855688e+35
1.081810000000000036e+04 3.948532934992466103e+35
1.082210000000000036e+04 3.999565644392782812e+35
1.082620000000000073e+04 4.073276009896408173e+35
1.083020000000000073e+04 4.141993869113807688e+35
1.083429999999999927e+04 4.137439301328040942e+35
1.083839999999999964e+04 4.158649248220441815e+35
1.084239999999999964e+04 4.245374064242869334e+35
1.084650000000000000e+04 4.313669335030773219e+35
1.085050000000000000e+04 4.320196114351218281e+35
1.085460000000000036e+04 4.317401494014439985e+35
1.085870000000000073e+04 4.363726016465461637e+35
1.086279999999999927e+04 4.451137878371880649e+35
1.086679999999999927e+04 4.537349321128695162e+35
1.087089999999999964e+04 4.645218072111106995e+35
1.087500000000000000e+04 4.734603018105036264e+35
1.087910000000000036e+04 4.732634408304016763e+35
1.088310000000000036e+04 4.692224476310364938e+35
1.088720000000000073e+04 4.739619318707536591e+35
1.089129999999999927e+04 4.835517004443227267e+35
1.089539999999999964e+04 4.919605862100923314e+35
1.089950000000000000e+04 5.038041244712459990e+35
1.090360000000000036e+04 5.125799704206607618e+35
1.090770000000000073e+04 5.137897041375104167e+35
1.091170000000000073e+04 5.178631030060014741e+35
1.091579999999999927e+04 5.254580166204995603e+35
1.091989999999999964e+04 5.265009650139088699e+35
1.092400000000000000e+04 5.275022561933311785e+35
1.092810000000000036e+04 5.352208506807951163e+35
1.093220000000000073e+04 5.392818093003665099e+35
1.093629999999999927e+04 5.386189919529549985e+35
1.094039999999999964e+04 5.424198651256964558e+35
1.094450000000000000e+04 5.446647327934148219e+35
1.094860000000000036e+04 5.430941804500576921e+35
1.095270000000000073e+04 5.443660391373530234e+35
1.095679999999999927e+04 5.465571530234656630e+35
1.096089999999999964e+04 5.495220595430696144e+35
1.096510000000000036e+04 5.517840145069546073e+35
1.096920000000000073e+04 5.469870937462115881e+35
1.097329999999999927e+04 5.381796681248701509e+35
1.097739999999999964e+04 5.354885477772350521e+35
1.098150000000000000e+04 5.343073905842247591e+35
1.098560000000000036e+04 5.280484853887657762e+35
1.098979999999999927e+04 5.211541422869705828e+35
1.099389999999999964e+04 5.146810360231558685e+35
1.099800000000000000e+04 5.077264506513847465e+35
1.100210000000000036e+04 4.979130561162431277e+35
1.100620000000000073e+04 4.882772850446325919e+35
1.101039999999999964e+04 4.819805999956379737e+35
1.101450000000000000e+04 4.739808402298416724e+35
1.101860000000000036e+04 4.573667443777067232e+35
1.102279999999999927e+04 4.417952194230377746e+35
1.102689999999999964e+04 4.362844909266915813e+35
1.103100000000000000e+04 4.343687585367334624e+35
1.103520000000000073e+04 4.295864920513508926e+35
1.103929999999999927e+04 4.167379042561065628e+35
1.104339999999999964e+04 3.993678222454585080e+35
1.104760000000000036e+04 3.905932607414216101e+35
1.105170000000000073e+04 3.872621172434303931e+35
1.105589999999999964e+04 3.820722560232902998e+35
1.106000000000000000e+04 3.674478196536093033e+35
1.106420000000000073e+04 3.555195377401804431e+35
1.106829999999999927e+04 3.572123880099720384e+35
1.107250000000000000e+04 3.523040542766116683e+35
1.107660000000000036e+04 3.355051479598656652e+35
1.108079999999999927e+04 3.248546332550364925e+35
1.108489999999999964e+04 3.230009758676687783e+35
1.108910000000000036e+04 3.170781543367180325e+35
1.109320000000000073e+04 3.095325262866568266e+35
1.109739999999999964e+04 3.103367264880587080e+35
1.110160000000000036e+04 3.078380339085792844e+35
1.110570000000000073e+04 2.976859490135876170e+35
1.110989999999999964e+04 2.907397584519073239e+35
1.111410000000000036e+04 2.882851853254044434e+35
1.111820000000000073e+04 2.875205795903277380e+35
1.112239999999999964e+04 2.892651802405171278e+35
1.112660000000000036e+04 2.895569774184901039e+35
1.113070000000000073e+04 2.879028686431866332e+35
1.113489999999999964e+04 2.849366729944151983e+35
1.113910000000000036e+04 2.773716436778135113e+35
1.114329999999999927e+04 2.739345436116778084e+35
1.114739999999999964e+04 2.792886030694147556e+35
1.115160000000000036e+04 2.845332542178029168e+35
1.115579999999999927e+04 2.858251444090885155e+35
1.116000000000000000e+04 2.831246534036319615e+35
1.116420000000000073e+04 2.836353395775743797e+35
1.116839999999999964e+04 2.893862979168384743e+35
1.117260000000000036e+04 2.911264604998143949e+35
1.117670000000000073e+04 2.909070680059491788e+35
1.118089999999999964e+04 2.977742254339222752e+35
1.118510000000000036e+04 3.095036443059447112e+35
1.118929999999999927e+04 3.133726366567412811e+35
1.119350000000000000e+04 3.079546422242154443e+35
1.119770000000000073e+04 3.116498437215903484e+35
1.120189999999999964e+04 3.230349663457415500e+35
1.120610000000000036e+04 3.321553259988666730e+35
1.121029999999999927e+04 3.362976018939362382e+35
1.121450000000000000e+04 3.376202033593315973e+35
1.121870000000000073e+04 3.441284495229477108e+35
1.122289999999999964e+04 3.515943017962503468e+35
1.122710000000000036e+04 3.574488991194019620e+35
1.123139999999999964e+04 3.578145377480663591e+35
1.123560000000000036e+04 3.599488732998313399e+35
1.123979999999999927e+04 3.730478272419001442e+35
1.124400000000000000e+04 3.843548562124528312e+35
1.124820000000000073e+04 3.889882744855697153e+35
1.125239999999999964e+04 3.935020080845250237e+35
1.125660000000000036e+04 3.931420254930878735e+35
1.126089999999999964e+04 3.938324670692057154e+35
1.126510000000000036e+04 4.021289344095008687e+35
1.126929999999999927e+04 4.098940890700214925e+35
1.127350000000000000e+04 4.118173090605601835e+35
1.127779999999999927e+04 4.104683600154634916e+35
1.128200000000000000e+04 4.053396976412296834e+35
1.128620000000000073e+04 4.003654501265770926e+35
1.129050000000000000e+04 4.022056099101869287e+35
1.129470000000000073e+04 4.031473570039435879e+35
1.129889999999999964e+04 4.002536108298839833e+35
1.130320000000000073e+04 3.982037528477147455e+35
1.130739999999999964e+04 3.916371250799989352e+35
1.131160000000000036e+04 3.801273901234023968e+35
1.131589999999999964e+04 3.717996929416247660e+35
1.132010000000000036e+04 3.658293588558084388e+35
1.132439999999999964e+04 3.613763155605289052e+35
1.132860000000000036e+04 3.568898757802872792e+35
1.133289999999999964e+04 3.427867305072625536e+35
1.133710000000000036e+04 3.272634694262421147e+35
1.134139999999999964e+04 3.263561443442841995e+35
1.134560000000000036e+04 3.259713368680592079e+35
1.134989999999999964e+04 3.134661118810770403e+35
1.135410000000000036e+04 3.009985001934786509e+35
1.135839999999999964e+04 2.933713919462163265e+35
1.136270000000000073e+04 2.853127400614986774e+35
1.136689999999999964e+04 2.757168582621470000e+35
1.137120000000000073e+04 2.671289112229803291e+35
1.137539999999999964e+04 2.566463986496021108e+35
1.137970000000000073e+04 2.468070052202093030e+35
1.138400000000000000e+04 2.434736471944539738e+35
1.138820000000000073e+04 2.382885447152292321e+35
1.139250000000000000e+04 2.265790946565410541e+35
1.139679999999999927e+04 2.156319743387420186e+35
1.140110000000000036e+04 2.085967403504834868e+35
1.140529999999999927e+04 2.002177268559949037e+35
1.140960000000000036e+04 1.922896672841887591e+35
1.141389999999999964e+04 1.869269413053668197e+35
1.141820000000000073e+04 1.817685711957196787e+35
1.142250000000000000e+04 1.763953227623812293e+35
1.142670000000000073e+04 1.694620392938862961e+35
1.143100000000000000e+04 1.602693351093456278e+35
1.143529999999999927e+04 1.538367806666985361e+35
1.143960000000000036e+04 1.516957631520371040e+35
1.144389999999999964e+04 1.474708730944666999e+35
1.144820000000000073e+04 1.406432006729955550e+35
1.145250000000000000e+04 1.367747390253307459e+35
1.145679999999999927e+04 1.336909305774165710e+35
1.146110000000000036e+04 1.288061024470225523e+35
1.146539999999999964e+04 1.224801459733590960e+35
1.146970000000000073e+04 1.162152629272781927e+35
1.147400000000000000e+04 1.122793583030059026e+35
1.147829999999999927e+04 1.096953420907820179e+35
1.148260000000000036e+04 1.067879010187034015e+35
1.148689999999999964e+04 1.025337682728405389e+35
1.149120000000000073e+04 9.917001198041684006e+34
1.149550000000000000e+04 9.718993671950385540e+34
1.149979999999999927e+04 9.453469669774816277e+34
1.150410000000000036e+04 9.233889771214274576e+34
1.150839999999999964e+04 9.007108876520096754e+34
1.151270000000000073e+04 8.672414564534032565e+34
1.151710000000000036e+04 8.592678764366869724e+34
1.152139999999999964e+04 8.743545105259796586e+34
1.152570000000000073e+04 8.591646186957752821e+34
1.153000000000000000e+04 8.212763294956914184e+34
1.153429999999999927e+04 8.055715751853275464e+34
1.153870000000000073e+04 8.146244237687181374e+34
1.154300000000000000e+04 8.181245714312639221e+34
1.154729999999999927e+04 8.024621077975668255e+34
1.155170000000000073e+04 7.926999737479939746e+34
1.155600000000000000e+04 7.984544778886857004e+34
1.156029999999999927e+04 8.024807482309174331e+34
1.156470000000000073e+04 8.002304423911231309e+34
1.156900000000000000e+04 7.958810966112844115e+34
1.157329999999999927e+04 7.970531542142831637e+34
1.157770000000000073e+04 8.077643686705969054e+34
1.158200000000000000e+04 8.143076097518329310e+34
1.158639999999999964e+04 8.042528138308402991e+34
1.159070000000000073e+04 7.979183992846296190e+34
1.159500000000000000e+04 8.128111246037337721e+34
1.159939999999999964e+04 8.252759241732468873e+34
1.160370000000000073e+04 8.215340664393838422e+34
1.160810000000000036e+04 8.199397971779456026e+34
1.161250000000000000e+04 8.212678377149017769e+34
1.161679999999999927e+04 8.241168416447776857e+34
1.162120000000000073e+04 8.314686595352250217e+34
1.162550000000000000e+04 8.321958832556701507e+34
1.162989999999999964e+04 8.252566995215770636e+34
1.163420000000000073e+04 8.216091791827095699e+34
1.163860000000000036e+04 8.185232322107090756e+34
1.164300000000000000e+04 8.114308927719155166e+34
1.164729999999999927e+04 8.048550777509384025e+34
1.165170000000000073e+04 8.028939971493058440e+34
1.165610000000000036e+04 8.043155276498221634e+34
1.166039999999999964e+04 8.000862084935996588e+34
1.166479999999999927e+04 7.863171879596418284e+34
1.166920000000000073e+04 7.749462777687866005e+34
1.167360000000000036e+04 7.764059220562154364e+34
1.167789999999999964e+04 7.710344001231981298e+34
1.168229999999999927e+04 7.554724055704965857e+34
1.168670000000000073e+04 7.485479085343308751e+34
1.169110000000000036e+04 7.460258647157982587e+34
1.169550000000000000e+04 7.422542018406446190e+34
1.169989999999999964e+04 7.398275435048628986e+34
1.170420000000000073e+04 7.359385115485210350e+34
1.170860000000000036e+04 7.289567117396616729e+34
1.171300000000000000e+04 7.166873217477443197e+34
1.171739999999999964e+04 7.011862391713407044e+34
1.172179999999999927e+04 6.935815795177121890e+34
1.172620000000000073e+04 6.988835073537619313e+34
1.173060000000000036e+04 7.070002661519020052e+34
1.173500000000000000e+04 6.998649273690007647e+34
1.173939999999999964e+04 6.907765720953572406e+34
1.174379999999999927e+04 7.025272958658926048e+34
1.174820000000000073e+04 7.139894281221504201e+34
1.175260000000000036e+04 7.058378188052213285e+34
1.175700000000000000e+04 6.969117877465920046e+34
1.176139999999999964e+04 6.999243285981657626e+34
1.176579999999999927e+04 7.117479261746297497e+34
1.177029999999999927e+04 7.260517807414128120e+34
1.177470000000000073e+04 7.352081260719278423e+34
1.177910000000000036e+04 7.436327453946592028e+34
1.178350000000000000e+04 7.570459866998499397e+34
1.178789999999999964e+04 7.631346033325952112e+34
1.179229999999999927e+04 7.583867079539091632e+34
1.179679999999999927e+04 7.671338847841681851e+34
1.180120000000000073e+04 7.844917561312025982e+34
1.180560000000000036e+04 7.978125376958917174e+34
1.181000000000000000e+04 8.154714327892936591e+34
1.181450000000000000e+04 8.267974088544244237e+34
1.181889999999999964e+04 8.304250808627316060e+34
1.182329999999999927e+04 8.514491927081522593e+34
1.182779999999999927e+04 8.843707457912805967e+34
1.183220000000000073e+04 8.908598390794852586e+34
1.183660000000000036e+04 8.864300282359352171e+34
1.184110000000000036e+04 9.061091978202109401e+34
1.184550000000000000e+04 9.352560509044985019e+34
1.185000000000000000e+04 9.555053749016297892e+34
1.185439999999999964e+04 9.613039161567754969e+34
1.185879999999999927e+04 9.697357042663303351e+34
1.186329999999999927e+04 1.002394596760862953e+35
1.186770000000000073e+04 1.033296422134088296e+35
1.187220000000000073e+04 1.037770890829337714e+35
1.187660000000000036e+04 1.037957821732308128e+35
1.188110000000000036e+04 1.065692679790186473e+35
1.188560000000000036e+04 1.097904391789759807e+35
1.189000000000000000e+04 1.107112692479613921e+35
1.189450000000000000e+04 1.105194340475423478e+35
1.189889999999999964e+04 1.107372967717529821e+35
1.190339999999999964e+04 1.126353075768898374e+35
1.190789999999999964e+04 1.144341048213801906e+35
1.191229999999999927e+04 1.145727526159339778e+35
1.191679999999999927e+04 1.136856086264719943e+35
1.192129999999999927e+04 1.133446938651793520e+35
1.192570000000000073e+04 1.147161358979167654e+35
1.193020000000000073e+04 1.169460101712312688e+35
1.193470000000000073e+04 1.177642408863671774e+35
1.193910000000000036e+04 1.160671194013266364e+35
1.194360000000000036e+04 1.142565397784393881e+35
1.194810000000000036e+04 1.153322831235924375e+35
1.195260000000000036e+04 1.173112720028231389e+35
1.195710000000000036e+04 1.170448839399372001e+35
1.196150000000000000e+04 1.151107027191403961e+35
1.196600000000000000e+04 1.136946711160497224e+35
1.197050000000000000e+04 1.134419183917722548e+35
1.197500000000000000e+04 1.130028758074996761e+35
1.197950000000000000e+04 1.120762056191395319e+35
1.198400000000000000e+04 1.100721877256910576e+35
1.198850000000000000e+04 1.080187552361166598e+35
1.199300000000000000e+04 1.072967710794607428e+35
1.199750000000000000e+04 1.056760231974248638e+35
1.200200000000000000e+04 1.020506832401644744e+35
1.200650000000000000e+04 9.891770281915806444e+34
1.201100000000000000e+04 9.749575739102166039e+34
1.201550000000000000e+04 9.630471089187771508e+34
1.202000000000000000e+04 9.461929508059494341e+34
1.202450000000000000e+04 9.160663409759069636e+34
1.202900000000000000e+04 8.909187620870464283e+34
1.203350000000000000e+04 8.868106011792596935e+34
1.203800000000000000e+04 8.700359679770400606e+34
1.204250000000000000e+04 8.320102957992498029e+34
1.204710000000000036e+04 8.078850089069275965e+34
1.205160000000000036e+04 7.981499159388978579e+34
1.205610000000000036e+04 7.782538440785834433e+34
1.206060000000000036e+04 7.522979054559053505e+34
1.206510000000000036e+04 7.332900571689948854e+34
1.206970000000000073e+04 7.116768634256004121e+34
1.207420000000000073e+04 6.914218304045747065e+34
1.207870000000000073e+04 6.818878962440674790e+34
1.208329999999999927e+04 6.694173078649506052e+34
1.208779999999999927e+04 6.462699063178857890e+34
1.209229999999999927e+04 6.210222639193599008e+34
1.209689999999999964e+04 6.045116160408618237e+34
1.210139999999999964e+04 5.890877199406025539e+34
1.210589999999999964e+04 5.678258550993810678e+34
1.211050000000000000e+04 5.445196978054260643e+34
1.211500000000000000e+04 5.300407874359080766e+34
1.211960000000000036e+04 5.249481665208640972e+34
1.212410000000000036e+04 5.102569422247233720e+34
1.212860000000000036e+04 4.908123355961519277e+34
1.213320000000000073e+04 4.798774073589101710e+34
1.213770000000000073e+04 4.679009760566248907e+34
1.214229999999999927e+04 4.533604474146803246e+34
1.214679999999999927e+04 4.468694354204054368e+34
1.215139999999999964e+04 4.520170684803956554e+34
1.215600000000000000e+04 4.541028114105103191e+34
1.216050000000000000e+04 4.433129265182374201e+34
1.216510000000000036e+04 4.394627401602165312e+34
1.216960000000000036e+04 4.580766515231850638e+34
1.217420000000000073e+04 4.747738000400279727e+34
1.217879999999999927e+04 4.731624902992573169e+34
1.218329999999999927e+04 4.824999197105760360e+34
1.218789999999999964e+04 5.164961489470343263e+34
1.219250000000000000e+04 5.514102927389284532e+34
1.219700000000000000e+04 5.651294009093156198e+34
1.220160000000000036e+04 5.822087781524503870e+34
1.220620000000000073e+04 6.383739649732983651e+34
1.221079999999999927e+04 6.978194342391424120e+34
1.221539999999999964e+04 7.260700564489748764e+34
1.221989999999999964e+04 7.652527946347539461e+34
1.222450000000000000e+04 8.287524077842039513e+34
1.222910000000000036e+04 9.225422768527647204e+34
1.223370000000000073e+04 1.014821911800171769e+35
1.223829999999999927e+04 1.061652199038557497e+35
1.224289999999999964e+04 1.117025360624784133e+35
1.224750000000000000e+04 1.223309026060778860e+35
1.225200000000000000e+04 1.335407458755526416e+35
1.225660000000000036e+04 1.404304471195939232e+35
1.226120000000000073e+04 1.483502258396679430e+35
1.226579999999999927e+04 1.630068282586843795e+35
1.227039999999999964e+04 1.818661623377612379e+35
1.227500000000000000e+04 2.014559425552671985e+35
1.227960000000000036e+04 2.162453492893123664e+35
1.228420000000000073e+04 2.266878402980170090e+35
1.228879999999999927e+04 2.447618395617631373e+35
1.229350000000000000e+04 2.663999852358131099e+35
1.229810000000000036e+04 2.727724741234762204e+35
1.230270000000000073e+04 2.739082871151822707e+35
1.230729999999999927e+04 2.948009895872399086e+35
1.231189999999999964e+04 3.241932316547166524e+35
1.231650000000000000e+04 3.462163253659200001e+35
1.232110000000000036e+04 3.720396126863875702e+35
1.232579999999999927e+04 4.010069288965257653e+35
1.233039999999999964e+04 4.166198623344871233e+35
1.233500000000000000e+04 4.219185335620411219e+35
1.233960000000000036e+04 4.330168266786797127e+35
1.234429999999999927e+04 4.597819999992496236e+35
1.234889999999999964e+04 4.943710424147678860e+35
1.235350000000000000e+04 5.334907156309180056e+35
1.235820000000000073e+04 5.568064760452205283e+35
1.236279999999999927e+04 5.588396339687414681e+35
1.236739999999999964e+04 5.790171485047405781e+35
1.237210000000000036e+04 6.256672843347333188e+35
1.237670000000000073e+04 6.600211874105173689e+35
1.238129999999999927e+04 6.940627075603354519e+35
1.238600000000000000e+04 7.323421388556334347e+35
1.239060000000000036e+04 7.416256614973825131e+35
1.239529999999999927e+04 7.540165387024426909e+35
1.239989999999999964e+04 7.946401641066474795e+35
1.240460000000000036e+04 8.283270956467848159e+35
1.240920000000000073e+04 8.432548451778603093e+35
1.241389999999999964e+04 8.907078512797838859e+35
1.241850000000000000e+04 9.473037816908942824e+35
1.242320000000000073e+04 9.711116953278966923e+35
1.242789999999999964e+04 9.901833934181293745e+35
1.243250000000000000e+04 1.028585898481809890e+36
1.243720000000000073e+04 1.077271140036035203e+36
1.244179999999999927e+04 1.120327224113287245e+36
1.244650000000000000e+04 1.155243265510612713e+36
1.245120000000000073e+04 1.179439136465387961e+36
1.245579999999999927e+04 1.196425146306938967e+36
1.246050000000000000e+04 1.230464682132630685e+36
1.246520000000000073e+04 1.289213516616760883e+36
1.246989999999999964e+04 1.339688501727044107e+36
1.247450000000000000e+04 1.367887441623803224e+36
1.247920000000000073e+04 1.403526031706109189e+36
1.248389999999999964e+04 1.453809467711425113e+36
1.248860000000000036e+04 1.480749640936161677e+36
1.249329999999999927e+04 1.514769356460325668e+36
1.249789999999999964e+04 1.574850147916439103e+36
1.250260000000000036e+04 1.610055350777691624e+36
1.250729999999999927e+04 1.611950722850095210e+36
1.251200000000000000e+04 1.631300122031192165e+36
1.251670000000000073e+04 1.674951059751544561e+36
1.252139999999999964e+04 1.709576804563160681e+36
1.252610000000000036e+04 1.747660413186239808e+36
1.253079999999999927e+04 1.792910668178349453e+36
1.253550000000000000e+04 1.816291756558126411e+36
1.254020000000000073e+04 1.823988783366493457e+36
1.254489999999999964e+04 1.847182789075407465e+36
1.254960000000000036e+04 1.899468093144268944e+36
1.255429999999999927e+04 1.941302429218742224e+36
1.255900000000000000e+04 1.938098696149367546e+36
1.256370000000000073e+04 1.901386468351649344e+36
1.256839999999999964e+04 1.881581477881550093e+36
1.257310000000000036e+04 1.916666961911164527e+36
1.257789999999999964e+04 1.946867107578981263e+36
1.258260000000000036e+04 1.934923452777325449e+36
1.258729999999999927e+04 1.926801225222126802e+36
1.259200000000000000e+04 1.950895100054353865e+36
1.259670000000000073e+04 1.959424931411745104e+36
1.260150000000000000e+04 1.919922764830704974e+36
1.260620000000000073e+04 1.887670863626406446e+36
1.261089999999999964e+04 1.891427053510631575e+36
1.261560000000000036e+04 1.890265065604251464e+36
1.262039999999999964e+04 1.866811482872425926e+36
1.262510000000000036e+04 1.831859866959634528e+36
1.262979999999999927e+04 1.810402763703627178e+36
1.263460000000000036e+04 1.803729386948731352e+36
1.263929999999999927e+04 1.779920428080374460e+36
1.264410000000000036e+04 1.750591380028006477e+36
1.264879999999999927e+04 1.736932445675510412e+36
1.265350000000000000e+04 1.735581909499572195e+36
1.265829999999999927e+04 1.726535141867831651e+36
1.266300000000000000e+04 1.695120297447366984e+36
1.266779999999999927e+04 1.652077416633625826e+36
1.267250000000000000e+04 1.628003431091663812e+36
1.267729999999999927e+04 1.639332477939513013e+36
1.268200000000000000e+04 1.637808812319768789e+36
1.268679999999999927e+04 1.584464736803396244e+36
1.269150000000000000e+04 1.543754210104671148e+36
1.269629999999999927e+04 1.554870032209851305e+36
1.270110000000000036e+04 1.551732988846342685e+36
1.270579999999999927e+04 1.506885031114596804e+36
1.271060000000000036e+04 1.467563602772349218e+36
1.271539999999999964e+04 1.470687390259917715e+36
1.272010000000000036e+04 1.465364458607372000e+36
1.272489999999999964e+04 1.421601745040631748e+36
1.272970000000000073e+04 1.388415838370909180e+36
1.273439999999999964e+04 1.392564484489997506e+36
1.273920000000000073e+04 1.402509656531939269e+36
1.274400000000000000e+04 1.378022104007192487e+36
1.274879999999999927e+04 1.345603538415864966e+36
1.275360000000000036e+04 1.329609527355082442e+36
1.275829999999999927e+04 1.314033278076163951e+36
1.276310000000000036e+04 1.297886084128112290e+36
1.276789999999999964e+04 1.284797503567292240e+36
1.277270000000000073e+04 1.260216786045824784e+36
1.277750000000000000e+04 1.239747237005157908e+36
1.278229999999999927e+04 1.243066597427932449e+36
1.278710000000000036e+04 1.235422087093322645e+36
1.279189999999999964e+04 1.199044902781541064e+36
1.279670000000000073e+04 1.170394280488088367e+36
1.280150000000000000e+04 1.162987716280188661e+36
1.280629999999999927e+04 1.166472113169011118e+36
1.281110000000000036e+04 1.156412822539441405e+36
1.281589999999999964e+04 1.119386597694934154e+36
1.282070000000000073e+04 1.076606319434391373e+36
1.282550000000000000e+04 1.070725464827258840e+36
1.283029999999999927e+04 1.097555015807811768e+36
1.283510000000000036e+04 1.100346018803946695e+36
1.283989999999999964e+04 1.064312166785082629e+36
1.284470000000000073e+04 1.033393308894659479e+36
1.284960000000000036e+04 1.028985290341950762e+36
1.285439999999999964e+04 1.039376742184932999e+36
1.285920000000000073e+04 1.035448135157532943e+36
1.286400000000000000e+04 1.006318194986978696e+36
1.286879999999999927e+04 9.841812373516409128e+35
1.287370000000000073e+04 9.837020515501380606e+35
1.287850000000000000e+04 9.822190765032122839e+35
1.288329999999999927e+04 9.691852035383546587e+35
1.288820000000000073e+04 9.629052258046640063e+35
1.289300000000000000e+04 9.576671877168920614e+35
1.289779999999999927e+04 9.473596990335617456e+35
1.290270000000000073e+04 9.423775841338950430e+35
1.290750000000000000e+04 9.399050603986393099e+35
1.291229999999999927e+04 9.382135272877891749e+35
1.291720000000000073e+04 9.366490554008551188e+35
1.292200000000000000e+04 9.278474647452870273e+35
1.292689999999999964e+04 9.212581818500957106e+35
1.293170000000000073e+04 9.207736559975759090e+35
1.293660000000000036e+04 9.138100191572049939e+35
1.294139999999999964e+04 8.992174487241420703e+35
1.294629999999999927e+04 8.891555395401993375e+35
1.295110000000000036e+04 8.864679553533327888e+35
1.295600000000000000e+04 8.872648446270355044e+35
1.296079999999999927e+04 8.903503124197407857e+35
1.296570000000000073e+04 8.837380055821392689e+35
1.297060000000000036e+04 8.693657529077852024e+35
1.297539999999999964e+04 8.555918044174900484e+35
1.298029999999999927e+04 8.466380984251171277e+35
1.298520000000000073e+04 8.475593498724337342e+35
1.299000000000000000e+04 8.504843978244476472e+35
1.299489999999999964e+04 8.480251718803264110e+35
1.299979999999999927e+04 8.381437127383412686e+35
1.300460000000000036e+04 8.229129490417212284e+35
1.300950000000000000e+04 8.109736206898046237e+35
1.301439999999999964e+04 7.971408332323814151e+35
1.301929999999999927e+04 7.831185897878346367e+35
1.302420000000000073e+04 7.832403539253591306e+35
1.302900000000000000e+04 7.917598151834546768e+35
1.303389999999999964e+04 7.866019223496202320e+35
1.303879999999999927e+04 7.717260105579797345e+35
1.304370000000000073e+04 7.721295585139570037e+35
1.304860000000000036e+04 7.712921683769484944e+35
1.305350000000000000e+04 7.598365834648131747e+35
1.305839999999999964e+04 7.528590897566197956e+35
1.306329999999999927e+04 7.494716981168346962e+35
1.306820000000000073e+04 7.483532817901189406e+35
1.307310000000000036e+04 7.499645229085298113e+35
1.307800000000000000e+04 7.533779762855581994e+35
1.308289999999999964e+04 7.501551387348201272e+35
1.308779999999999927e+04 7.374381944275657168e+35
1.309270000000000073e+04 7.304458063357712977e+35
1.309760000000000036e+04 7.291807818370727791e+35
1.310250000000000000e+04 7.316053050612448879e+35
1.310739999999999964e+04 7.322464028556280780e+35
1.311239999999999964e+04 7.290868721411756504e+35
1.311729999999999927e+04 7.305006261951523806e+35
1.312220000000000073e+04 7.325506688399083212e+35
1.312710000000000036e+04 7.325290813171484063e+35
1.313200000000000000e+04 7.384676215075388130e+35
1.313700000000000000e+04 7.446066017788925378e+35
1.314189999999999964e+04 7.369325196202365791e+35
1.314679999999999927e+04 7.274969707439208072e+35
1.315170000000000073e+04 7.308491442477857533e+35
1.315670000000000073e+04 7.392698318598210101e+35
1.316160000000000036e+04 7.419428294053900738e+35
1.316650000000000000e+04 7.382159962980991893e+35
1.317150000000000000e+04 7.299036444513403393e+35
1.317639999999999964e+04 7.309057909361776096e+35
1.318139999999999964e+04 7.444842552577882799e+35
1.318629999999999927e+04 7.481758714890403457e+35
1.319129999999999927e+04 7.432942608731009816e+35
1.319620000000000073e+04 7.428519880198913178e+35
1.320110000000000036e+04 7.348824261875159974e+35
1.320610000000000036e+04 7.279412828478594115e+35
1.321110000000000036e+04 7.385545612411199687e+35
1.321600000000000000e+04 7.428236187552381323e+35
1.322100000000000000e+04 7.289409795843567839e+35
1.322589999999999964e+04 7.196413283593633533e+35
1.323089999999999964e+04 7.194057081187718363e+35
1.323579999999999927e+04 7.120081276115821109e+35
1.324079999999999927e+04 6.982747222800522910e+35
1.324579999999999927e+04 6.915482358206956490e+35
1.325070000000000073e+04 6.903279785885514215e+35
1.325570000000000073e+04 6.856565284096364227e+35
1.326070000000000073e+04 6.697425529627910586e+35
1.326560000000000036e+04 6.525544907281023057e+35
1.327060000000000036e+04 6.469483704806034068e+35
1.327560000000000036e+04 6.405879577835828447e+35
1.328060000000000036e+04 6.245549653733518946e+35
1.328560000000000036e+04 6.099724697924379193e+35
1.329050000000000000e+04 6.009499044507066684e+35
1.329550000000000000e+04 5.962742644779384566e+35
1.330050000000000000e+04 5.883879036686395643e+35
1.330550000000000000e+04 5.736409977419182961e+35
1.331050000000000000e+04 5.533516920861236016e+35
1.331550000000000000e+04 5.394490948750022911e+35
1.332050000000000000e+04 5.331538458168048789e+35
1.332550000000000000e+04 5.234800276253601579e+35
1.333050000000000000e+04 5.065619788078030830e+35
1.333550000000000000e+04 4.882107312381565726e+35
1.334050000000000000e+04 4.774626649509582417e+35
1.334550000000000000e+04 4.674067534603787426e+35
1.335050000000000000e+04 4.562058110910256836e+35
1.335550000000000000e+04 4.440184246942215921e+35
1.336050000000000000e+04 4.313568143920230718e+35
1.336550000000000000e+04 4.174367662104503874e+35
1.337050000000000000e+04 4.017104912474946926e+35
1.337550000000000000e+04 3.916267345946186537e+35
1.338050000000000000e+04 3.897969067946841499e+35
1.338560000000000036e+04 3.872605318872915287e+35
1.339060000000000036e+04 3.718620045869216244e+35
1.339560000000000036e+04 3.547732200297694558e+35
1.340060000000000036e+04 3.486555038780496807e+35
1.340560000000000036e+04 3.429833060880577576e+35
1.341070000000000073e+04 3.306263474585344054e+35
1.341570000000000073e+04 3.168634056578915354e+35
1.342070000000000073e+04 3.102786803267903478e+35
1.342579999999999927e+04 3.089353570579330239e+35
1.343079999999999927e+04 3.033534133267857840e+35
1.343579999999999927e+04 2.912650624029680700e+35
1.344089999999999964e+04 2.815047504428049748e+35
1.344589999999999964e+04 2.800430958261369682e+35
1.345100000000000000e+04 2.744706879763340153e+35
1.345600000000000000e+04 2.614112947003289875e+35
1.346100000000000000e+04 2.591022265367892660e+35
1.346610000000000036e+04 2.610606020767584297e+35
1.347110000000000036e+04 2.501405260979849296e+35
1.347620000000000073e+04 2.392301148150638445e+35
1.348129999999999927e+04 2.389531008470024445e+35
1.348629999999999927e+04 2.361181137559185860e+35
1.349139999999999964e+04 2.326806080315418637e+35
1.349639999999999964e+04 2.326266631660160551e+35
1.350150000000000000e+04 2.297526912224880967e+35
1.350650000000000000e+04 2.244899078994447120e+35
1.351160000000000036e+04 2.205123984618552238e+35
1.351670000000000073e+04 2.207433938404934532e+35
1.352170000000000073e+04 2.204514586934414657e+35
1.352679999999999927e+04 2.180434877082291253e+35
1.353189999999999964e+04 2.140042361598788187e+35
1.353700000000000000e+04 2.118597468716557722e+35
1.354200000000000000e+04 2.156096663529714004e+35
1.354710000000000036e+04 2.176890119197493173e+35
1.355220000000000073e+04 2.115492921610584273e+35
1.355729999999999927e+04 2.066581127080009668e+35
1.356239999999999964e+04 2.100840731008457074e+35
1.356750000000000000e+04 2.143068349313891629e+35
1.357250000000000000e+04 2.138120206840889043e+35
1.357760000000000036e+04 2.125960630310656016e+35
1.358270000000000073e+04 2.146695649918425125e+35
1.358779999999999927e+04 2.169057782559585233e+35
1.359289999999999964e+04 2.143447256833298848e+35
1.359800000000000000e+04 2.115379602967166739e+35
1.360310000000000036e+04 2.184597576813995342e+35
1.360820000000000073e+04 2.268060286779167487e+35
1.361329999999999927e+04 2.275102136849975453e+35
1.361839999999999964e+04 2.244542952276815808e+35
1.362350000000000000e+04 2.267068709050215857e+35
1.362860000000000036e+04 2.328945211918757504e+35
1.363370000000000073e+04 2.356044048053881751e+35
1.363889999999999964e+04 2.347316484442838986e+35
1.364400000000000000e+04 2.354209951636963728e+35
1.364910000000000036e+04 2.405519110030109962e+35
1.365420000000000073e+04 2.450961528536842767e+35
1.365929999999999927e+04 2.477767616204426526e+35
1.366439999999999964e+04 2.459500756853644707e+35
1.366960000000000036e+04 2.464607113961117870e+35
1.367470000000000073e+04 2.558833153864898140e+35
1.367979999999999927e+04 2.643782185156678349e+35
1.368500000000000000e+04 2.655472810506569780e+35
1.369010000000000036e+04 2.627726284050814868e+35
1.369520000000000073e+04 2.618918316945033334e+35
1.370039999999999964e+04 2.660768609125361762e+35
1.370550000000000000e+04 2.702729071238420515e+35
1.371060000000000036e+04 2.714099176164556158e+35
1.371579999999999927e+04 2.721776098131795327e+35
1.372089999999999964e+04 2.731956579597620440e+35
1.372610000000000036e+04 2.694679604411950859e+35
1.373120000000000073e+04 2.642561971481477576e+35
1.373639999999999964e+04 2.658698778169327588e+35
1.374150000000000000e+04 2.681409737123986580e+35
1.374670000000000073e+04 2.672475074127464026e+35
1.375179999999999927e+04 2.660322847416312187e+35
1.375700000000000000e+04 2.629295296356040758e+35
1.376210000000000036e+04 2.555722190665455284e+35
1.376729999999999927e+04 2.482118008780461935e+35
1.377250000000000000e+04 2.451146880224659540e+35
1.377760000000000036e+04 2.437221346979584385e+35
1.378279999999999927e+04 2.411478440989163896e+35
1.378800000000000000e+04 2.344597707170810775e+35
1.379310000000000036e+04 2.280613343224322290e+35
1.379829999999999927e+04 2.289459130702125028e+35
1.380350000000000000e+04 2.290434700057700860e+35
1.380870000000000073e+04 2.206260698187091852e+35
1.381379999999999927e+04 2.119263580024093638e+35
1.381900000000000000e+04 2.069980682474580765e+35
1.382420000000000073e+04 2.023260689206681984e+35
1.382939999999999964e+04 1.970007846748231432e+35
1.383460000000000036e+04 1.933465951195739633e+35
1.383979999999999927e+04 1.872397934473217879e+35
1.384489999999999964e+04 1.813339691761616891e+35
1.385010000000000036e+04 1.812343889077633582e+35
1.385529999999999927e+04 1.789941559146100508e+35
1.386050000000000000e+04 1.715857713666730666e+35
1.386570000000000073e+04 1.655258500524584319e+35
1.387089999999999964e+04 1.622081762651695289e+35
1.387610000000000036e+04 1.574657812114033885e+35
1.388129999999999927e+04 1.507425929129472015e+35
1.388650000000000000e+04 1.455209428687213301e+35
1.389170000000000073e+04 1.436240742647457223e+35
1.389689999999999964e+04 1.421421567491041262e+35
1.390220000000000073e+04 1.376237079410639657e+35
1.390739999999999964e+04 1.331344143356792791e+35
1.391260000000000036e+04 1.318044031129804432e+35
1.391779999999999927e+04 1.271390657842564807e+35
1.392300000000000000e+04 1.186747447869198008e+35
1.392820000000000073e+04 1.137532658837518774e+35
1.393350000000000000e+04 1.141309298642356967e+35
1.393870000000000073e+04 1.153099796104117689e+35
1.394389999999999964e+04 1.136884178618148803e+35
1.394910000000000036e+04 1.098287383803250124e+35
1.395439999999999964e+04 1.061595353138163745e+35
1.395960000000000036e+04 1.037637331306782398e+35
1.396479999999999927e+04 1.005980372509998503e+35
1.397010000000000036e+04 9.658580099604589738e+34
1.397529999999999927e+04 9.471855633047370516e+34
1.398060000000000036e+04 9.497697167815013298e+34
1.398579999999999927e+04 9.348125869514501803e+34
1.399110000000000036e+04 9.016054013652623267e+34
1.399629999999999927e+04 8.823894701845913658e+34
1.400150000000000000e+04 8.686304520347687184e+34
1.400679999999999927e+04 8.392838279013792459e+34
1.401200000000000000e+04 8.155131328345113830e+34
1.401729999999999927e+04 8.145364173766886327e+34
1.402260000000000036e+04 8.014376271820976194e+34
1.402779999999999927e+04 7.754365036080232453e+34
1.403310000000000036e+04 7.755745085020417550e+34
1.403829999999999927e+04 7.767673362485763532e+34
1.404360000000000036e+04 7.516817515966440774e+34
1.404889999999999964e+04 7.335650753905039246e+34
1.405410000000000036e+04 7.266490144293262692e+34
1.405939999999999964e+04 7.168194919882358050e+34
1.406470000000000073e+04 7.198277897637702909e+34
1.407000000000000000e+04 7.254518779032487463e+34
1.407520000000000073e+04 7.062526311853987100e+34
1.408050000000000000e+04 6.812022130729091595e+34
1.408579999999999927e+04 6.808201747215304291e+34
1.409110000000000036e+04 6.828681742438674745e+34
1.409639999999999964e+04 6.743246235321845540e+34
1.410160000000000036e+04 6.660507518150072538e+34
1.410689999999999964e+04 6.638097935357356966e+34
1.411220000000000073e+04 6.655158775246820761e+34
1.411750000000000000e+04 6.596503901378227553e+34
1.412279999999999927e+04 6.550153661374819081e+34
1.412810000000000036e+04 6.519463788711205813e+34
1.413339999999999964e+04 6.483993329939520254e+34
1.413870000000000073e+04 6.485943472002208538e+34
1.414400000000000000e+04 6.512396727809211134e+34
1.414929999999999927e+04 6.558547801469847970e+34
1.415460000000000036e+04 6.592325935066254901e+34
1.415989999999999964e+04 6.502970196884890704e+34
1.416520000000000073e+04 6.423165701039829287e+34
1.417050000000000000e+04 6.474161510043234704e+34
1.417589999999999964e+04 6.562286999410045975e+34
1.418120000000000073e+04 6.594166597854385112e+34
1.418650000000000000e+04 6.527860812171489204e+34
1.419179999999999927e+04 6.374337823459453209e+34
1.419710000000000036e+04 6.253089858998831767e+34
1.420250000000000000e+04 6.248066153416372402e+34
1.420779999999999927e+04 6.240596126147674707e+34
1.421310000000000036e+04 6.190220881024990526e+34
1.421839999999999964e+04 6.124647466771726314e+34
1.422379999999999927e+04 5.988045145350694364e+34
1.422910000000000036e+04 5.789299565307046250e+34
1.423439999999999964e+04 5.643857329698090885e+34
1.423979999999999927e+04 5.559853557081573939e+34
1.424510000000000036e+04 5.487563391825399923e+34
1.425050000000000000e+04 5.379284085584094112e+34
1.425579999999999927e+04 5.136257318338366415e+34
1.426120000000000073e+04 4.920748055489213686e+34
1.426650000000000000e+04 4.931570395985165676e+34
1.427189999999999964e+04 4.929189442712585407e+34
1.427720000000000073e+04 4.738838420031924576e+34
1.428260000000000036e+04 4.548759912238202833e+34
1.428789999999999964e+04 4.392045660708846428e+34
1.429329999999999927e+04 4.229587875028352491e+34
1.429860000000000036e+04 4.096720078844088717e+34
1.430400000000000000e+04 4.006876126951119845e+34
1.430939999999999964e+04 3.894456377875177934e+34
1.431470000000000073e+04 3.759781558189152367e+34
1.432010000000000036e+04 3.693660594009462936e+34
1.432550000000000000e+04 3.618449588002232097e+34
1.433079999999999927e+04 3.462827317920356447e+34
1.433620000000000073e+04 3.302084812036201291e+34
1.434160000000000036e+04 3.200262826105813416e+34
1.434700000000000000e+04 3.109747728663906596e+34
1.435229999999999927e+04 3.013520128378006621e+34
1.435770000000000073e+04 2.945660374872480727e+34
1.436310000000000036e+04 2.902823996025693332e+34
1.436850000000000000e+04 2.830299069185666834e+34
1.437389999999999964e+04 2.688134005191990633e+34
1.437929999999999927e+04 2.545775803507550582e+34
1.438470000000000073e+04 2.514347710656811005e+34
1.439010000000000036e+04 2.537738256047030244e+34
1.439550000000000000e+04 2.483126738327994198e+34
1.440089999999999964e+04 2.372270177198481309e+34
1.440629999999999927e+04 2.337624762244005920e+34
1.441170000000000073e+04 2.357128523501119356e+34
1.441710000000000036e+04 2.324020618028773590e+34
1.442250000000000000e+04 2.251684654977957484e+34
1.442789999999999964e+04 2.232617565439084707e+34
1.443329999999999927e+04 2.235578829614056580e+34
1.443870000000000073e+04 2.192629776231106851e+34
1.444410000000000036e+04 2.136481102245663507e+34
1.444950000000000000e+04 2.114138798652534187e+34
1.445489999999999964e+04 2.143980154784867124e+34
1.446039999999999964e+04 2.174949519443408166e+34
1.446579999999999927e+04 2.178937198247344342e+34
1.447120000000000073e+04 2.187300343421538529e+34
1.447660000000000036e+04 2.183963591556688002e+34
1.448210000000000036e+04 2.175172016351107569e+34
1.448750000000000000e+04 2.214234558891653192e+34
1.449289999999999964e+04 2.279590148858841130e+34
1.449839999999999964e+04 2.295733514395657565e+34
1.450379999999999927e+04 2.299130779329489124e+34
1.450920000000000073e+04 2.356811100975010554e+34
1.451470000000000073e+04 2.405850592368896186e+34
1.452010000000000036e+04 2.423949108687884053e+34
1.452560000000000036e+04 2.483754658262738751e+34
1.453100000000000000e+04 2.566038657652754503e+34
1.453650000000000000e+04 2.610445047673517624e+34
1.454189999999999964e+04 2.655907559002329322e+34
1.454739999999999964e+04 2.717573447470956590e+34
1.455279999999999927e+04 2.765681040169608323e+34
1.455829999999999927e+04 2.825795638686789762e+34
1.456370000000000073e+04 2.900834239418331579e+34
1.456920000000000073e+04 2.979660005077662633e+34
1.457470000000000073e+04 3.055983022684561355e+34
1.458010000000000036e+04 3.108021243365265925e+34
1.458560000000000036e+04 3.184423183518318413e+34
1.459110000000000036e+04 3.292933700370066301e+34
1.459650000000000000e+04 3.370954068664011912e+34
1.460200000000000000e+04 3.388573372987267547e+34
1.460750000000000000e+04 3.415124544445951258e+34
1.461300000000000000e+04 3.533224546204838092e+34
1.461850000000000000e+04 3.643816040335676118e+34
1.462389999999999964e+04 3.699294436624598598e+34
1.462939999999999964e+04 3.765071465143179135e+34
1.463489999999999964e+04 3.847600559062578477e+34
1.464039999999999964e+04 3.901185837980495189e+34
1.464589999999999964e+04 3.937678971971596824e+34
1.465139999999999964e+04 3.968720742861257136e+34
1.465689999999999964e+04 4.005007051952999886e+34
1.466239999999999964e+04 4.093509182502403381e+34
1.466789999999999964e+04 4.201991543244831716e+34
1.467339999999999964e+04 4.254085210869666813e+34
1.467889999999999964e+04 4.315753294477829767e+34
1.468439999999999964e+04 4.419558482323981879e+34
1.468989999999999964e+04 4.464115225853572874e+34
1.469539999999999964e+04 4.489569556331457961e+34
1.470089999999999964e+04 4.569816935331552366e+34
1.470639999999999964e+04 4.624512990515081202e+34
1.471189999999999964e+04 4.651628357517827226e+34
1.471739999999999964e+04 4.764228512516547451e+34
1.472300000000000000e+04 4.865524176313144703e+34
1.472850000000000000e+04 4.891617239034231653e+34
1.473400000000000000e+04 4.947034590490937304e+34
1.473950000000000000e+04 5.019834461334613625e+34
1.474510000000000036e+04 5.046825500331936101e+34
1.475060000000000036e+04 5.090406725312366340e+34
1.475610000000000036e+04 5.261716788892571199e+34
1.476170000000000073e+04 5.438868445616180940e+34
1.476720000000000073e+04 5.505592513942606659e+34
1.477270000000000073e+04 5.511552322231459161e+34
1.477829999999999927e+04 5.519723746056850407e+34
1.478379999999999927e+04 5.604425744020546429e+34
1.478939999999999964e+04 5.857284564465357272e+34
1.479489999999999964e+04 6.091993093814304166e+34
1.480039999999999964e+04 6.106298315223478535e+34
1.480600000000000000e+04 5.995988186656174813e+34
1.481150000000000000e+04 6.121082572763260679e+34
1.481710000000000036e+04 6.530596703411594294e+34
1.482270000000000073e+04 6.792864701194507539e+34
1.482820000000000073e+04 6.808321215671294432e+34
1.483379999999999927e+04 6.846296442125525202e+34
1.483929999999999927e+04 7.029896113027927292e+34
1.484489999999999964e+04 7.222425264350989061e+34
1.485050000000000000e+04 7.338634382026494841e+34
1.485600000000000000e+04 7.492014030268952430e+34
1.486160000000000036e+04 7.759454651715363250e+34
1.486720000000000073e+04 8.114695647015349535e+34
1.487279999999999927e+04 8.441957476500910582e+34
1.487829999999999927e+04 8.519734831048989047e+34
1.488389999999999964e+04 8.606977046645418896e+34
1.488950000000000000e+04 8.943873599363110029e+34
1.489510000000000036e+04 9.293614938755489543e+34
1.490070000000000073e+04 9.458131872408116739e+34
1.490629999999999927e+04 9.665006904093879913e+34
1.491179999999999927e+04 1.007343828081065037e+35
1.491739999999999964e+04 1.043664662836653844e+35
1.492300000000000000e+04 1.065114364550560090e+35
1.492860000000000036e+04 1.085456806636144156e+35
1.493420000000000073e+04 1.118574069270719861e+35
1.493979999999999927e+04 1.160928554004237910e+35
1.494539999999999964e+04 1.189627975435523240e+35
1.495100000000000000e+04 1.212765595775700149e+35
1.495660000000000036e+04 1.250789596493918760e+35
1.496229999999999927e+04 1.286486122085436002e+35
1.496789999999999964e+04 1.307216812295563674e+35
1.497350000000000000e+04 1.331853413436607709e+35
1.497910000000000036e+04 1.366887702665558541e+35
1.498470000000000073e+04 1.394182749763830664e+35
1.499029999999999927e+04 1.415614345480119328e+35
1.499589999999999964e+04 1.443334125515986591e+35
1.500160000000000036e+04 1.476680391598263393e+35
1.500720000000000073e+04 1.497721686047897053e+35
1.501279999999999927e+04 1.509938538269244995e+35
1.501850000000000000e+04 1.536560920673928570e+35
1.502410000000000036e+04 1.572400521015972817e+35
1.502970000000000073e+04 1.613554809672842811e+35
1.503539999999999964e+04 1.663973421696394024e+35
1.504100000000000000e+04 1.703486917622488537e+35
1.504660000000000036e+04 1.729714273231452677e+35
1.505229999999999927e+04 1.761831999523225039e+35
1.505789999999999964e+04 1.803022358642257959e+35
1.506360000000000036e+04 1.859770998055486403e+35
1.506920000000000073e+04 1.923600452113385225e+35
1.507489999999999964e+04 1.986934155180270804e+35
1.508050000000000000e+04 2.046176381884405498e+35
1.508620000000000073e+04 2.101121846924685950e+35
1.509179999999999927e+04 2.163552289914354248e+35
1.509750000000000000e+04 2.249161985558037679e+35
1.510320000000000073e+04 2.355362007626783192e+35
1.510879999999999927e+04 2.437714875922249876e+35
1.511450000000000000e+04 2.496152540466335529e+35
1.512020000000000073e+04 2.589404924912146392e+35
1.512579999999999927e+04 2.726215880586315319e+35
1.513150000000000000e+04 2.848942085494188057e+35
1.513720000000000073e+04 2.932113429886752458e+35
1.514279999999999927e+04 3.004701667275336189e+35
1.514850000000000000e+04 3.135482108067050002e+35
1.515420000000000073e+04 3.292844213380144320e+35
1.515989999999999964e+04 3.399002246407689855e+35
1.516560000000000036e+04 3.492947433562561184e+35
1.517129999999999927e+04 3.658550545523701725e+35
1.517689999999999964e+04 3.856748047202309905e+35
1.518260000000000036e+04 3.993403541317068007e+35
1.518829999999999927e+04 4.103290895949449985e+35
1.519400000000000000e+04 4.245719501378473494e+35
1.519970000000000073e+04 4.416600976695578731e+35
1.520539999999999964e+04 4.616106034395053077e+35
1.521110000000000036e+04 4.817789828671177460e+35
1.521679999999999927e+04 4.991723121215849668e+35
1.522250000000000000e+04 5.145039548927917556e+35
1.522820000000000073e+04 5.309462218037415028e+35
1.523400000000000000e+04 5.499182707728927896e+35
1.523970000000000073e+04 5.710947882633372810e+35
1.524539999999999964e+04 5.946737185556896605e+35
1.525110000000000036e+04 6.180081865939136351e+35
1.525679999999999927e+04 6.370719755224157687e+35
1.526250000000000000e+04 6.529722885194871742e+35
1.526829999999999927e+04 6.723197092756581935e+35
1.527400000000000000e+04 6.982539256083204222e+35
1.527970000000000073e+04 7.256178937190866421e+35
1.528539999999999964e+04 7.484681698312946977e+35
1.529120000000000073e+04 7.670970725458657446e+35
1.529689999999999964e+04 7.871470479137002670e+35
1.530270000000000073e+04 8.158159139951491597e+35
1.530839999999999964e+04 8.470706066713995335e+35
1.531410000000000036e+04 8.661505804630594419e+35
1.531989999999999964e+04 8.753590446188066320e+35
1.532560000000000036e+04 8.949887807536036725e+35
1.533139999999999964e+04 9.296572690041754259e+35
1.533710000000000036e+04 9.563866495189593856e+35
1.534289999999999964e+04 9.636098535330071848e+35
1.534860000000000036e+04 9.764237686734099725e+35
1.535439999999999964e+04 1.008651176892277265e+36
1.536010000000000036e+04 1.037251388384350674e+36
1.536589999999999964e+04 1.051311295852118939e+36
1.537170000000000073e+04 1.061190187110333237e+36
1.537739999999999964e+04 1.075058389253710502e+36
1.538320000000000073e+04 1.097114717502973772e+36
1.538900000000000000e+04 1.118204251527536248e+36
1.539470000000000073e+04 1.127735671083073805e+36
1.540050000000000000e+04 1.137650749794582699e+36
1.540629999999999927e+04 1.156053879789993112e+36
1.541210000000000036e+04 1.172601325633126270e+36
1.541779999999999927e+04 1.182617285400357660e+36
1.542360000000000036e+04 1.188216185048476599e+36
1.542939999999999964e+04 1.191562275786940032e+36
1.543520000000000073e+04 1.203770250833326578e+36
1.544100000000000000e+04 1.226153986939795065e+36
1.544679999999999927e+04 1.240536509327071542e+36
1.545260000000000036e+04 1.234015197472580741e+36
1.545829999999999927e+04 1.220258279648786679e+36
1.546410000000000036e+04 1.226139960728938378e+36
1.546989999999999964e+04 1.233380328451858868e+36
1.547570000000000073e+04 1.209655947197298729e+36
1.548150000000000000e+04 1.184092403327161134e+36
1.548739999999999964e+04 1.179909315678073218e+36
1.549320000000000073e+04 1.177528023202519505e+36
1.549900000000000000e+04 1.165335400344156049e+36
1.550479999999999927e+04 1.145093571287230952e+36
1.551060000000000036e+04 1.119277468550979647e+36
1.551639999999999964e+04 1.092659451625008137e+36
1.552220000000000073e+04 1.071860944130422383e+36
1.552810000000000036e+04 1.054049947336520773e+36
1.553389999999999964e+04 1.026935353664475127e+36
1.553970000000000073e+04 9.952363918124040789e+35
1.554550000000000000e+04 9.731667783430584883e+35
1.555139999999999964e+04 9.585106328724942987e+35
1.555720000000000073e+04 9.341477786437125782e+35
1.556300000000000000e+04 8.995440636949264556e+35
1.556889999999999964e+04 8.706381217661904956e+35
1.557470000000000073e+04 8.500967896459791996e+35
1.558050000000000000e+04 8.276715347325386837e+35
1.558639999999999964e+04 8.006367044082782468e+35
1.559220000000000073e+04 7.746235451917335157e+35
1.559810000000000036e+04 7.534854842438295507e+35
1.560389999999999964e+04 7.315832282761872744e+35
1.560979999999999927e+04 7.068782945645302154e+35
1.561560000000000036e+04 6.824237278163625135e+35
1.562150000000000000e+04 6.598979517329567372e+35
1.562729999999999927e+04 6.418462535110095666e+35
1.563320000000000073e+04 6.230018163278583210e+35
1.563910000000000036e+04 5.976531672569301745e+35
1.564489999999999964e+04 5.730464580346538945e+35
1.565079999999999927e+04 5.565037383576759773e+35
1.565670000000000073e+04 5.431971117831059590e+35
1.566250000000000000e+04 5.259042837138910458e+35
1.566839999999999964e+04 5.075214400471014095e+35
1.567429999999999927e+04 4.916355931793905497e+35
1.568020000000000073e+04 4.762268743509166673e+35
1.568600000000000000e+04 4.589500751963420559e+35
1.569189999999999964e+04 4.414630285340173458e+35
1.569779999999999927e+04 4.272089135898864610e+35
1.570370000000000073e+04 4.155596016693054649e+35
1.570960000000000036e+04 4.028247917229163211e+35
1.571550000000000000e+04 3.880155449863050195e+35
1.572139999999999964e+04 3.750034488627249889e+35
1.572729999999999927e+04 3.647683612339029913e+35
1.573320000000000073e+04 3.566536008573999936e+35
1.573910000000000036e+04 3.487181548058680975e+35
1.574500000000000000e+04 3.387847979530024391e+35
1.575089999999999964e+04 3.277148383459992486e+35
1.575679999999999927e+04 3.179386651252811624e+35
1.576270000000000073e+04 3.104241535860865782e+35
1.576860000000000036e+04 3.042373746123093781e+35
1.577450000000000000e+04 2.976406541416796043e+35
1.578039999999999964e+04 2.900289370444363813e+35
1.578629999999999927e+04 2.833010219616053100e+35
1.579229999999999927e+04 2.798974526660578445e+35
1.579820000000000073e+04 2.774070601197325422e+35
1.580410000000000036e+04 2.729135006362643639e+35
1.581000000000000000e+04 2.676445336305248724e+35
1.581600000000000000e+04 2.645101071987022824e+35
1.582189999999999964e+04 2.636406201506393495e+35
1.582779999999999927e+04 2.633700009176427815e+35
1.583379999999999927e+04 2.617354945624048582e+35
1.583970000000000073e+04 2.590188775049800089e+35
1.584560000000000036e+04 2.585426363878252807e+35
1.585160000000000036e+04 2.593162821034360695e+35
1.585750000000000000e+04 2.580887001788843416e+35
1.586350000000000000e+04 2.563519631239048516e+35
1.586939999999999964e+04 2.579728904292588134e+35
1.587539999999999964e+04 2.630847377061051611e+35
1.588129999999999927e+04 2.662644456418864203e+35
1.588729999999999927e+04 2.657082065069631013e+35
1.589320000000000073e+04 2.657541790773119090e+35
1.589920000000000073e+04 2.688256210036987170e+35
1.590520000000000073e+04 2.731641109348251822e+35
1.591110000000000036e+04 2.768072083572979164e+35
1.591710000000000036e+04 2.794329197574025875e+35
1.592310000000000036e+04 2.827967232130006625e+35
1.592900000000000000e+04 2.879497770796170167e+35
1.593500000000000000e+04 2.935509806588235624e+35
1.594100000000000000e+04 2.989051502413157167e+35
1.594700000000000000e+04 3.034341302627704608e+35
1.595289999999999964e+04 3.066964346836247078e+35
1.595889999999999964e+04 3.120395778329794025e+35
1.596489999999999964e+04 3.205779689717141561e+35
1.597089999999999964e+04 3.268823981151584211e+35
1.597689999999999964e+04 3.280196941882383021e+35
1.598289999999999964e+04 3.308596029216679671e+35
1.598889999999999964e+04 3.429607772327687810e+35
1.599489999999999964e+04 3.543726214534468217e+35
1.600089999999999964e+04 3.524878085631521554e+35
1.600689999999999964e+04 3.489811120472171520e+35
1.601289999999999964e+04 3.566319590155899472e+35
1.601889999999999964e+04 3.692055969479797036e+35
1.602489999999999964e+04 3.761860281355516186e+35
1.603089999999999964e+04 3.773268507141384890e+35
1.603689999999999964e+04 3.801261563616818373e+35
1.604289999999999964e+04 3.867270771685390511e+35
1.604889999999999964e+04 3.920071494487037338e+35
1.605489999999999964e+04 3.949834256140361574e+35
1.606100000000000000e+04 3.990782172263101462e+35
1.606700000000000000e+04 4.061883331882051267e+35
1.607300000000000000e+04 4.133363355724712350e+35
1.607900000000000000e+04 4.194560486407886559e+35
1.608510000000000036e+04 4.258036260326938835e+35
1.609110000000000036e+04 4.322023590385895651e+35
1.609710000000000036e+04 4.382051198215693220e+35
1.610320000000000073e+04 4.431009281176408994e+35
1.610920000000000073e+04 4.504929949291764133e+35
1.611529999999999927e+04 4.624457319206682300e+35
1.612129999999999927e+04 4.733599559388483890e+35
1.612729999999999927e+04 4.821202928752019324e+35
1.613339999999999964e+04 4.908210306929200777e+35
1.613939999999999964e+04 4.995522358035333418e+35
1.614550000000000000e+04 5.113677361505654470e+35
1.615160000000000036e+04 5.252005835330564787e+35
1.615760000000000036e+04 5.368296850798891847e+35
1.616370000000000073e+04 5.464642675688413351e+35
1.616970000000000073e+04 5.556504678177803485e+35
1.617579999999999927e+04 5.676017660453824158e+35
1.618189999999999964e+04 5.838916972209906180e+35
1.618789999999999964e+04 6.006391997255295346e+35
1.619400000000000000e+04 6.133947068946037769e+35
1.620010000000000036e+04 6.264671403791769434e+35
1.620610000000000036e+04 6.437729780698599123e+35
1.621220000000000073e+04 6.626837543999981757e+35
1.621829999999999927e+04 6.788594101207813724e+35
1.622439999999999964e+04 6.930276787294878700e+35
1.623050000000000000e+04 7.101779306123395829e+35
1.623660000000000036e+04 7.290253995341822798e+35
1.624260000000000036e+04 7.422901810956544235e+35
1.624870000000000073e+04 7.530005873605368096e+35
1.625479999999999927e+04 7.709259508891329103e+35
1.626089999999999964e+04 7.962841122203512177e+35
1.626700000000000000e+04 8.187310325396100511e+35
1.627310000000000036e+04 8.325324238048769162e+35
1.627920000000000073e+04 8.478883618892391232e+35
1.628529999999999927e+04 8.691823998449199297e+35
1.629139999999999964e+04 8.877455761026208925e+35
1.629750000000000000e+04 9.034006365847372839e+35
1.630370000000000073e+04 9.206101795040931498e+35
1.630979999999999927e+04 9.376096466549624650e+35
1.631589999999999964e+04 9.567618707399564493e+35
1.632200000000000000e+04 9.772641191746885533e+35
1.632810000000000036e+04 9.903842969150982594e+35
1.633420000000000073e+04 9.998623147732753415e+35
1.634039999999999964e+04 1.018431766673108179e+36
1.634650000000000000e+04 1.040513813732768661e+36
1.635260000000000036e+04 1.055549940660539078e+36
1.635879999999999927e+04 1.064924987311944213e+36
1.636489999999999964e+04 1.074652581944048316e+36
1.637100000000000000e+04 1.090520599564098469e+36
1.637720000000000073e+04 1.106800720951871901e+36
1.638329999999999927e+04 1.114816013566320472e+36
1.638950000000000000e+04 1.122007571612243135e+36
1.639559999999999854e+04 1.135143933611742393e+36
1.640179999999999927e+04 1.151054584397078274e+36
1.640790000000000146e+04 1.161321564560424392e+36
1.641409999999999854e+04 1.157132118264453897e+36
1.642020000000000073e+04 1.144735910881191815e+36
1.642640000000000146e+04 1.148106080385278519e+36
1.643250000000000000e+04 1.172206110449719571e+36
1.643870000000000073e+04 1.182873281467426111e+36
1.644490000000000146e+04 1.159713090142418708e+36
1.645100000000000000e+04 1.138168931081301558e+36
1.645720000000000073e+04 1.143681188105374236e+36
1.646340000000000146e+04 1.154072850559512247e+36
1.646950000000000000e+04 1.142161041570403707e+36
1.647570000000000073e+04 1.116080653753431933e+36
1.648190000000000146e+04 1.101671978085761748e+36
1.648809999999999854e+04 1.099478354838191768e+36
1.649429999999999927e+04 1.090659764667215893e+36
1.650040000000000146e+04 1.072269031550322029e+36
1.650659999999999854e+04 1.055411204949387373e+36
1.651279999999999927e+04 1.044067435033611859e+36
1.651900000000000000e+04 1.033473656015683943e+36
1.652520000000000073e+04 1.019259105217680587e+36
1.653140000000000146e+04 1.000908583140632968e+36
1.653759999999999854e+04 9.841268663062916302e+35
1.654379999999999927e+04 9.723262238708600807e+35
1.655000000000000000e+04 9.641633719934698745e+35
1.655620000000000073e+04 9.537362301941690921e+35
1.656240000000000146e+04 9.325982572149182256e+35
1.656859999999999854e+04 9.079399685205294714e+35
1.657479999999999927e+04 8.926645627568325852e+35
1.658109999999999854e+04 8.851204644173949597e+35
1.658729999999999927e+04 8.761692288794002106e+35
1.659350000000000000e+04 8.612236929745845209e+35
1.659970000000000073e+04 8.474202433177681869e+35
1.660590000000000146e+04 8.389504682473065436e+35
1.661220000000000073e+04 8.258551910755659719e+35
1.661840000000000146e+04 8.071777390124155079e+35
1.662459999999999854e+04 7.921003017723612818e+35
1.663090000000000146e+04 7.832875480035159553e+35
1.663709999999999854e+04 7.731342793932792447e+35
1.664329999999999927e+04 7.567135390051315093e+35
1.664959999999999854e+04 7.381195436934833301e+35
1.665579999999999927e+04 7.248262429918908935e+35
1.666209999999999854e+04 7.165035304769793792e+35
1.666829999999999927e+04 7.060022290712534630e+35
1.667459999999999854e+04 6.951410076446567740e+35
1.668079999999999927e+04 6.843691940136939348e+35
1.668709999999999854e+04 6.712583220870412979e+35
1.669329999999999927e+04 6.578470726866103431e+35
1.669959999999999854e+04 6.465763512394641417e+35
1.670590000000000146e+04 6.354350834682764032e+35
1.671209999999999854e+04 6.238761317275593982e+35
1.671840000000000146e+04 6.131837271509568804e+35
1.672470000000000073e+04 5.997988628911272395e+35
1.673090000000000146e+04 5.854345133816491081e+35
1.673720000000000073e+04 5.765655957164487647e+35
1.674350000000000000e+04 5.700933699992493476e+35
1.674979999999999927e+04 5.588949954304401463e+35
1.675600000000000000e+04 5.430043826617883630e+35
1.676229999999999927e+04 5.313835049985306912e+35
1.676859999999999854e+04 5.256639314269170736e+35
1.677490000000000146e+04 5.138128478073004858e+35
1.678120000000000073e+04 4.961569915258932175e+35
1.678750000000000000e+04 4.825039304015096940e+35
1.679379999999999927e+04 4.730515472393855491e+35
1.680009999999999854e+04 4.652719787689203700e+35
1.680640000000000146e+04 4.554572541729162701e+35
1.681270000000000073e+04 4.412129128206506254e+35
1.681900000000000000e+04 4.251918269251872728e+35
1.682529999999999927e+04 4.131683427696229127e+35
1.683159999999999854e+04 4.040453002376303441e+35
1.683790000000000146e+04 3.919576339194976182e+35
1.684420000000000073e+04 3.779902877313941770e+35
1.685050000000000000e+04 3.672187936002396862e+35
1.685690000000000146e+04 3.600624642571242489e+35
1.686320000000000073e+04 3.510370637029695501e+35
1.686950000000000000e+04 3.383429902599090698e+35
1.687579999999999927e+04 3.258922846421545545e+35
1.688220000000000073e+04 3.178967690055226241e+35
1.688850000000000000e+04 3.110460754304047559e+35
1.689479999999999927e+04 3.018778353408981848e+35
1.690120000000000073e+04 2.929080328577186906e+35
1.690750000000000000e+04 2.859733602883240724e+35
1.691379999999999927e+04 2.799931181895258734e+35
1.692020000000000073e+04 2.738134895475853896e+35
1.692650000000000000e+04 2.670328710765582538e+35
1.693290000000000146e+04 2.610130824531561178e+35
1.693920000000000073e+04 2.571669334006538345e+35
1.694559999999999854e+04 2.534676790434420915e+35
1.695190000000000146e+04 2.479470333434963603e+35
1.695829999999999927e+04 2.425420437678594526e+35
1.696470000000000073e+04 2.396769187099002724e+35
1.697100000000000000e+04 2.382609870683226729e+35
1.697740000000000146e+04 2.368388591963499255e+35
1.698370000000000073e+04 2.356983784575796922e+35
1.699009999999999854e+04 2.351835497375701105e+35
1.699650000000000000e+04 2.353499439778195156e+35
1.700290000000000146e+04 2.348735960391472705e+35
1.700920000000000073e+04 2.331571253527441023e+35
1.701559999999999854e+04 2.326739183290624334e+35
1.702200000000000000e+04 2.342565514838492369e+35
1.702840000000000146e+04 2.362680940412190142e+35
1.703479999999999927e+04 2.379825698060892716e+35
1.704109999999999854e+04 2.396151212867818495e+35
1.704750000000000000e+04 2.410720234991906506e+35
1.705390000000000146e+04 2.430499408319844023e+35
1.706029999999999927e+04 2.463842108024593896e+35
1.706670000000000073e+04 2.496646078704796082e+35
1.707309999999999854e+04 2.522358984604114157e+35
1.707950000000000000e+04 2.556069657577250867e+35
1.708590000000000146e+04 2.593926920637694663e+35
1.709229999999999927e+04 2.621120295045827739e+35
1.709870000000000073e+04 2.651412528608698877e+35
1.710520000000000073e+04 2.703526746280785146e+35
1.711159999999999854e+04 2.762442083508442667e+35
1.711800000000000000e+04 2.810274313405593657e+35
1.712440000000000146e+04 2.850693296694466099e+35
1.713079999999999927e+04 2.894454127839796365e+35
1.713729999999999927e+04 2.948857109132741710e+35
1.714370000000000073e+04 3.010981620713057078e+35
1.715009999999999854e+04 3.078946658053441481e+35
1.715650000000000000e+04 3.132901305067250617e+35
1.716300000000000000e+04 3.166980407806314346e+35
1.716940000000000146e+04 3.225365930532068459e+35
1.717590000000000146e+04 3.321343851792436395e+35
1.718229999999999927e+04 3.399403380880706247e+35
1.718870000000000073e+04 3.440925189982272387e+35
1.719520000000000073e+04 3.500409225861793422e+35
1.720159999999999854e+04 3.596421893324498177e+35
1.720809999999999854e+04 3.690927665002605670e+35
1.721450000000000000e+04 3.767596927995427578e+35
1.722100000000000000e+04 3.831918920192657180e+35
1.722740000000000146e+04 3.897488913376079688e+35
1.723390000000000146e+04 3.984168078929866534e+35
1.724040000000000146e+04 4.078736503652387207e+35
1.724679999999999927e+04 4.164888663678973045e+35
1.725329999999999927e+04 4.251534759682755019e+35
1.725979999999999927e+04 4.344046318026996769e+35
1.726620000000000073e+04 4.430739764595387841e+35
1.727270000000000073e+04 4.496745473812081363e+35
1.727920000000000073e+04 4.562447559606195919e+35
1.728570000000000073e+04 4.654187408155192827e+35
1.729220000000000073e+04 4.750039219774082224e+35
1.729859999999999854e+04 4.820209882132511656e+35
1.730509999999999854e+04 4.862129437155758990e+35
1.731159999999999854e+04 4.911072365372276519e+35
1.731809999999999854e+04 4.989477926754794901e+35
1.732459999999999854e+04 5.065765362390921732e+35
1.733109999999999854e+04 5.116272084504919824e+35
1.733759999999999854e+04 5.146132522328869345e+35
1.734409999999999854e+04 5.160114170446090649e+35
1.735059999999999854e+04 5.184451167117788407e+35
1.735709999999999854e+04 5.238459428445488043e+35
1.736359999999999854e+04 5.267070260995619952e+35
1.737009999999999854e+04 5.219647241810625445e+35
1.737659999999999854e+04 5.170616636958705794e+35
1.738320000000000073e+04 5.157216061251091402e+35
1.738970000000000073e+04 5.122244732512795105e+35
1.739620000000000073e+04 5.055088605921533302e+35
1.740270000000000073e+04 5.001825610836008810e+35
1.740929999999999927e+04 4.977014019421368237e+35
1.741579999999999927e+04 4.926742513823541634e+35
1.742229999999999927e+04 4.839199858934270989e+35
1.742879999999999927e+04 4.757753862465380676e+35
1.743540000000000146e+04 4.685117273414310398e+35
1.744190000000000146e+04 4.611917608159059058e+35
1.744850000000000000e+04 4.553457568250080355e+35
1.745500000000000000e+04 4.481341151396284973e+35
1.746159999999999854e+04 4.380721390573951682e+35
1.746809999999999854e+04 4.277179205714425123e+35
1.747470000000000073e+04 4.200484399202409086e+35
1.748120000000000073e+04 4.147576033860985703e+35
1.748779999999999927e+04 4.080967385427223659e+35
1.749429999999999927e+04 3.976736844114557473e+35
1.750090000000000146e+04 3.863530518328487911e+35
1.750740000000000146e+04 3.779494393675348138e+35
1.751400000000000000e+04 3.721182035483285512e+35
1.752059999999999854e+04 3.654316285694169261e+35
1.752709999999999854e+04 3.560104064054974510e+35
1.753370000000000073e+04 3.468421437687659985e+35
1.754029999999999927e+04 3.413758424773913429e+35
1.754690000000000146e+04 3.364391302272404879e+35
1.755340000000000146e+04 3.286452854574049467e+35
1.756000000000000000e+04 3.206695749297892566e+35
1.756659999999999854e+04 3.149399865214681751e+35
1.757320000000000073e+04 3.094542978420969316e+35
1.757979999999999927e+04 3.032536135231826357e+35
1.758640000000000146e+04 2.978413061797183387e+35
1.759300000000000000e+04 2.936710270794616838e+35
1.759959999999999854e+04 2.902658993505776327e+35
1.760620000000000073e+04 2.873613135513148632e+35
1.761279999999999927e+04 2.830841723125456893e+35
1.761940000000000146e+04 2.774582853352477994e+35
1.762600000000000000e+04 2.738500695178953183e+35
1.763259999999999854e+04 2.725108318859437065e+35
1.763920000000000073e+04 2.710090258614796395e+35
1.764579999999999927e+04 2.678568450738105273e+35
1.765240000000000146e+04 2.640916885293060954e+35
1.765909999999999854e+04 2.625516974312183418e+35
1.766570000000000073e+04 2.622922825181739018e+35
1.767229999999999927e+04 2.608525902024499088e+35
1.767890000000000146e+04 2.590631101597745474e+35
1.768559999999999854e+04 2.592782066310263775e+35
1.769220000000000073e+04 2.605416043611140597e+35
1.769879999999999927e+04 2.604323889603713507e+35
1.770550000000000000e+04 2.598411273460374331e+35
1.771209999999999854e+04 2.612277112014392717e+35
1.771879999999999927e+04 2.642431101515041407e+35
1.772540000000000146e+04 2.660527702012258655e+35
1.773200000000000000e+04 2.666305205877792874e+35
1.773870000000000073e+04 2.669590539752658193e+35
1.774529999999999927e+04 2.683907440272873238e+35
1.775200000000000000e+04 2.726699637185563613e+35
1.775870000000000073e+04 2.766973871062082983e+35
1.776529999999999927e+04 2.780181400163274348e+35
1.777200000000000000e+04 2.799006793297637658e+35
1.777859999999999854e+04 2.841866085415556440e+35
1.778529999999999927e+04 2.893865903972454385e+35
1.779200000000000000e+04 2.935543870309121309e+35
1.779870000000000073e+04 2.975499095641418800e+35
1.780529999999999927e+04 3.027059524816684446e+35
1.781200000000000000e+04 3.087730024882627317e+35
1.781870000000000073e+04 3.140855608336401558e+35
1.782540000000000146e+04 3.180027223070990383e+35
1.783209999999999854e+04 3.236355836467176245e+35
1.783870000000000073e+04 3.306900788944653216e+35
1.784540000000000146e+04 3.358802417517424539e+35
1.785209999999999854e+04 3.398346991948167640e+35
1.785879999999999927e+04 3.459833477790001979e+35
1.786550000000000000e+04 3.549960206401093411e+35
1.787220000000000073e+04 3.638209577121757250e+35
1.787890000000000146e+04 3.703156826319036871e+35
1.788559999999999854e+04 3.752752304149431382e+35
1.789229999999999927e+04 3.806755072080082434e+35
1.789900000000000000e+04 3.883277039429102139e+35
1.790570000000000073e+04 3.969980738895566009e+35
1.791250000000000000e+04 4.044197688052094486e+35
1.791920000000000073e+04 4.114534120967405183e+35
1.792590000000000146e+04 4.194811683538605868e+35
1.793259999999999854e+04 4.268572443529404359e+35
1.793929999999999927e+04 4.334352862241399445e+35
1.794609999999999854e+04 4.392237142502880535e+35
1.795279999999999927e+04 4.434239527662709246e+35
1.795950000000000000e+04 4.501675073235378827e+35
1.796629999999999927e+04 4.611019927012261861e+35
1.797300000000000000e+04 4.680306586191096470e+35
1.797970000000000073e+04 4.664984694815268869e+35
1.798650000000000000e+04 4.664379468800757841e+35
1.799320000000000073e+04 4.747360757028649914e+35
1.800000000000000000e+04 4.834264396093273276e+35
1.800670000000000073e+04 4.829979266373146917e+35
1.801350000000000000e+04 4.788797773109634250e+35
1.802020000000000073e+04 4.794634444914576428e+35
1.802700000000000000e+04 4.840663695314082725e+35
1.803379999999999927e+04 4.875447354147781851e+35
1.804050000000000000e+04 4.868449796129621881e+35
1.804729999999999927e+04 4.843090923109321610e+35
1.805409999999999854e+04 4.825716259001641401e+35
1.806079999999999927e+04 4.818356712639836375e+35
1.806759999999999854e+04 4.807136927533566412e+35
1.807440000000000146e+04 4.762969735397778076e+35
1.808109999999999854e+04 4.702187691057183961e+35
1.808790000000000146e+04 4.692296766387508320e+35
1.809470000000000073e+04 4.690570874838919473e+35
1.810150000000000000e+04 4.606151289405905678e+35
1.810829999999999927e+04 4.509253737062678857e+35
1.811509999999999854e+04 4.461578931455288439e+35
1.812190000000000146e+04 4.423261813877474852e+35
1.812870000000000073e+04 4.366140461802110692e+35
1.813550000000000000e+04 4.285198751046049930e+35
1.814229999999999927e+04 4.188897493603424079e+35
1.814909999999999854e+04 4.112426766781233279e+35
1.815590000000000146e+04 4.058657123572481434e+35
1.816270000000000073e+04 3.979341499084480397e+35
1.816950000000000000e+04 3.859645491440967340e+35
1.817629999999999927e+04 3.747121217749074233e+35
1.818309999999999854e+04 3.668176048191200510e+35
1.818990000000000146e+04 3.592283693023057271e+35
1.819679999999999927e+04 3.496411754747005054e+35
1.820359999999999854e+04 3.389129031868270808e+35
1.821040000000000146e+04 3.287986273168466670e+35
1.821720000000000073e+04 3.205364044288956049e+35
1.822409999999999854e+04 3.128344306800412652e+35
1.823090000000000146e+04 3.032930212286176949e+35
1.823770000000000073e+04 2.933993795500904238e+35
1.824459999999999854e+04 2.852784699454670691e+35
1.825140000000000146e+04 2.763474437057835471e+35
1.825829999999999927e+04 2.662524185769622958e+35
1.826509999999999854e+04 2.569231756606144292e+35
1.827200000000000000e+04 2.483085005963155015e+35
1.827879999999999927e+04 2.404981823951712449e+35
1.828570000000000073e+04 2.317587698541172906e+35
1.829250000000000000e+04 2.210696208124934460e+35
1.829940000000000146e+04 2.117133450753671357e+35
1.830629999999999927e+04 2.051740377363096953e+35
1.831309999999999854e+04 1.984294744463732086e+35
1.832000000000000000e+04 1.898375926432644769e+35
1.832690000000000146e+04 1.813124519528204751e+35
1.833370000000000073e+04 1.742490867483324464e+35
1.834059999999999854e+04 1.676861484235179262e+35
1.834750000000000000e+04 1.607434539010448140e+35
1.835440000000000146e+04 1.532222354060172694e+35
1.836120000000000073e+04 1.455380772599754745e+35
1.836809999999999854e+04 1.388274910517619010e+35
1.837500000000000000e+04 1.326727637623386581e+35
1.838190000000000146e+04 1.261479355225449760e+35
1.838879999999999927e+04 1.198690466654248746e+35
1.839570000000000073e+04 1.138441799432961345e+35
1.840259999999999854e+04 1.083000597807506521e+35
1.840950000000000000e+04 1.033140311755631308e+35
1.841640000000000146e+04 9.767215151074170451e+34
1.842329999999999927e+04 9.178178518563939598e+34
1.843020000000000073e+04 8.714950769569742901e+34
1.843709999999999854e+04 8.285829191770700666e+34
1.844400000000000000e+04 7.792886756985184241e+34
1.845100000000000000e+04 7.323246743284948183e+34
1.845790000000000146e+04 6.933425191689559101e+34
1.846479999999999927e+04 6.578326262116923182e+34
1.847170000000000073e+04 6.199143178589011810e+34
1.847859999999999854e+04 5.776475390027687184e+34
1.848559999999999854e+04 5.385540722294212578e+34
1.849250000000000000e+04 5.087171699708469670e+34
1.849940000000000146e+04 4.832809578877199963e+34
1.850640000000000146e+04 4.529531208926042913e+34
1.851329999999999927e+04 4.202820058323063594e+34
1.852029999999999927e+04 3.966977384611394129e+34
1.852720000000000073e+04 3.786488194010670357e+34
1.853420000000000073e+04 3.570918551571806120e+34
1.854109999999999854e+04 3.336287074880043528e+34
1.854809999999999854e+04 3.147380214696665402e+34
1.855500000000000000e+04 3.015117144750781091e+34
1.856200000000000000e+04 2.894387963943971706e+34
1.856890000000000146e+04 2.741210245755500360e+34
1.857590000000000146e+04 2.600497186193668302e+34
1.858290000000000146e+04 2.528674407533818668e+34
1.858979999999999927e+04 2.466986601840538525e+34
1.859679999999999927e+04 2.367868109412301135e+34
1.860379999999999927e+04 2.299687961459719616e+34
1.861079999999999927e+04 2.291412055027345294e+34
1.861770000000000073e+04 2.289519559206482204e+34
1.862470000000000073e+04 2.262994075974596315e+34
1.863170000000000073e+04 2.232821375595997996e+34
1.863870000000000073e+04 2.243107692000453555e+34
1.864570000000000073e+04 2.297642513794805303e+34
1.865270000000000073e+04 2.358062921170036630e+34
1.865970000000000073e+04 2.397842763626014675e+34
1.866670000000000073e+04 2.458244597401731038e+34
1.867370000000000073e+04 2.548261858140067044e+34
1.868070000000000073e+04 2.637606952218776435e+34
1.868770000000000073e+04 2.730971099605898430e+34
1.869470000000000073e+04 2.821284018937998954e+34
1.870170000000000073e+04 2.921416292088551024e+34
1.870870000000000073e+04 3.061334291445484789e+34
1.871570000000000073e+04 3.214402242819953932e+34
1.872270000000000073e+04 3.356630726801425278e+34
1.872979999999999927e+04 3.512175037986450784e+34
1.873679999999999927e+04 3.674641320431123749e+34
1.874379999999999927e+04 3.838626601236703448e+34
1.875079999999999927e+04 4.022779694691077063e+34
1.875790000000000146e+04 4.214142344785196765e+34
1.876490000000000146e+04 4.383469359161021114e+34
1.877190000000000146e+04 4.567164068082196753e+34
1.877900000000000000e+04 4.774920846232140510e+34
1.878600000000000000e+04 4.968179282316577880e+34
1.879309999999999854e+04 5.182818645104810367e+34
1.880009999999999854e+04 5.440687723676096810e+34
1.880720000000000073e+04 5.712331927076653671e+34
1.881420000000000073e+04 5.941038845102719733e+34
1.882129999999999927e+04 6.139481849033774431e+34
1.882829999999999927e+04 6.388385295643769115e+34
1.883540000000000146e+04 6.684827532103572093e+34
1.884240000000000146e+04 6.928171122846743569e+34
1.884950000000000000e+04 7.110299543449437993e+34
1.885659999999999854e+04 7.392340561966442804e+34
1.886370000000000073e+04 7.726804046528802171e+34
1.887070000000000073e+04 7.972196707220505504e+34
1.887779999999999927e+04 8.183099770310365858e+34
1.888490000000000146e+04 8.459496051328830171e+34
1.889200000000000000e+04 8.811609008627908150e+34
1.889900000000000000e+04 9.121690366163954596e+34
1.890609999999999854e+04 9.359382348390291152e+34
1.891320000000000073e+04 9.597019476252226592e+34
1.892029999999999927e+04 9.857324628729916606e+34
1.892740000000000146e+04 1.015210191365047875e+35
1.893450000000000000e+04 1.042294957792492207e+35
1.894159999999999854e+04 1.062924258699535938e+35
1.894870000000000073e+04 1.087969682408582645e+35
1.895579999999999927e+04 1.114612381026459286e+35
1.896290000000000146e+04 1.129146660477063765e+35
1.897000000000000000e+04 1.144368485097781953e+35
1.897720000000000073e+04 1.168192571854960393e+35
1.898429999999999927e+04 1.189121731498938490e+35
1.899140000000000146e+04 1.208423963375819918e+35
1.899850000000000000e+04 1.226109872084185624e+35
1.900559999999999854e+04 1.233799323392388443e+35
1.901279999999999927e+04 1.234173330303075593e+35
1.901990000000000146e+04 1.237251289774805407e+35
1.902700000000000000e+04 1.252634746331412327e+35
1.903420000000000073e+04 1.268950016158537949e+35
1.904129999999999927e+04 1.255194091636291154e+35
1.904840000000000146e+04 1.228348293559455309e+35
1.905559999999999854e+04 1.220211220627207194e+35
1.906270000000000073e+04 1.222106838933188847e+35
1.906990000000000146e+04 1.214775454066726156e+35
1.907700000000000000e+04 1.196387290462892990e+35
1.908420000000000073e+04 1.172629174787376958e+35
1.909129999999999927e+04 1.149243113081541560e+35
1.909850000000000000e+04 1.135038866639547737e+35
1.910570000000000073e+04 1.122594014222704793e+35
1.911279999999999927e+04 1.098965092374217061e+35
1.912000000000000000e+04 1.070756537751533257e+35
1.912720000000000073e+04 1.049014999274164493e+35
1.913429999999999927e+04 1.031019864709527702e+35
1.914150000000000000e+04 1.007191584314388940e+35
1.914870000000000073e+04 9.801061012843133670e+34
1.915590000000000146e+04 9.616058223015090118e+34
1.916309999999999854e+04 9.475669218009875541e+34
1.917020000000000073e+04 9.248989389128064430e+34
1.917740000000000146e+04 8.988527028204623697e+34
1.918459999999999854e+04 8.745704603840522131e+34
1.919179999999999927e+04 8.544368867907284573e+34
1.919900000000000000e+04 8.407587877754724518e+34
1.920620000000000073e+04 8.259473528987426691e+34
1.921340000000000146e+04 8.017729369490028877e+34
1.922059999999999854e+04 7.776018082562266571e+34
1.922779999999999927e+04 7.641331077707515310e+34
1.923500000000000000e+04 7.514169128335857614e+34
1.924220000000000073e+04 7.317923623463683333e+34
1.924950000000000000e+04 7.111589451975176257e+34
1.925670000000000073e+04 6.970652109044908363e+34
1.926390000000000146e+04 6.898938607536820832e+34
1.927109999999999854e+04 6.799251758293314988e+34
1.927840000000000146e+04 6.659311510788806771e+34
1.928559999999999854e+04 6.567995923997197873e+34
1.929279999999999927e+04 6.531048037021533673e+34
1.930000000000000000e+04 6.451005886987182717e+34
1.930729999999999927e+04 6.292241589892554475e+34
1.931450000000000000e+04 6.154093191254985300e+34
1.932179999999999927e+04 6.107092748308913544e+34
1.932900000000000000e+04 6.098064238606163550e+34
1.933629999999999927e+04 6.063837319683622709e+34
1.934350000000000000e+04 5.988447780749278973e+34
1.935079999999999927e+04 5.932078212028517985e+34
1.935800000000000000e+04 5.945943649202053059e+34
1.936529999999999927e+04 5.975975431839689609e+34
1.937250000000000000e+04 5.941975474008598057e+34
1.937979999999999927e+04 5.883265142640502556e+34
1.938709999999999854e+04 5.868030721361272154e+34
1.939429999999999927e+04 5.882995740199280363e+34
1.940159999999999854e+04 5.907521377539623834e+34
1.940890000000000146e+04 5.917150017107921298e+34
1.941620000000000073e+04 5.917104745704677863e+34
1.942350000000000000e+04 5.948872914834973991e+34
1.943070000000000073e+04 6.001070482246824601e+34
1.943800000000000000e+04 6.029453012207584683e+34
1.944529999999999927e+04 6.035781639656217412e+34
1.945259999999999854e+04 6.073540871529983410e+34
1.945990000000000146e+04 6.144284239874155830e+34
1.946720000000000073e+04 6.212360094998370496e+34
1.947450000000000000e+04 6.255263899693697202e+34
1.948179999999999927e+04 6.297815716392381978e+34
1.948909999999999854e+04 6.396963043470484837e+34
1.949640000000000146e+04 6.515079132686802248e+34
1.950370000000000073e+04 6.567940417965938003e+34
1.951100000000000000e+04 6.573226194282191990e+34
1.951840000000000146e+04 6.633802427535077385e+34
1.952570000000000073e+04 6.775319495689675065e+34
1.953300000000000000e+04 6.928546155422883732e+34
1.954029999999999927e+04 6.988095778334089626e+34
1.954770000000000073e+04 6.961628375133880986e+34
1.955500000000000000e+04 7.010252141755459886e+34
1.956229999999999927e+04 7.228461945313563414e+34
1.956970000000000073e+04 7.444937184460024293e+34
1.957700000000000000e+04 7.443623767566582274e+34
1.958429999999999927e+04 7.402127802880138604e+34
1.959170000000000073e+04 7.529393197917944419e+34
1.959900000000000000e+04 7.746985854385014106e+34
1.960640000000000146e+04 7.904120364644770806e+34
1.961370000000000073e+04 7.975798020745778119e+34
1.962109999999999854e+04 8.029438776522144683e+34
1.962840000000000146e+04 8.131705680097212383e+34
1.963579999999999927e+04 8.309196335812138860e+34
1.964320000000000073e+04 8.482850271713282069e+34
1.965050000000000000e+04 8.584417069119434903e+34
1.965790000000000146e+04 8.693334191510839091e+34
1.966529999999999927e+04 8.876831649848414871e+34
1.967259999999999854e+04 9.053723914850734034e+34
1.968000000000000000e+04 9.188605413400654329e+34
1.968740000000000146e+04 9.318115755044424947e+34
1.969479999999999927e+04 9.509341511462628330e+34
1.970220000000000073e+04 9.767835989049352612e+34
1.970959999999999854e+04 9.990280601196244856e+34
1.971690000000000146e+04 1.012480858434579537e+35
1.972429999999999927e+04 1.026648240571152192e+35
1.973170000000000073e+04 1.051688472666402649e+35
1.973909999999999854e+04 1.080668809356303984e+35
1.974650000000000000e+04 1.101208322521459104e+35
1.975390000000000146e+04 1.115818216124596464e+35
1.976140000000000146e+04 1.139678461610610068e+35
1.976879999999999927e+04 1.171802501033191704e+35
1.977620000000000073e+04 1.201558902545450744e+35
1.978359999999999854e+04 1.226515289138050711e+35
1.979100000000000000e+04 1.245861092019698625e+35
1.979840000000000146e+04 1.270843467862080857e+35
1.980590000000000146e+04 1.308860548811890224e+35
1.981329999999999927e+04 1.346298581229155174e+35
1.982070000000000073e+04 1.377809126197601604e+35
1.982809999999999854e+04 1.409398370293627526e+35
1.983559999999999854e+04 1.441833562756258906e+35
1.984300000000000000e+04 1.475092051539448003e+35
1.985050000000000000e+04 1.510036976163075195e+35
1.985790000000000146e+04 1.548051935759345925e+35
1.986540000000000146e+04 1.590155584024132736e+35
1.987279999999999927e+04 1.633337588275665213e+35
1.988029999999999927e+04 1.673071382440037784e+35
1.988770000000000073e+04 1.708803432614050469e+35
1.989520000000000073e+04 1.746361537418161647e+35
1.990259999999999854e+04 1.787690561946073933e+35
1.991009999999999854e+04 1.839168051772517715e+35
1.991759999999999854e+04 1.894136117525298701e+35
1.992500000000000000e+04 1.937804205963583945e+35
1.993250000000000000e+04 1.981665728614616077e+35
1.994000000000000000e+04 2.036961762684312011e+35
1.994750000000000000e+04 2.088166065201991236e+35
1.995490000000000146e+04 2.122918210848415267e+35
1.996240000000000146e+04 2.164812955341025928e+35
1.996990000000000146e+04 2.218145201259341758e+35
1.997740000000000146e+04 2.268680789599607459e+35
1.998490000000000146e+04 2.312185435094336372e+35
1.999240000000000146e+04 2.352491112791302482e+35
1.999990000000000146e+04 2.406644339736099608e+35
2.000740000000000146e+04 2.470300370589307966e+35
2.001490000000000146e+04 2.518691563853074515e+35
2.002240000000000146e+04 2.549325955425765874e+35
2.002990000000000146e+04 2.585385087191075722e+35
2.003740000000000146e+04 2.634385217886838079e+35
2.004490000000000146e+04 2.672709102054307156e+35
2.005240000000000146e+04 2.698277209799708878e+35
2.006000000000000000e+04 2.742145471596793863e+35
2.006750000000000000e+04 2.787160787602295893e+35
2.007500000000000000e+04 2.797649597528182332e+35
2.008250000000000000e+04 2.807633154663610519e+35
2.009009999999999854e+04 2.839337532441125416e+35
2.009759999999999854e+04 2.866723991292429168e+35
2.010509999999999854e+04 2.891302366413957231e+35
2.011270000000000073e+04 2.916423408823094208e+35
2.012020000000000073e+04 2.922929811515739535e+35
2.012779999999999927e+04 2.912136615025495412e+35
2.013529999999999927e+04 2.907281379754640815e+35
2.014290000000000146e+04 2.928786541782206601e+35
2.015040000000000146e+04 2.954022846315244617e+35
2.015800000000000000e+04 2.932546957918716519e+35
2.016550000000000000e+04 2.892154771394333671e+35
2.017309999999999854e+04 2.893650727775114014e+35
2.018070000000000073e+04 2.910175376248919515e+35
2.018820000000000073e+04 2.894438422595757456e+35
2.019579999999999927e+04 2.862239512707698233e+35
2.020340000000000146e+04 2.836222111486845084e+35
2.021090000000000146e+04 2.816381030272788018e+35
2.021850000000000000e+04 2.798381581064326566e+35
2.022609999999999854e+04 2.770057708474641480e+35
2.023370000000000073e+04 2.736224919624699912e+35
2.024129999999999927e+04 2.711576192111137124e+35
2.024890000000000146e+04 2.693824069941652607e+35
2.025650000000000000e+04 2.668046983493735483e+35
2.026409999999999854e+04 2.634685251672475554e+35
2.027170000000000073e+04 2.611943783503822119e+35
2.027929999999999927e+04 2.601220353382565244e+35
2.028690000000000146e+04 2.584312394199259060e+35
2.029450000000000000e+04 2.546675271734496639e+35
2.030209999999999854e+04 2.509414967874120719e+35
2.030970000000000073e+04 2.489678805174266982e+35
2.031729999999999927e+04 2.472291827981023594e+35
2.032490000000000146e+04 2.444870757184251432e+35
2.033250000000000000e+04 2.414337313022246675e+35
2.034020000000000073e+04 2.388850959952449041e+35
2.034779999999999927e+04 2.367032643600695864e+35
2.035540000000000146e+04 2.345547558718292496e+35
2.036309999999999854e+04 2.317690347685101538e+35
2.037070000000000073e+04 2.283628831983829743e+35
2.037829999999999927e+04 2.257536223833203088e+35
2.038600000000000000e+04 2.240864847272832599e+35
2.039359999999999854e+04 2.221655339904740646e+35
2.040129999999999927e+04 2.194402842667081182e+35
2.040890000000000146e+04 2.170237350340816089e+35
2.041659999999999854e+04 2.155781613523844580e+35
2.042420000000000073e+04 2.139929861955473894e+35
2.043190000000000146e+04 2.107274571450227322e+35
2.043959999999999854e+04 2.051285076853171255e+35
2.044720000000000073e+04 2.005149555213819845e+35
2.045490000000000146e+04 2.007906135087164415e+35
2.046259999999999854e+04 2.008538056011948174e+35
2.047020000000000073e+04 1.943984788473830474e+35
2.047790000000000146e+04 1.870955603645850618e+35
2.048559999999999854e+04 1.838620433453503935e+35
2.049329999999999927e+04 1.822202441211307807e+35
2.050100000000000000e+04 1.791809852222335865e+35
2.050859999999999854e+04 1.738201147997153833e+35
2.051629999999999927e+04 1.677425767330433601e+35
2.052400000000000000e+04 1.629716054544054934e+35
2.053170000000000073e+04 1.595040284993875542e+35
2.053940000000000146e+04 1.554029111324994261e+35
2.054709999999999854e+04 1.500257420273629530e+35
2.055479999999999927e+04 1.446381888711931099e+35
2.056250000000000000e+04 1.402769280434219693e+35
2.057020000000000073e+04 1.365013923642013224e+35
2.057800000000000000e+04 1.325341993869655691e+35
2.058570000000000073e+04 1.282096208901051534e+35
2.059340000000000146e+04 1.242312005493976831e+35
2.060109999999999854e+04 1.206654970089948558e+35
2.060879999999999927e+04 1.168818446587720414e+35
2.061659999999999854e+04 1.125798602616147302e+35
2.062429999999999927e+04 1.080375989639713309e+35
2.063200000000000000e+04 1.045658917998623009e+35
2.063979999999999927e+04 1.019435490178977200e+35
2.064750000000000000e+04 9.844581663193192673e+34
2.065529999999999927e+04 9.405714171046106394e+34
2.066300000000000000e+04 9.057291499273444378e+34
2.067079999999999927e+04 8.838769807078207982e+34
2.067850000000000000e+04 8.579973530602162276e+34
2.068629999999999927e+04 8.255620864345480637e+34
2.069400000000000000e+04 7.970700700543630222e+34
2.070179999999999927e+04 7.754603098617538844e+34
2.070950000000000000e+04 7.531652945991315630e+34
2.071729999999999927e+04 7.268452110950101723e+34
2.072509999999999854e+04 7.017064902430627003e+34
2.073279999999999927e+04 6.818289839440087426e+34
2.074059999999999854e+04 6.687834214275520595e+34
2.074840000000000146e+04 6.581734870500869590e+34
2.075620000000000073e+04 6.412056146246138778e+34
2.076400000000000000e+04 6.207050986219002173e+34
2.077170000000000073e+04 6.077837717141588459e+34
2.077950000000000000e+04 6.005919523851194093e+34
2.078729999999999927e+04 5.909722496539571149e+34
2.079509999999999854e+04 5.797794941411171466e+34
2.080290000000000146e+04 5.703624693943340413e+34
2.081070000000000073e+04 5.657456913870245948e+34
2.081850000000000000e+04 5.625091821331508068e+34
2.082629999999999927e+04 5.562944181600449638e+34
2.083409999999999854e+04 5.541596847043781941e+34
2.084200000000000000e+04 5.599279599231146834e+34
2.084979999999999927e+04 5.651795701520369327e+34
2.085759999999999854e+04 5.656671460436709884e+34
2.086540000000000146e+04 5.673678880827301779e+34
2.087320000000000073e+04 5.782821867207124856e+34
2.088109999999999854e+04 5.933084362223150236e+34
2.088890000000000146e+04 5.996986907668770346e+34
2.089670000000000073e+04 6.040823855345102770e+34
2.090459999999999854e+04 6.211811549193413670e+34
2.091240000000000146e+04 6.452162035305178048e+34
2.092020000000000073e+04 6.630816312771495978e+34
2.092809999999999854e+04 6.768960085150880758e+34
2.093590000000000146e+04 6.936975113569332366e+34
2.094379999999999927e+04 7.155701417717816778e+34
2.095159999999999854e+04 7.424427229814065213e+34
2.095950000000000000e+04 7.722053578387253727e+34
2.096740000000000146e+04 7.993990459124575695e+34
2.097520000000000073e+04 8.226952933968000640e+34
2.098309999999999854e+04 8.488438231259136051e+34
2.099100000000000000e+04 8.756127922059843530e+34
2.099879999999999927e+04 9.005956445043382752e+34
2.100670000000000073e+04 9.352911726782812501e+34
2.101459999999999854e+04 9.757946649445938976e+34
2.102250000000000000e+04 1.007881662598085059e+35
2.103029999999999927e+04 1.028942913577904964e+35
2.103820000000000073e+04 1.056491757269821968e+35
2.104609999999999854e+04 1.094808717796052813e+35
2.105400000000000000e+04 1.131337370499591556e+35
2.106190000000000146e+04 1.159327071851864512e+35
2.106979999999999927e+04 1.183228313118390808e+35
2.107770000000000073e+04 1.214524742820773515e+35
2.108559999999999854e+04 1.250933392176235090e+35
2.109350000000000000e+04 1.285522002781531568e+35
2.110140000000000146e+04 1.325384328168377099e+35
2.110929999999999927e+04 1.369455136439720635e+35
2.111729999999999927e+04 1.406454187542198962e+35
2.112520000000000073e+04 1.435562592314614175e+35
2.113309999999999854e+04 1.462872480011918593e+35
2.114100000000000000e+04 1.504213015903993145e+35
2.114900000000000000e+04 1.556494673932938528e+35
2.115690000000000146e+04 1.591539881946095871e+35
2.116479999999999927e+04 1.612986414337483493e+35
2.117279999999999927e+04 1.645544819867236250e+35
2.118070000000000073e+04 1.685832487637928890e+35
2.118859999999999854e+04 1.721986542439250434e+35
2.119659999999999854e+04 1.754554620875712424e+35
2.120450000000000000e+04 1.787405894537294575e+35
2.121250000000000000e+04 1.819793837600333107e+35
2.122040000000000146e+04 1.847622435892598373e+35
2.122840000000000146e+04 1.879783401702027603e+35
2.123640000000000146e+04 1.913901001927632900e+35
2.124429999999999927e+04 1.940867523334670659e+35
2.125229999999999927e+04 1.976636405914722573e+35
2.126029999999999927e+04 2.014270010624924462e+35
2.126820000000000073e+04 2.038940026266810298e+35
2.127620000000000073e+04 2.061076881090199878e+35
2.128420000000000073e+04 2.091522525710871330e+35
2.129220000000000073e+04 2.125202389294328417e+35
2.130020000000000073e+04 2.144301213091575556e+35
2.130809999999999854e+04 2.145409578585261252e+35
2.131609999999999854e+04 2.155375616674942781e+35
2.132409999999999854e+04 2.184053775037479456e+35
2.133209999999999854e+04 2.203905857730166892e+35
2.134009999999999854e+04 2.205869197135415740e+35
2.134809999999999854e+04 2.208127043394039363e+35
2.135609999999999854e+04 2.215992902259240281e+35
2.136409999999999854e+04 2.229270909564426780e+35
2.137209999999999854e+04 2.240465470911501623e+35
2.138020000000000073e+04 2.243032394464420817e+35
2.138820000000000073e+04 2.241880143354283236e+35
2.139620000000000073e+04 2.241359700193410355e+35
2.140420000000000073e+04 2.242730194447563001e+35
2.141220000000000073e+04 2.248915384676175330e+35
2.142029999999999927e+04 2.235106922852218819e+35
2.142829999999999927e+04 2.183857054240230499e+35
2.143629999999999927e+04 2.155237780700786219e+35
2.144440000000000146e+04 2.204046079193081210e+35
2.145240000000000146e+04 2.239873711850746026e+35
2.146050000000000000e+04 2.172081895501814406e+35
2.146850000000000000e+04 2.097094249406224805e+35
2.147659999999999854e+04 2.103161956086378275e+35
2.148459999999999854e+04 2.139214040121053823e+35
2.149270000000000073e+04 2.135773388349214034e+35
2.150070000000000073e+04 2.100952817599402200e+35
2.150879999999999927e+04 2.075853886136046344e+35
2.151690000000000146e+04 2.066379778044824149e+35
2.152490000000000146e+04 2.051917131234624694e+35
2.153300000000000000e+04 2.023955456427766547e+35
2.154109999999999854e+04 1.998036118349133694e+35
2.154920000000000073e+04 1.988791952223517118e+35
2.155720000000000073e+04 1.986416942893092974e+35
2.156529999999999927e+04 1.980305487255030979e+35
2.157340000000000146e+04 1.971990565714336382e+35
2.158150000000000000e+04 1.965093549358471465e+35
2.158959999999999854e+04 1.962091958880381632e+35
2.159770000000000073e+04 1.959129529978602115e+35
2.160579999999999927e+04 1.954326581199397357e+35
2.161390000000000146e+04 1.956748876327260618e+35
2.162200000000000000e+04 1.970556405888718444e+35
2.163009999999999854e+04 1.981225066110384481e+35
2.163820000000000073e+04 1.980829914244570148e+35
2.164629999999999927e+04 1.987957853686537761e+35
2.165450000000000000e+04 2.010438694430531264e+35
2.166259999999999854e+04 2.029702360084204761e+35
2.167070000000000073e+04 2.040889255742726198e+35
2.167879999999999927e+04 2.054911325353871953e+35
2.168700000000000000e+04 2.075823115769047429e+35
2.169509999999999854e+04 2.098035327435955871e+35
2.170320000000000073e+04 2.123380807658879328e+35
2.171140000000000146e+04 2.153730030269736557e+35
2.171950000000000000e+04 2.184383337029109553e+35
2.172759999999999854e+04 2.217094733359127670e+35
2.173579999999999927e+04 2.244185631764611817e+35
2.174390000000000146e+04 2.254920181672665247e+35
2.175209999999999854e+04 2.285967473511285915e+35
2.176029999999999927e+04 2.338008995553966356e+35
2.176840000000000146e+04 2.378412318041732049e+35
2.177659999999999854e+04 2.405714824365850824e+35
2.178470000000000073e+04 2.415792058627340440e+35
2.179290000000000146e+04 2.438013311185390364e+35
2.180109999999999854e+04 2.500425226375360984e+35
2.180929999999999927e+04 2.565140643826347955e+35
2.181740000000000146e+04 2.617767653658924967e+35
2.182559999999999854e+04 2.657115445366313350e+35
2.183379999999999927e+04 2.687296883678622115e+35
2.184200000000000000e+04 2.740288680623430530e+35
2.185020000000000073e+04 2.818497072950672500e+35
2.185840000000000146e+04 2.879302906185209959e+35
2.186659999999999854e+04 2.919621567680614076e+35
2.187479999999999927e+04 2.984570888201958703e+35
2.188300000000000000e+04 3.069406080347515978e+35
2.189120000000000073e+04 3.134247616657763793e+35
2.189940000000000146e+04 3.186794753438090896e+35
2.190759999999999854e+04 3.254244172235048820e+35
2.191579999999999927e+04 3.341493002664643925e+35
2.192400000000000000e+04 3.423990746770671209e+35
2.193229999999999927e+04 3.492304834279620054e+35
2.194050000000000000e+04 3.561253150935597097e+35
2.194870000000000073e+04 3.644798978475572667e+35
2.195690000000000146e+04 3.720253927133530427e+35
2.196520000000000073e+04 3.773511566425684123e+35
2.197340000000000146e+04 3.849151645691118768e+35
2.198170000000000073e+04 3.938049883062788146e+35
2.198990000000000146e+04 4.005677180354755061e+35
2.199809999999999854e+04 4.069846645424434556e+35
2.200640000000000146e+04 4.152560830483850852e+35
2.201459999999999854e+04 4.255261537599406742e+35
2.202290000000000146e+04 4.355580050163057018e+35
2.203120000000000073e+04 4.437405250963960691e+35
2.203940000000000146e+04 4.502639269293757392e+35
2.204770000000000073e+04 4.560661190425518139e+35
2.205600000000000000e+04 4.627042121444756646e+35
2.206420000000000073e+04 4.711655897549694053e+35
2.207250000000000000e+04 4.824371981451310736e+35
2.208079999999999927e+04 4.939798330808248194e+35
2.208909999999999854e+04 5.005298774075706290e+35
2.209729999999999927e+04 5.043853859356297422e+35
2.210559999999999854e+04 5.125783127273830958e+35
2.211390000000000146e+04 5.232073248896021985e+35
2.212220000000000073e+04 5.313641910261774399e+35
2.213050000000000000e+04 5.400482046930295598e+35
2.213879999999999927e+04 5.501895998511362784e+35
2.214709999999999854e+04 5.559772356504996440e+35
2.215540000000000146e+04 5.539879229971405803e+35
2.216370000000000073e+04 5.535917580788172290e+35
2.217200000000000000e+04 5.665287688070504352e+35
2.218029999999999927e+04 5.837777802608739463e+35
2.218870000000000073e+04 5.861663440835636703e+35
2.219700000000000000e+04 5.801930097353486220e+35
2.220529999999999927e+04 5.840950860987898167e+35
2.221359999999999854e+04 5.966689095527985336e+35
2.222200000000000000e+04 6.063253380912574301e+35
2.223029999999999927e+04 6.103227472645102947e+35
2.223859999999999854e+04 6.120136337729346913e+35
2.224700000000000000e+04 6.115038594403077850e+35
2.225529999999999927e+04 6.120421370554537763e+35
2.226370000000000073e+04 6.166157569654703071e+35
2.227200000000000000e+04 6.189107732103702107e+35
2.228040000000000146e+04 6.180691638015868137e+35
2.228870000000000073e+04 6.197067395174847060e+35
2.229709999999999854e+04 6.232305376913142824e+35
2.230540000000000146e+04 6.246130591839370621e+35
2.231379999999999927e+04 6.234966940230376060e+35
2.232220000000000073e+04 6.227024708276516433e+35
2.233050000000000000e+04 6.232473877061913041e+35
2.233890000000000146e+04 6.229563387440620026e+35
2.234729999999999927e+04 6.226786883227693957e+35
2.235570000000000073e+04 6.243313063500795703e+35
2.236409999999999854e+04 6.260037827123249738e+35
2.237240000000000146e+04 6.263905726390917058e+35
2.238079999999999927e+04 6.247389998086707075e+35
2.238920000000000073e+04 6.164775195291507595e+35
2.239759999999999854e+04 6.042175664543331429e+35
2.240600000000000000e+04 6.013458873547313880e+35
2.241440000000000146e+04 6.090101631298867989e+35
2.242279999999999927e+04 6.092690288262791499e+35
2.243120000000000073e+04 5.938395311322553913e+35
2.243959999999999854e+04 5.793850740111205547e+35
2.244809999999999854e+04 5.783393174818806552e+35
2.245650000000000000e+04 5.807226099834652221e+35
2.246490000000000146e+04 5.755066429478035145e+35
2.247329999999999927e+04 5.652936470265901550e+35
2.248179999999999927e+04 5.566322914018996029e+35
2.249020000000000073e+04 5.478479977065000825e+35
2.249859999999999854e+04 5.358700180722863283e+35
2.250709999999999854e+04 5.260010956878969762e+35
2.251550000000000000e+04 5.191509250509115600e+35
2.252390000000000146e+04 5.108293611153445283e+35
2.253240000000000146e+04 4.996235392086087763e+35
2.254079999999999927e+04 4.879225179138169206e+35
2.254929999999999927e+04 4.768426857254117747e+35
2.255770000000000073e+04 4.664278483877587468e+35
2.256620000000000073e+04 4.578602723934836091e+35
2.257470000000000073e+04 4.502854840091780234e+35
2.258309999999999854e+04 4.403951986895481135e+35
2.259159999999999854e+04 4.274803310243191837e+35
2.260009999999999854e+04 4.145056621192536618e+35
2.260850000000000000e+04 4.021999388306005223e+35
2.261700000000000000e+04 3.905875523487466427e+35
2.262550000000000000e+04 3.795865114531581160e+35
2.263400000000000000e+04 3.677049038950016407e+35
2.264250000000000000e+04 3.579719305131589429e+35
2.265100000000000000e+04 3.501920109853427465e+35
2.265950000000000000e+04 3.388142032115376744e+35
2.266800000000000000e+04 3.262262418917528908e+35
2.267650000000000000e+04 3.164182342625303136e+35
2.268500000000000000e+04 3.072291327917802527e+35
2.269350000000000000e+04 2.957169664383503021e+35
2.270200000000000000e+04 2.830887761232291499e+35
2.271050000000000000e+04 2.714051344893423104e+35
2.271900000000000000e+04 2.611200494034528260e+35
2.272750000000000000e+04 2.515507616231912417e+35
2.273609999999999854e+04 2.416967473746078028e+35
2.274459999999999854e+04 2.326909346756587751e+35
2.275309999999999854e+04 2.242049224400072093e+35
2.276159999999999854e+04 2.149694747289911967e+35
2.277020000000000073e+04 2.054197428696869683e+35
2.277870000000000073e+04 1.971710425010538575e+35
2.278729999999999927e+04 1.905535927238205033e+35
2.279579999999999927e+04 1.839413311671968760e+35
2.280440000000000146e+04 1.771364974049663176e+35
2.281290000000000146e+04 1.691448384517971533e+35
2.282150000000000000e+04 1.603273636376053617e+35
2.283000000000000000e+04 1.541050515427519676e+35
2.283859999999999854e+04 1.505831753352631180e+35
2.284709999999999854e+04 1.465400902943525337e+35
2.285570000000000073e+04 1.402619097031506416e+35
2.286429999999999927e+04 1.331844666897342011e+35
2.287290000000000146e+04 1.292380599136561671e+35
2.288140000000000146e+04 1.279074177208062829e+35
2.289000000000000000e+04 1.248128003973939576e+35
2.289859999999999854e+04 1.194395739493629766e+35
2.290720000000000073e+04 1.146176071635914814e+35
2.291579999999999927e+04 1.130188952777551392e+35
2.292440000000000146e+04 1.122474845004051777e+35
2.293300000000000000e+04 1.091846153747143251e+35
2.294159999999999854e+04 1.049405300950077670e+35
2.295020000000000073e+04 1.034863805109559063e+35
2.295879999999999927e+04 1.039146120973452312e+35
2.296740000000000146e+04 1.024345470010429321e+35
2.297600000000000000e+04 9.967025178496961249e+34
2.298459999999999854e+04 9.794366210687845566e+34
2.299320000000000073e+04 9.816205199196113445e+34
2.300190000000000146e+04 9.924685560038253783e+34
2.301050000000000000e+04 9.953133393103010317e+34
2.301909999999999854e+04 9.854037878685853543e+34
2.302770000000000073e+04 9.797936799587077602e+34
2.303640000000000146e+04 9.891219153309489259e+34
2.304500000000000000e+04 1.005897124228845472e+35
2.305370000000000073e+04 1.015606075234993301e+35
2.306229999999999927e+04 1.019734740751479939e+35
2.307090000000000146e+04 1.030162298508426006e+35
2.307959999999999854e+04 1.041539834777724271e+35
2.308829999999999927e+04 1.051920206808590377e+35
2.309690000000000146e+04 1.072336907212406762e+35
2.310559999999999854e+04 1.101647794760338398e+35
2.311420000000000073e+04 1.127063124046073444e+35
2.312290000000000146e+04 1.148199881951249832e+35
2.313159999999999854e+04 1.167247619801314238e+35
2.314029999999999927e+04 1.193511927226789089e+35
2.314890000000000146e+04 1.225981699590636172e+35
2.315759999999999854e+04 1.250795424582308875e+35
2.316629999999999927e+04 1.271528816032950284e+35
2.317500000000000000e+04 1.293841173754986697e+35
2.318370000000000073e+04 1.310529984510042359e+35
2.319240000000000146e+04 1.336261681539549829e+35
2.320109999999999854e+04 1.376090602979049474e+35
2.320979999999999927e+04 1.403406812580023470e+35
2.321850000000000000e+04 1.426081953968731293e+35
2.322720000000000073e+04 1.455821541506151296e+35
2.323590000000000146e+04 1.482832759175280937e+35
2.324459999999999854e+04 1.503082029284217861e+35
2.325329999999999927e+04 1.519835399284126480e+35
2.326200000000000000e+04 1.541672816682213040e+35
2.327079999999999927e+04 1.574839710962516442e+35
2.327950000000000000e+04 1.609677246909127534e+35
2.328820000000000073e+04 1.628684827849308067e+35
2.329690000000000146e+04 1.645906554645761648e+35
2.330570000000000073e+04 1.672433967523366936e+35
2.331440000000000146e+04 1.694807463812062776e+35
2.332320000000000073e+04 1.704764517713144802e+35
2.333190000000000146e+04 1.715002033712146546e+35
2.334070000000000073e+04 1.737699800933574815e+35
2.334940000000000146e+04 1.761414651178997063e+35
2.335820000000000073e+04 1.779023790563854415e+35
2.336690000000000146e+04 1.789900576833840297e+35
2.337570000000000073e+04 1.799224074665452279e+35
2.338450000000000000e+04 1.822285915025590733e+35
2.339320000000000073e+04 1.849215301887052272e+35
2.340200000000000000e+04 1.860421771309380646e+35
2.341079999999999927e+04 1.862816461236139221e+35
2.341959999999999854e+04 1.876356478498314805e+35
2.342829999999999927e+04 1.902747364307165138e+35
2.343709999999999854e+04 1.924631610342603168e+35
2.344590000000000146e+04 1.908660580068208188e+35
2.345470000000000073e+04 1.857285455994908001e+35
2.346350000000000000e+04 1.844546609577201661e+35
2.347229999999999927e+04 1.919219356973758297e+35
2.348109999999999854e+04 1.979620777300767605e+35
2.348990000000000146e+04 1.918264810146915597e+35
2.349870000000000073e+04 1.837463646861087133e+35
2.350750000000000000e+04 1.844761755447702597e+35
2.351629999999999927e+04 1.895738191389735661e+35
2.352520000000000073e+04 1.910567064415352987e+35
2.353400000000000000e+04 1.884518425734893610e+35
2.354279999999999927e+04 1.854976991903950590e+35
2.355159999999999854e+04 1.843489000735234384e+35
2.356050000000000000e+04 1.845815557607693081e+35
2.356929999999999927e+04 1.830581510266375449e+35
2.357809999999999854e+04 1.795889787240619866e+35
2.358700000000000000e+04 1.773855543668296643e+35
2.359579999999999927e+04 1.765287596781148899e+35
2.360470000000000073e+04 1.749639201494011405e+35
2.361350000000000000e+04 1.728464226879295123e+35
2.362240000000000146e+04 1.703575125067714329e+35
2.363120000000000073e+04 1.678209306418290721e+35
2.364009999999999854e+04 1.666459466795836801e+35
2.364900000000000000e+04 1.656590166868170163e+35
2.365779999999999927e+04 1.630100523188943186e+35
2.366670000000000073e+04 1.600627504328190785e+35
2.367559999999999854e+04 1.585423838200694821e+35
2.368450000000000000e+04 1.569213893287601066e+35
2.369329999999999927e+04 1.536592276740411876e+35
2.370220000000000073e+04 1.501290035565595446e+35
2.371109999999999854e+04 1.472303413017815431e+35
2.372000000000000000e+04 1.450115131207882209e+35
2.372890000000000146e+04 1.427682519320174731e+35
2.373779999999999927e+04 1.398006261805616417e+35
2.374670000000000073e+04 1.364907353378724856e+35
2.375559999999999854e+04 1.339898089943398062e+35
2.376450000000000000e+04 1.312225103441176000e+35
2.377340000000000146e+04 1.270000820817451904e+35
2.378229999999999927e+04 1.237791695102820402e+35
2.379129999999999927e+04 1.217518548998277183e+35
2.380020000000000073e+04 1.195475319915409865e+35
2.380909999999999854e+04 1.169565186831873010e+35
2.381800000000000000e+04 1.135728129284688020e+35
2.382700000000000000e+04 1.097529150453300449e+35
2.383590000000000146e+04 1.066074766371026025e+35
2.384479999999999927e+04 1.037147288923058708e+35
2.385379999999999927e+04 1.003305727104128713e+35
2.386270000000000073e+04 9.661982735100807878e+34
2.387170000000000073e+04 9.259723483222499199e+34
2.388059999999999854e+04 8.936073352923750428e+34
2.388959999999999854e+04 8.705594172058808077e+34
2.389850000000000000e+04 8.447063601902672786e+34
2.390750000000000000e+04 8.180279483537008667e+34
2.391650000000000000e+04 7.926328515425865021e+34
2.392540000000000146e+04 7.556333004689371551e+34
2.393440000000000146e+04 7.130862562924954745e+34
2.394340000000000146e+04 6.813593130192098825e+34
2.395240000000000146e+04 6.597858332376995574e+34
2.396129999999999927e+04 6.345434813568662785e+34
2.397029999999999927e+04 5.964631199927348149e+34
2.397929999999999927e+04 5.548030583297294438e+34
2.398829999999999927e+04 5.209575147474727773e+34
2.399729999999999927e+04 4.942931629186454698e+34
2.400629999999999927e+04 4.692735006415070479e+34
2.401529999999999927e+04 4.378140938527986238e+34
2.402429999999999927e+04 3.995951370999298175e+34
2.403329999999999927e+04 3.690717629020826410e+34
2.404229999999999927e+04 3.473882541560455500e+34
2.405140000000000146e+04 3.218971245539080775e+34
2.406040000000000146e+04 2.901284378389080159e+34
2.406940000000000146e+04 2.623545034893996922e+34
2.407840000000000146e+04 2.434393533404116023e+34
2.408750000000000000e+04 2.240241968098150140e+34
2.409650000000000000e+04 1.988777816115506778e+34
2.410550000000000000e+04 1.750564078394555529e+34
2.411459999999999854e+04 1.588455462936094201e+34
2.412359999999999854e+04 1.469297506926949133e+34
2.413270000000000073e+04 1.336701125336244647e+34
2.414170000000000073e+04 1.176102145766117496e+34
2.415079999999999927e+04 1.034796879216731800e+34
2.415979999999999927e+04 9.541452585594589607e+33
2.416890000000000146e+04 8.839254088311716596e+33
2.417790000000000146e+04 7.844627976215155410e+33
2.418700000000000000e+04 6.879006533229718135e+33
2.419609999999999854e+04 6.262910714506587502e+33
2.420509999999999854e+04 5.818756057998552076e+33
2.421420000000000073e+04 5.300145211160460347e+33
2.422329999999999927e+04 4.785367223897714502e+33
2.423240000000000146e+04 4.409742554001166202e+33
2.424150000000000000e+04 4.161985533730404498e+33
2.425059999999999854e+04 3.955279576758040269e+33
2.425970000000000073e+04 3.748303590206389788e+33
2.426879999999999927e+04 3.583190614525001448e+33
2.427790000000000146e+04 3.489491100618176818e+33
2.428700000000000000e+04 3.411239826848732612e+33
2.429609999999999854e+04 3.318859267413105551e+33
2.430520000000000073e+04 3.252038026403953048e+33
2.431429999999999927e+04 3.242807518698832740e+33
2.432340000000000146e+04 3.265088021684964433e+33
2.433250000000000000e+04 3.298622579390143471e+33
2.434170000000000073e+04 3.338059896137497887e+33
2.435079999999999927e+04 3.363235921101189509e+33
2.435990000000000146e+04 3.398496298394674520e+33
2.436909999999999854e+04 3.458677785668251824e+33
2.437820000000000073e+04 3.540176998380982878e+33
2.438729999999999927e+04 3.633011704142745514e+33
2.439650000000000000e+04 3.719322142833648887e+33
2.440559999999999854e+04 3.794916439494359007e+33
2.441479999999999927e+04 3.885456635118261943e+33
2.442390000000000146e+04 4.009776222039535229e+33
2.443309999999999854e+04 4.150555545403819417e+33
2.444229999999999927e+04 4.269312936380825097e+33
2.445140000000000146e+04 4.350046251341777663e+33
2.446059999999999854e+04 4.444135098100142046e+33
2.446979999999999927e+04 4.602526569128937046e+33
2.447890000000000146e+04 4.785387439589687688e+33
2.448809999999999854e+04 4.908634528656422874e+33
2.449729999999999927e+04 5.003325775645954112e+33
2.450650000000000000e+04 5.160692057885075537e+33
2.451570000000000073e+04 5.340833020990176210e+33
2.452490000000000146e+04 5.466591737974155453e+33
2.453409999999999854e+04 5.570641824899882412e+33
2.454329999999999927e+04 5.739605169925578456e+33
2.455250000000000000e+04 5.985434568864574252e+33
2.456170000000000073e+04 6.193165194557464729e+33
2.457090000000000146e+04 6.304693181487262096e+33
2.458009999999999854e+04 6.411536076151598787e+33
2.458929999999999927e+04 6.562329339385927285e+33
2.459850000000000000e+04 6.733885914687589309e+33
2.460779999999999927e+04 6.903141110596448687e+33
2.461700000000000000e+04 7.046636220541429952e+33
2.462620000000000073e+04 7.210961861778892048e+33
2.463550000000000000e+04 7.413254936145228556e+33
2.464470000000000073e+04 7.578610931293159030e+33
2.465390000000000146e+04 7.702248485980264397e+33
2.466320000000000073e+04 7.832385136225909800e+33
2.467240000000000146e+04 7.975325060006439298e+33
2.468170000000000073e+04 8.143192349495756920e+33
2.469090000000000146e+04 8.326877563776114185e+33
2.470020000000000073e+04 8.464483120541365152e+33
2.470950000000000000e+04 8.497586447767000601e+33
2.471870000000000073e+04 8.530331660531075431e+33
2.472800000000000000e+04 8.748697008047830041e+33
2.473729999999999927e+04 8.971404609757362239e+33
2.474650000000000000e+04 8.887995629279115402e+33
2.475579999999999927e+04 8.746450040829522728e+33
2.476509999999999854e+04 8.866691155433982454e+33
2.477440000000000146e+04 9.072091752374410230e+33
2.478370000000000073e+04 9.108851962950976253e+33
2.479300000000000000e+04 9.047673462877518490e+33
2.480229999999999927e+04 9.013289529312048333e+33
2.481159999999999854e+04 9.008098912065353284e+33
2.482090000000000146e+04 9.003928751830415230e+33
2.483020000000000073e+04 8.972436198806359421e+33
2.483950000000000000e+04 8.898260395662709365e+33
2.484879999999999927e+04 8.825460601630258951e+33
2.485809999999999854e+04 8.807899790429524797e+33
2.486750000000000000e+04 8.835817853641293714e+33
2.487679999999999927e+04 8.809002960753812024e+33
2.488609999999999854e+04 8.695176722239530246e+33
2.489540000000000146e+04 8.592786025741685227e+33
2.490479999999999927e+04 8.563879914296591475e+33
2.491409999999999854e+04 8.536296267397024327e+33
2.492350000000000000e+04 8.465438683721808420e+33
2.493279999999999927e+04 8.403254983776666143e+33
2.494220000000000073e+04 8.365438111620498307e+33
2.495150000000000000e+04 8.322049119277459124e+33
2.496090000000000146e+04 8.246413368506074386e+33
2.497020000000000073e+04 8.118946683380885983e+33
2.497959999999999854e+04 8.002017976430974436e+33
2.498900000000000000e+04 7.964179809827477351e+33
2.499829999999999927e+04 7.938955121768563324e+33
2.500770000000000073e+04 7.819479935789210741e+33
2.501709999999999854e+04 7.633016552586314242e+33
2.502650000000000000e+04 7.504399631008877194e+33
2.503590000000000146e+04 7.436639659175289377e+33
2.504520000000000073e+04 7.341313874931568863e+33
2.505459999999999854e+04 7.198191054430454347e+33
2.506400000000000000e+04 7.038689668859643463e+33
2.507340000000000146e+04 6.889028073312612838e+33
2.508279999999999927e+04 6.748218148083914434e+33
2.509220000000000073e+04 6.590784307816240932e+33
2.510159999999999854e+04 6.445633367407293314e+33
2.511109999999999854e+04 6.328450099785839957e+33
2.512050000000000000e+04 6.181051802731789715e+33
2.512990000000000146e+04 6.006519790437290794e+33
2.513929999999999927e+04 5.865907191032344934e+33
2.514870000000000073e+04 5.724061166483856134e+33
2.515820000000000073e+04 5.491914554241476960e+33
2.516759999999999854e+04 4.942309280503255559e+33
2.517700000000000000e+04 3.649272371072257991e+33
2.518650000000000000e+04 2.155817027867919198e+33
